[     389ms] [INFO] %cDownload the React DevTools for a better development experience: https://react.dev/link/react-devtools font-weight:bold @ http://localhost:3001/_next/static/chunks/node_modules_next_dist_1e8vcs8._.js:776
[     429ms] [LOG] [HMR] connected @ http://localhost:3001/_next/static/chunks/node_modules_next_dist_1e8vcs8._.js:776
[     667ms] [LOG] [Fast Refresh] rebuilding @ http://localhost:3001/_next/static/chunks/node_modules_next_dist_1e8vcs8._.js:776
[     835ms] [LOG] [Fast Refresh] done in 289ms @ http://localhost:3001/_next/static/chunks/node_modules_next_dist_1e8vcs8._.js:776
[   33421ms] [LOG] [Fast Refresh] rebuilding @ http://localhost:3001/_next/static/chunks/node_modules_next_dist_1e8vcs8._.js:776
[   33487ms] [LOG] [Fast Refresh] done in 178ms @ http://localhost:3001/_next/static/chunks/node_modules_next_dist_1e8vcs8._.js:776
[  137080ms] [LOG] [Fast Refresh] rebuilding @ http://localhost:3001/_next/static/chunks/node_modules_next_dist_1e8vcs8._.js:776
[  137193ms] [LOG] [Fast Refresh] done in 146ms @ http://localhost:3001/_next/static/chunks/node_modules_next_dist_1e8vcs8._.js:776
[  151769ms] [LOG] [Fast Refresh] rebuilding @ http://localhost:3001/_next/static/chunks/node_modules_next_dist_1e8vcs8._.js:776
[  151878ms] [LOG] [Fast Refresh] done in 44ms @ http://localhost:3001/_next/static/chunks/node_modules_next_dist_1e8vcs8._.js:776
[  151916ms] [LOG] [Fast Refresh] done in 44ms @ http://localhost:3001/_next/static/chunks/node_modules_next_dist_1e8vcs8._.js:776
[  151975ms] [LOG] [Fast Refresh] done in 44ms @ http://localhost:3001/_next/static/chunks/node_modules_next_dist_1e8vcs8._.js:776
[  152023ms] [LOG] [Fast Refresh] done in 44ms @ http://localhost:3001/_next/static/chunks/node_modules_next_dist_1e8vcs8._.js:776
[  152111ms] [LOG] [Fast Refresh] done in 44ms @ http://localhost:3001/_next/static/chunks/node_modules_next_dist_1e8vcs8._.js:776
[  152164ms] [LOG] [Fast Refresh] done in 44ms @ http://localhost:3001/_next/static/chunks/node_modules_next_dist_1e8vcs8._.js:776
[  152227ms] [LOG] [Fast Refresh] done in 44ms @ http://localhost:3001/_next/static/chunks/node_modules_next_dist_1e8vcs8._.js:776
[  152288ms] [LOG] [Fast Refresh] done in 44ms @ http://localhost:3001/_next/static/chunks/node_modules_next_dist_1e8vcs8._.js:776
[  152350ms] [LOG] [Fast Refresh] done in 44ms @ http://localhost:3001/_next/static/chunks/node_modules_next_dist_1e8vcs8._.js:776
[  152411ms] [LOG] [Fast Refresh] done in 44ms @ http://localhost:3001/_next/static/chunks/node_modules_next_dist_1e8vcs8._.js:776
[  152473ms] [LOG] [Fast Refresh] done in 44ms @ http://localhost:3001/_next/static/chunks/node_modules_next_dist_1e8vcs8._.js:776
[  152535ms] [LOG] [Fast Refresh] done in 44ms @ http://localhost:3001/_next/static/chunks/node_modules_next_dist_1e8vcs8._.js:776
[  152597ms] [LOG] [Fast Refresh] done in 44ms @ http://localhost:3001/_next/static/chunks/node_modules_next_dist_1e8vcs8._.js:776
[  152658ms] [LOG] [Fast Refresh] done in 44ms @ http://localhost:3001/_next/static/chunks/node_modules_next_dist_1e8vcs8._.js:776
[  152720ms] [LOG] [Fast Refresh] done in 44ms @ http://localhost:3001/_next/static/chunks/node_modules_next_dist_1e8vcs8._.js:776
[  152773ms] [LOG] [Fast Refresh] done in 44ms @ http://localhost:3001/_next/static/chunks/node_modules_next_dist_1e8vcs8._.js:776
[  152836ms] [LOG] [Fast Refresh] done in 44ms @ http://localhost:3001/_next/static/chunks/node_modules_next_dist_1e8vcs8._.js:776
[  152891ms] [LOG] [Fast Refresh] done in 44ms @ http://localhost:3001/_next/static/chunks/node_modules_next_dist_1e8vcs8._.js:776
[  152940ms] [LOG] [Fast Refresh] done in 44ms @ http://localhost:3001/_next/static/chunks/node_modules_next_dist_1e8vcs8._.js:776
[  152991ms] [LOG] [Fast Refresh] done in 44ms @ http://localhost:3001/_next/static/chunks/node_modules_next_dist_1e8vcs8._.js:776
[  153055ms] [LOG] [Fast Refresh] done in 44ms @ http://localhost:3001/_next/static/chunks/node_modules_next_dist_1e8vcs8._.js:776
[  153119ms] [LOG] [Fast Refresh] done in 44ms @ http://localhost:3001/_next/static/chunks/node_modules_next_dist_1e8vcs8._.js:776
[  153188ms] [LOG] [Fast Refresh] done in 44ms @ http://localhost:3001/_next/static/chunks/node_modules_next_dist_1e8vcs8._.js:776
[  153239ms] [LOG] [Fast Refresh] done in 44ms @ http://localhost:3001/_next/static/chunks/node_modules_next_dist_1e8vcs8._.js:776
[  153289ms] [LOG] [Fast Refresh] done in 44ms @ http://localhost:3001/_next/static/chunks/node_modules_next_dist_1e8vcs8._.js:776
[  153339ms] [LOG] [Fast Refresh] done in 44ms @ http://localhost:3001/_next/static/chunks/node_modules_next_dist_1e8vcs8._.js:776
[  153404ms] [LOG] [Fast Refresh] done in 44ms @ http://localhost:3001/_next/static/chunks/node_modules_next_dist_1e8vcs8._.js:776
[  153456ms] [LOG] [Fast Refresh] done in 44ms @ http://localhost:3001/_next/static/chunks/node_modules_next_dist_1e8vcs8._.js:776
[  153507ms] [LOG] [Fast Refresh] done in 44ms @ http://localhost:3001/_next/static/chunks/node_modules_next_dist_1e8vcs8._.js:776
[  153557ms] [LOG] [Fast Refresh] done in 44ms @ http://localhost:3001/_next/static/chunks/node_modules_next_dist_1e8vcs8._.js:776
[  153606ms] [LOG] [Fast Refresh] done in 44ms @ http://localhost:3001/_next/static/chunks/node_modules_next_dist_1e8vcs8._.js:776
[  153670ms] [LOG] [Fast Refresh] done in 44ms @ http://localhost:3001/_next/static/chunks/node_modules_next_dist_1e8vcs8._.js:776
[  153720ms] [LOG] [Fast Refresh] done in 44ms @ http://localhost:3001/_next/static/chunks/node_modules_next_dist_1e8vcs8._.js:776
[  153774ms] [LOG] [Fast Refresh] done in 44ms @ http://localhost:3001/_next/static/chunks/node_modules_next_dist_1e8vcs8._.js:776
[  153823ms] [LOG] [Fast Refresh] done in 44ms @ http://localhost:3001/_next/static/chunks/node_modules_next_dist_1e8vcs8._.js:776
[  153873ms] [LOG] [Fast Refresh] done in 44ms @ http://localhost:3001/_next/static/chunks/node_modules_next_dist_1e8vcs8._.js:776
[  153922ms] [LOG] [Fast Refresh] done in 44ms @ http://localhost:3001/_next/static/chunks/node_modules_next_dist_1e8vcs8._.js:776
[  153973ms] [LOG] [Fast Refresh] done in 44ms @ http://localhost:3001/_next/static/chunks/node_modules_next_dist_1e8vcs8._.js:776
[  154023ms] [LOG] [Fast Refresh] done in 44ms @ http://localhost:3001/_next/static/chunks/node_modules_next_dist_1e8vcs8._.js:776
[  154073ms] [LOG] [Fast Refresh] done in 44ms @ http://localhost:3001/_next/static/chunks/node_modules_next_dist_1e8vcs8._.js:776
[  154122ms] [LOG] [Fast Refresh] done in 44ms @ http://localhost:3001/_next/static/chunks/node_modules_next_dist_1e8vcs8._.js:776
[  154186ms] [LOG] [Fast Refresh] done in 44ms @ http://localhost:3001/_next/static/chunks/node_modules_next_dist_1e8vcs8._.js:776
[  154239ms] [LOG] [Fast Refresh] done in 44ms @ http://localhost:3001/_next/static/chunks/node_modules_next_dist_1e8vcs8._.js:776
[  154289ms] [LOG] [Fast Refresh] done in 44ms @ http://localhost:3001/_next/static/chunks/node_modules_next_dist_1e8vcs8._.js:776
[  154339ms] [LOG] [Fast Refresh] done in 44ms @ http://localhost:3001/_next/static/chunks/node_modules_next_dist_1e8vcs8._.js:776
[  154389ms] [LOG] [Fast Refresh] done in 44ms @ http://localhost:3001/_next/static/chunks/node_modules_next_dist_1e8vcs8._.js:776
[  154440ms] [LOG] [Fast Refresh] done in 44ms @ http://localhost:3001/_next/static/chunks/node_modules_next_dist_1e8vcs8._.js:776
[  154490ms] [LOG] [Fast Refresh] done in 44ms @ http://localhost:3001/_next/static/chunks/node_modules_next_dist_1e8vcs8._.js:776
[  154539ms] [LOG] [Fast Refresh] done in 44ms @ http://localhost:3001/_next/static/chunks/node_modules_next_dist_1e8vcs8._.js:776
[  154591ms] [LOG] [Fast Refresh] done in 44ms @ http://localhost:3001/_next/static/chunks/node_modules_next_dist_1e8vcs8._.js:776
[  154639ms] [LOG] [Fast Refresh] done in 44ms @ http://localhost:3001/_next/static/chunks/node_modules_next_dist_1e8vcs8._.js:776
[  154690ms] [LOG] [Fast Refresh] done in 44ms @ http://localhost:3001/_next/static/chunks/node_modules_next_dist_1e8vcs8._.js:776
[  154740ms] [LOG] [Fast Refresh] done in 44ms @ http://localhost:3001/_next/static/chunks/node_modules_next_dist_1e8vcs8._.js:776
[  154789ms] [LOG] [Fast Refresh] done in 44ms @ http://localhost:3001/_next/static/chunks/node_modules_next_dist_1e8vcs8._.js:776
[  154855ms] [LOG] [Fast Refresh] done in 44ms @ http://localhost:3001/_next/static/chunks/node_modules_next_dist_1e8vcs8._.js:776
[  154918ms] [LOG] [Fast Refresh] done in 44ms @ http://localhost:3001/_next/static/chunks/node_modules_next_dist_1e8vcs8._.js:776
[  154972ms] [LOG] [Fast Refresh] done in 44ms @ http://localhost:3001/_next/static/chunks/node_modules_next_dist_1e8vcs8._.js:776
[  155023ms] [LOG] [Fast Refresh] done in 44ms @ http://localhost:3001/_next/static/chunks/node_modules_next_dist_1e8vcs8._.js:776
[  155073ms] [LOG] [Fast Refresh] done in 44ms @ http://localhost:3001/_next/static/chunks/node_modules_next_dist_1e8vcs8._.js:776
[  155123ms] [LOG] [Fast Refresh] done in 44ms @ http://localhost:3001/_next/static/chunks/node_modules_next_dist_1e8vcs8._.js:776
[  155173ms] [LOG] [Fast Refresh] done in 44ms @ http://localhost:3001/_next/static/chunks/node_modules_next_dist_1e8vcs8._.js:776
[  155224ms] [LOG] [Fast Refresh] done in 44ms @ http://localhost:3001/_next/static/chunks/node_modules_next_dist_1e8vcs8._.js:776
[  155274ms] [LOG] [Fast Refresh] done in 44ms @ http://localhost:3001/_next/static/chunks/node_modules_next_dist_1e8vcs8._.js:776
[  155323ms] [LOG] [Fast Refresh] done in 44ms @ http://localhost:3001/_next/static/chunks/node_modules_next_dist_1e8vcs8._.js:776
[  155373ms] [LOG] [Fast Refresh] done in 44ms @ http://localhost:3001/_next/static/chunks/node_modules_next_dist_1e8vcs8._.js:776
[  155423ms] [LOG] [Fast Refresh] done in 44ms @ http://localhost:3001/_next/static/chunks/node_modules_next_dist_1e8vcs8._.js:776
[  155474ms] [LOG] [Fast Refresh] done in 44ms @ http://localhost:3001/_next/static/chunks/node_modules_next_dist_1e8vcs8._.js:776
[  155539ms] [LOG] [Fast Refresh] done in 44ms @ http://localhost:3001/_next/static/chunks/node_modules_next_dist_1e8vcs8._.js:776
[  155589ms] [LOG] [Fast Refresh] done in 44ms @ http://localhost:3001/_next/static/chunks/node_modules_next_dist_1e8vcs8._.js:776
[  155639ms] [LOG] [Fast Refresh] done in 44ms @ http://localhost:3001/_next/static/chunks/node_modules_next_dist_1e8vcs8._.js:776
[  155689ms] [LOG] [Fast Refresh] done in 44ms @ http://localhost:3001/_next/static/chunks/node_modules_next_dist_1e8vcs8._.js:776
[  155755ms] [LOG] [Fast Refresh] done in 44ms @ http://localhost:3001/_next/static/chunks/node_modules_next_dist_1e8vcs8._.js:776
[  155807ms] [LOG] [Fast Refresh] done in 44ms @ http://localhost:3001/_next/static/chunks/node_modules_next_dist_1e8vcs8._.js:776
[  155856ms] [LOG] [Fast Refresh] done in 44ms @ http://localhost:3001/_next/static/chunks/node_modules_next_dist_1e8vcs8._.js:776
[  155911ms] [LOG] [Fast Refresh] done in 44ms @ http://localhost:3001/_next/static/chunks/node_modules_next_dist_1e8vcs8._.js:776
[  155974ms] [LOG] [Fast Refresh] done in 44ms @ http://localhost:3001/_next/static/chunks/node_modules_next_dist_1e8vcs8._.js:776
[  156038ms] [LOG] [Fast Refresh] done in 44ms @ http://localhost:3001/_next/static/chunks/node_modules_next_dist_1e8vcs8._.js:776
[  156104ms] [LOG] [Fast Refresh] done in 44ms @ http://localhost:3001/_next/static/chunks/node_modules_next_dist_1e8vcs8._.js:776
[  156157ms] [LOG] [Fast Refresh] done in 44ms @ http://localhost:3001/_next/static/chunks/node_modules_next_dist_1e8vcs8._.js:776
[  156209ms] [LOG] [Fast Refresh] done in 44ms @ http://localhost:3001/_next/static/chunks/node_modules_next_dist_1e8vcs8._.js:776
[  156257ms] [LOG] [Fast Refresh] done in 44ms @ http://localhost:3001/_next/static/chunks/node_modules_next_dist_1e8vcs8._.js:776
[  156322ms] [LOG] [Fast Refresh] done in 44ms @ http://localhost:3001/_next/static/chunks/node_modules_next_dist_1e8vcs8._.js:776
[  156390ms] [LOG] [Fast Refresh] done in 44ms @ http://localhost:3001/_next/static/chunks/node_modules_next_dist_1e8vcs8._.js:776
[  156453ms] [LOG] [Fast Refresh] done in 44ms @ http://localhost:3001/_next/static/chunks/node_modules_next_dist_1e8vcs8._.js:776
[  156516ms] [LOG] [Fast Refresh] done in 44ms @ http://localhost:3001/_next/static/chunks/node_modules_next_dist_1e8vcs8._.js:776
[  156586ms] [LOG] [Fast Refresh] done in 44ms @ http://localhost:3001/_next/static/chunks/node_modules_next_dist_1e8vcs8._.js:776
[  156708ms] [LOG] [Fast Refresh] done in 44ms @ http://localhost:3001/_next/static/chunks/node_modules_next_dist_1e8vcs8._.js:776
[  156781ms] [LOG] [Fast Refresh] done in 44ms @ http://localhost:3001/_next/static/chunks/node_modules_next_dist_1e8vcs8._.js:776
[  156844ms] [LOG] [Fast Refresh] done in 44ms @ http://localhost:3001/_next/static/chunks/node_modules_next_dist_1e8vcs8._.js:776
[  156907ms] [LOG] [Fast Refresh] done in 44ms @ http://localhost:3001/_next/static/chunks/node_modules_next_dist_1e8vcs8._.js:776
[  156970ms] [LOG] [Fast Refresh] done in 44ms @ http://localhost:3001/_next/static/chunks/node_modules_next_dist_1e8vcs8._.js:776
[  157033ms] [LOG] [Fast Refresh] done in 44ms @ http://localhost:3001/_next/static/chunks/node_modules_next_dist_1e8vcs8._.js:776
[  157086ms] [LOG] [Fast Refresh] done in 44ms @ http://localhost:3001/_next/static/chunks/node_modules_next_dist_1e8vcs8._.js:776
[  157150ms] [LOG] [Fast Refresh] done in 44ms @ http://localhost:3001/_next/static/chunks/node_modules_next_dist_1e8vcs8._.js:776
[  157212ms] [LOG] [Fast Refresh] done in 44ms @ http://localhost:3001/_next/static/chunks/node_modules_next_dist_1e8vcs8._.js:776
[  157276ms] [LOG] [Fast Refresh] done in 44ms @ http://localhost:3001/_next/static/chunks/node_modules_next_dist_1e8vcs8._.js:776
[  157337ms] [LOG] [Fast Refresh] done in 44ms @ http://localhost:3001/_next/static/chunks/node_modules_next_dist_1e8vcs8._.js:776
[  157401ms] [LOG] [Fast Refresh] done in 44ms @ http://localhost:3001/_next/static/chunks/node_modules_next_dist_1e8vcs8._.js:776
[  157461ms] [LOG] [Fast Refresh] done in 44ms @ http://localhost:3001/_next/static/chunks/node_modules_next_dist_1e8vcs8._.js:776
[  157526ms] [LOG] [Fast Refresh] done in 44ms @ http://localhost:3001/_next/static/chunks/node_modules_next_dist_1e8vcs8._.js:776
[  157586ms] [LOG] [Fast Refresh] done in 44ms @ http://localhost:3001/_next/static/chunks/node_modules_next_dist_1e8vcs8._.js:776
[  157649ms] [LOG] [Fast Refresh] done in 44ms @ http://localhost:3001/_next/static/chunks/node_modules_next_dist_1e8vcs8._.js:776
[  157711ms] [LOG] [Fast Refresh] done in 44ms @ http://localhost:3001/_next/static/chunks/node_modules_next_dist_1e8vcs8._.js:776
[  157774ms] [LOG] [Fast Refresh] done in 44ms @ http://localhost:3001/_next/static/chunks/node_modules_next_dist_1e8vcs8._.js:776
[  157838ms] [LOG] [Fast Refresh] done in 44ms @ http://localhost:3001/_next/static/chunks/node_modules_next_dist_1e8vcs8._.js:776
[  157890ms] [LOG] [Fast Refresh] done in 44ms @ http://localhost:3001/_next/static/chunks/node_modules_next_dist_1e8vcs8._.js:776
[  157941ms] [LOG] [Fast Refresh] done in 44ms @ http://localhost:3001/_next/static/chunks/node_modules_next_dist_1e8vcs8._.js:776
[  157990ms] [LOG] [Fast Refresh] done in 44ms @ http://localhost:3001/_next/static/chunks/node_modules_next_dist_1e8vcs8._.js:776
[  158041ms] [LOG] [Fast Refresh] done in 44ms @ http://localhost:3001/_next/static/chunks/node_modules_next_dist_1e8vcs8._.js:776
[  158091ms] [LOG] [Fast Refresh] done in 44ms @ http://localhost:3001/_next/static/chunks/node_modules_next_dist_1e8vcs8._.js:776
[  158156ms] [LOG] [Fast Refresh] done in 44ms @ http://localhost:3001/_next/static/chunks/node_modules_next_dist_1e8vcs8._.js:776
[  158219ms] [LOG] [Fast Refresh] done in 44ms @ http://localhost:3001/_next/static/chunks/node_modules_next_dist_1e8vcs8._.js:776
[  158273ms] [LOG] [Fast Refresh] done in 44ms @ http://localhost:3001/_next/static/chunks/node_modules_next_dist_1e8vcs8._.js:776
[  158323ms] [LOG] [Fast Refresh] done in 44ms @ http://localhost:3001/_next/static/chunks/node_modules_next_dist_1e8vcs8._.js:776
[  158374ms] [LOG] [Fast Refresh] done in 44ms @ http://localhost:3001/_next/static/chunks/node_modules_next_dist_1e8vcs8._.js:776
[  158425ms] [LOG] [Fast Refresh] done in 44ms @ http://localhost:3001/_next/static/chunks/node_modules_next_dist_1e8vcs8._.js:776
[  158487ms] [LOG] [Fast Refresh] done in 44ms @ http://localhost:3001/_next/static/chunks/node_modules_next_dist_1e8vcs8._.js:776
[  158554ms] [LOG] [Fast Refresh] done in 44ms @ http://localhost:3001/_next/static/chunks/node_modules_next_dist_1e8vcs8._.js:776
[  158606ms] [LOG] [Fast Refresh] done in 44ms @ http://localhost:3001/_next/static/chunks/node_modules_next_dist_1e8vcs8._.js:776
[  158672ms] [LOG] [Fast Refresh] done in 44ms @ http://localhost:3001/_next/static/chunks/node_modules_next_dist_1e8vcs8._.js:776
[  158722ms] [LOG] [Fast Refresh] done in 44ms @ http://localhost:3001/_next/static/chunks/node_modules_next_dist_1e8vcs8._.js:776
[  158785ms] [LOG] [Fast Refresh] done in 44ms @ http://localhost:3001/_next/static/chunks/node_modules_next_dist_1e8vcs8._.js:776
[  158840ms] [LOG] [Fast Refresh] done in 44ms @ http://localhost:3001/_next/static/chunks/node_modules_next_dist_1e8vcs8._.js:776
[  158905ms] [LOG] [Fast Refresh] done in 44ms @ http://localhost:3001/_next/static/chunks/node_modules_next_dist_1e8vcs8._.js:776
[  158955ms] [LOG] [Fast Refresh] done in 44ms @ http://localhost:3001/_next/static/chunks/node_modules_next_dist_1e8vcs8._.js:776
[  159007ms] [LOG] [Fast Refresh] done in 44ms @ http://localhost:3001/_next/static/chunks/node_modules_next_dist_1e8vcs8._.js:776
[  159057ms] [LOG] [Fast Refresh] done in 44ms @ http://localhost:3001/_next/static/chunks/node_modules_next_dist_1e8vcs8._.js:776
[  159106ms] [LOG] [Fast Refresh] done in 44ms @ http://localhost:3001/_next/static/chunks/node_modules_next_dist_1e8vcs8._.js:776
[  159158ms] [LOG] [Fast Refresh] done in 44ms @ http://localhost:3001/_next/static/chunks/node_modules_next_dist_1e8vcs8._.js:776
[  159209ms] [LOG] [Fast Refresh] done in 44ms @ http://localhost:3001/_next/static/chunks/node_modules_next_dist_1e8vcs8._.js:776
[  159257ms] [LOG] [Fast Refresh] done in 44ms @ http://localhost:3001/_next/static/chunks/node_modules_next_dist_1e8vcs8._.js:776
[  159320ms] [LOG] [Fast Refresh] done in 44ms @ http://localhost:3001/_next/static/chunks/node_modules_next_dist_1e8vcs8._.js:776
[  159373ms] [LOG] [Fast Refresh] done in 44ms @ http://localhost:3001/_next/static/chunks/node_modules_next_dist_1e8vcs8._.js:776
[  159424ms] [LOG] [Fast Refresh] done in 44ms @ http://localhost:3001/_next/static/chunks/node_modules_next_dist_1e8vcs8._.js:776
[  159490ms] [LOG] [Fast Refresh] done in 44ms @ http://localhost:3001/_next/static/chunks/node_modules_next_dist_1e8vcs8._.js:776
[  159541ms] [LOG] [Fast Refresh] done in 44ms @ http://localhost:3001/_next/static/chunks/node_modules_next_dist_1e8vcs8._.js:776
[  159591ms] [LOG] [Fast Refresh] done in 44ms @ http://localhost:3001/_next/static/chunks/node_modules_next_dist_1e8vcs8._.js:776
[  159657ms] [LOG] [Fast Refresh] done in 44ms @ http://localhost:3001/_next/static/chunks/node_modules_next_dist_1e8vcs8._.js:776
[  159707ms] [LOG] [Fast Refresh] done in 44ms @ http://localhost:3001/_next/static/chunks/node_modules_next_dist_1e8vcs8._.js:776
[  159758ms] [LOG] [Fast Refresh] done in 44ms @ http://localhost:3001/_next/static/chunks/node_modules_next_dist_1e8vcs8._.js:776
[  159807ms] [LOG] [Fast Refresh] done in 44ms @ http://localhost:3001/_next/static/chunks/node_modules_next_dist_1e8vcs8._.js:776
[  159869ms] [LOG] [Fast Refresh] done in 44ms @ http://localhost:3001/_next/static/chunks/node_modules_next_dist_1e8vcs8._.js:776
[  159922ms] [LOG] [Fast Refresh] done in 44ms @ http://localhost:3001/_next/static/chunks/node_modules_next_dist_1e8vcs8._.js:776
[  159989ms] [LOG] [Fast Refresh] done in 44ms @ http://localhost:3001/_next/static/chunks/node_modules_next_dist_1e8vcs8._.js:776
[  160039ms] [LOG] [Fast Refresh] done in 44ms @ http://localhost:3001/_next/static/chunks/node_modules_next_dist_1e8vcs8._.js:776
[  160091ms] [LOG] [Fast Refresh] done in 44ms @ http://localhost:3001/_next/static/chunks/node_modules_next_dist_1e8vcs8._.js:776
[  160141ms] [LOG] [Fast Refresh] done in 44ms @ http://localhost:3001/_next/static/chunks/node_modules_next_dist_1e8vcs8._.js:776
[  160205ms] [LOG] [Fast Refresh] done in 44ms @ http://localhost:3001/_next/static/chunks/node_modules_next_dist_1e8vcs8._.js:776
[  160257ms] [LOG] [Fast Refresh] done in 44ms @ http://localhost:3001/_next/static/chunks/node_modules_next_dist_1e8vcs8._.js:776
[  160306ms] [LOG] [Fast Refresh] done in 44ms @ http://localhost:3001/_next/static/chunks/node_modules_next_dist_1e8vcs8._.js:776
[  160357ms] [LOG] [Fast Refresh] done in 44ms @ http://localhost:3001/_next/static/chunks/node_modules_next_dist_1e8vcs8._.js:776
[  160420ms] [LOG] [Fast Refresh] done in 44ms @ http://localhost:3001/_next/static/chunks/node_modules_next_dist_1e8vcs8._.js:776
[  160473ms] [LOG] [Fast Refresh] done in 44ms @ http://localhost:3001/_next/static/chunks/node_modules_next_dist_1e8vcs8._.js:776
[  160525ms] [LOG] [Fast Refresh] done in 44ms @ http://localhost:3001/_next/static/chunks/node_modules_next_dist_1e8vcs8._.js:776
[  160590ms] [LOG] [Fast Refresh] done in 44ms @ http://localhost:3001/_next/static/chunks/node_modules_next_dist_1e8vcs8._.js:776
[  160654ms] [LOG] [Fast Refresh] done in 44ms @ http://localhost:3001/_next/static/chunks/node_modules_next_dist_1e8vcs8._.js:776
[  160706ms] [LOG] [Fast Refresh] done in 44ms @ http://localhost:3001/_next/static/chunks/node_modules_next_dist_1e8vcs8._.js:776
[  160773ms] [LOG] [Fast Refresh] done in 44ms @ http://localhost:3001/_next/static/chunks/node_modules_next_dist_1e8vcs8._.js:776
[  160822ms] [LOG] [Fast Refresh] done in 44ms @ http://localhost:3001/_next/static/chunks/node_modules_next_dist_1e8vcs8._.js:776
[  160875ms] [LOG] [Fast Refresh] done in 44ms @ http://localhost:3001/_next/static/chunks/node_modules_next_dist_1e8vcs8._.js:776
[  160939ms] [LOG] [Fast Refresh] done in 44ms @ http://localhost:3001/_next/static/chunks/node_modules_next_dist_1e8vcs8._.js:776
[  161001ms] [LOG] [Fast Refresh] done in 44ms @ http://localhost:3001/_next/static/chunks/node_modules_next_dist_1e8vcs8._.js:776
[  161060ms] [LOG] [Fast Refresh] done in 44ms @ http://localhost:3001/_next/static/chunks/node_modules_next_dist_1e8vcs8._.js:776
[  161122ms] [LOG] [Fast Refresh] done in 44ms @ http://localhost:3001/_next/static/chunks/node_modules_next_dist_1e8vcs8._.js:776
[  161174ms] [LOG] [Fast Refresh] done in 44ms @ http://localhost:3001/_next/static/chunks/node_modules_next_dist_1e8vcs8._.js:776
[  161241ms] [LOG] [Fast Refresh] done in 44ms @ http://localhost:3001/_next/static/chunks/node_modules_next_dist_1e8vcs8._.js:776
[  161290ms] [LOG] [Fast Refresh] done in 44ms @ http://localhost:3001/_next/static/chunks/node_modules_next_dist_1e8vcs8._.js:776
[  161340ms] [LOG] [Fast Refresh] done in 44ms @ http://localhost:3001/_next/static/chunks/node_modules_next_dist_1e8vcs8._.js:776
[  161403ms] [LOG] [Fast Refresh] done in 44ms @ http://localhost:3001/_next/static/chunks/node_modules_next_dist_1e8vcs8._.js:776
[  161458ms] [LOG] [Fast Refresh] done in 44ms @ http://localhost:3001/_next/static/chunks/node_modules_next_dist_1e8vcs8._.js:776
[  161523ms] [LOG] [Fast Refresh] done in 44ms @ http://localhost:3001/_next/static/chunks/node_modules_next_dist_1e8vcs8._.js:776
[  161586ms] [LOG] [Fast Refresh] done in 44ms @ http://localhost:3001/_next/static/chunks/node_modules_next_dist_1e8vcs8._.js:776
[  161653ms] [LOG] [Fast Refresh] done in 44ms @ http://localhost:3001/_next/static/chunks/node_modules_next_dist_1e8vcs8._.js:776
[  161716ms] [LOG] [Fast Refresh] done in 44ms @ http://localhost:3001/_next/static/chunks/node_modules_next_dist_1e8vcs8._.js:776
[  161773ms] [LOG] [Fast Refresh] done in 44ms @ http://localhost:3001/_next/static/chunks/node_modules_next_dist_1e8vcs8._.js:776
[  161823ms] [LOG] [Fast Refresh] done in 44ms @ http://localhost:3001/_next/static/chunks/node_modules_next_dist_1e8vcs8._.js:776
[  161874ms] [LOG] [Fast Refresh] done in 44ms @ http://localhost:3001/_next/static/chunks/node_modules_next_dist_1e8vcs8._.js:776
[  161924ms] [LOG] [Fast Refresh] done in 44ms @ http://localhost:3001/_next/static/chunks/node_modules_next_dist_1e8vcs8._.js:776
[  161974ms] [LOG] [Fast Refresh] done in 44ms @ http://localhost:3001/_next/static/chunks/node_modules_next_dist_1e8vcs8._.js:776
[  162036ms] [LOG] [Fast Refresh] done in 44ms @ http://localhost:3001/_next/static/chunks/node_modules_next_dist_1e8vcs8._.js:776
[  162101ms] [LOG] [Fast Refresh] done in 44ms @ http://localhost:3001/_next/static/chunks/node_modules_next_dist_1e8vcs8._.js:776
[  162155ms] [LOG] [Fast Refresh] done in 44ms @ http://localhost:3001/_next/static/chunks/node_modules_next_dist_1e8vcs8._.js:776
[  162219ms] [LOG] [Fast Refresh] done in 44ms @ http://localhost:3001/_next/static/chunks/node_modules_next_dist_1e8vcs8._.js:776
[  162282ms] [LOG] [Fast Refresh] done in 44ms @ http://localhost:3001/_next/static/chunks/node_modules_next_dist_1e8vcs8._.js:776
[  162343ms] [LOG] [Fast Refresh] done in 44ms @ http://localhost:3001/_next/static/chunks/node_modules_next_dist_1e8vcs8._.js:776
[  162405ms] [LOG] [Fast Refresh] done in 44ms @ http://localhost:3001/_next/static/chunks/node_modules_next_dist_1e8vcs8._.js:776
[  162457ms] [LOG] [Fast Refresh] done in 44ms @ http://localhost:3001/_next/static/chunks/node_modules_next_dist_1e8vcs8._.js:776
[  162523ms] [LOG] [Fast Refresh] done in 44ms @ http://localhost:3001/_next/static/chunks/node_modules_next_dist_1e8vcs8._.js:776
[  162588ms] [LOG] [Fast Refresh] done in 44ms @ http://localhost:3001/_next/static/chunks/node_modules_next_dist_1e8vcs8._.js:776
[  162639ms] [LOG] [Fast Refresh] done in 44ms @ http://localhost:3001/_next/static/chunks/node_modules_next_dist_1e8vcs8._.js:776
[  162701ms] [LOG] [Fast Refresh] done in 44ms @ http://localhost:3001/_next/static/chunks/node_modules_next_dist_1e8vcs8._.js:776
[  162763ms] [LOG] [Fast Refresh] done in 44ms @ http://localhost:3001/_next/static/chunks/node_modules_next_dist_1e8vcs8._.js:776
[  162824ms] [LOG] [Fast Refresh] done in 44ms @ http://localhost:3001/_next/static/chunks/node_modules_next_dist_1e8vcs8._.js:776
[  162888ms] [LOG] [Fast Refresh] done in 44ms @ http://localhost:3001/_next/static/chunks/node_modules_next_dist_1e8vcs8._.js:776
[  162950ms] [LOG] [Fast Refresh] done in 44ms @ http://localhost:3001/_next/static/chunks/node_modules_next_dist_1e8vcs8._.js:776
[  163012ms] [LOG] [Fast Refresh] done in 44ms @ http://localhost:3001/_next/static/chunks/node_modules_next_dist_1e8vcs8._.js:776
[  163074ms] [LOG] [Fast Refresh] done in 44ms @ http://localhost:3001/_next/static/chunks/node_modules_next_dist_1e8vcs8._.js:776
[  163139ms] [LOG] [Fast Refresh] done in 44ms @ http://localhost:3001/_next/static/chunks/node_modules_next_dist_1e8vcs8._.js:776
[  163191ms] [LOG] [Fast Refresh] done in 44ms @ http://localhost:3001/_next/static/chunks/node_modules_next_dist_1e8vcs8._.js:776
[  163252ms] [LOG] [Fast Refresh] done in 44ms @ http://localhost:3001/_next/static/chunks/node_modules_next_dist_1e8vcs8._.js:776
[  163316ms] [LOG] [Fast Refresh] done in 44ms @ http://localhost:3001/_next/static/chunks/node_modules_next_dist_1e8vcs8._.js:776
[  163379ms] [LOG] [Fast Refresh] done in 44ms @ http://localhost:3001/_next/static/chunks/node_modules_next_dist_1e8vcs8._.js:776
[  163441ms] [LOG] [Fast Refresh] done in 44ms @ http://localhost:3001/_next/static/chunks/node_modules_next_dist_1e8vcs8._.js:776
[  163503ms] [LOG] [Fast Refresh] done in 44ms @ http://localhost:3001/_next/static/chunks/node_modules_next_dist_1e8vcs8._.js:776
[  163574ms] [LOG] [Fast Refresh] done in 44ms @ http://localhost:3001/_next/static/chunks/node_modules_next_dist_1e8vcs8._.js:776
[  163637ms] [LOG] [Fast Refresh] done in 44ms @ http://localhost:3001/_next/static/chunks/node_modules_next_dist_1e8vcs8._.js:776
[  163700ms] [LOG] [Fast Refresh] done in 44ms @ http://localhost:3001/_next/static/chunks/node_modules_next_dist_1e8vcs8._.js:776
[  163764ms] [LOG] [Fast Refresh] done in 44ms @ http://localhost:3001/_next/static/chunks/node_modules_next_dist_1e8vcs8._.js:776
[  163825ms] [LOG] [Fast Refresh] done in 44ms @ http://localhost:3001/_next/static/chunks/node_modules_next_dist_1e8vcs8._.js:776
[  163889ms] [LOG] [Fast Refresh] done in 44ms @ http://localhost:3001/_next/static/chunks/node_modules_next_dist_1e8vcs8._.js:776
[  163952ms] [LOG] [Fast Refresh] done in 44ms @ http://localhost:3001/_next/static/chunks/node_modules_next_dist_1e8vcs8._.js:776
[  164015ms] [LOG] [Fast Refresh] done in 44ms @ http://localhost:3001/_next/static/chunks/node_modules_next_dist_1e8vcs8._.js:776
[  164077ms] [LOG] [Fast Refresh] done in 44ms @ http://localhost:3001/_next/static/chunks/node_modules_next_dist_1e8vcs8._.js:776
[  164139ms] [LOG] [Fast Refresh] done in 44ms @ http://localhost:3001/_next/static/chunks/node_modules_next_dist_1e8vcs8._.js:776
[  164202ms] [LOG] [Fast Refresh] done in 44ms @ http://localhost:3001/_next/static/chunks/node_modules_next_dist_1e8vcs8._.js:776
[  164258ms] [LOG] [Fast Refresh] done in 44ms @ http://localhost:3001/_next/static/chunks/node_modules_next_dist_1e8vcs8._.js:776
[  164321ms] [LOG] [Fast Refresh] done in 44ms @ http://localhost:3001/_next/static/chunks/node_modules_next_dist_1e8vcs8._.js:776
[  164373ms] [LOG] [Fast Refresh] done in 44ms @ http://localhost:3001/_next/static/chunks/node_modules_next_dist_1e8vcs8._.js:776
[  164439ms] [LOG] [Fast Refresh] done in 44ms @ http://localhost:3001/_next/static/chunks/node_modules_next_dist_1e8vcs8._.js:776
[  164491ms] [LOG] [Fast Refresh] done in 44ms @ http://localhost:3001/_next/static/chunks/node_modules_next_dist_1e8vcs8._.js:776
[  164556ms] [LOG] [Fast Refresh] done in 44ms @ http://localhost:3001/_next/static/chunks/node_modules_next_dist_1e8vcs8._.js:776
[  164621ms] [LOG] [Fast Refresh] done in 44ms @ http://localhost:3001/_next/static/chunks/node_modules_next_dist_1e8vcs8._.js:776
[  164674ms] [LOG] [Fast Refresh] done in 44ms @ http://localhost:3001/_next/static/chunks/node_modules_next_dist_1e8vcs8._.js:776
[  164740ms] [LOG] [Fast Refresh] done in 44ms @ http://localhost:3001/_next/static/chunks/node_modules_next_dist_1e8vcs8._.js:776
[  164806ms] [LOG] [Fast Refresh] done in 44ms @ http://localhost:3001/_next/static/chunks/node_modules_next_dist_1e8vcs8._.js:776
[  164871ms] [LOG] [Fast Refresh] done in 44ms @ http://localhost:3001/_next/static/chunks/node_modules_next_dist_1e8vcs8._.js:776
[  164923ms] [LOG] [Fast Refresh] done in 44ms @ http://localhost:3001/_next/static/chunks/node_modules_next_dist_1e8vcs8._.js:776
[  164988ms] [LOG] [Fast Refresh] done in 44ms @ http://localhost:3001/_next/static/chunks/node_modules_next_dist_1e8vcs8._.js:776
[  165048ms] [LOG] [Fast Refresh] done in 44ms @ http://localhost:3001/_next/static/chunks/node_modules_next_dist_1e8vcs8._.js:776
[  165106ms] [LOG] [Fast Refresh] done in 44ms @ http://localhost:3001/_next/static/chunks/node_modules_next_dist_1e8vcs8._.js:776
[  165171ms] [LOG] [Fast Refresh] done in 44ms @ http://localhost:3001/_next/static/chunks/node_modules_next_dist_1e8vcs8._.js:776
[  165223ms] [LOG] [Fast Refresh] done in 44ms @ http://localhost:3001/_next/static/chunks/node_modules_next_dist_1e8vcs8._.js:776
[  165273ms] [LOG] [Fast Refresh] done in 44ms @ http://localhost:3001/_next/static/chunks/node_modules_next_dist_1e8vcs8._.js:776
[  165324ms] [LOG] [Fast Refresh] done in 44ms @ http://localhost:3001/_next/static/chunks/node_modules_next_dist_1e8vcs8._.js:776
[  165396ms] [LOG] [Fast Refresh] done in 44ms @ http://localhost:3001/_next/static/chunks/node_modules_next_dist_1e8vcs8._.js:776
[  165463ms] [LOG] [Fast Refresh] done in 44ms @ http://localhost:3001/_next/static/chunks/node_modules_next_dist_1e8vcs8._.js:776
[  165539ms] [LOG] [Fast Refresh] done in 44ms @ http://localhost:3001/_next/static/chunks/node_modules_next_dist_1e8vcs8._.js:776
[  165599ms] [LOG] [Fast Refresh] done in 44ms @ http://localhost:3001/_next/static/chunks/node_modules_next_dist_1e8vcs8._.js:776
[  165664ms] [LOG] [Fast Refresh] done in 44ms @ http://localhost:3001/_next/static/chunks/node_modules_next_dist_1e8vcs8._.js:776
[  165748ms] [LOG] [Fast Refresh] done in 44ms @ http://localhost:3001/_next/static/chunks/node_modules_next_dist_1e8vcs8._.js:776
[  165801ms] [LOG] [Fast Refresh] done in 44ms @ http://localhost:3001/_next/static/chunks/node_modules_next_dist_1e8vcs8._.js:776
[  165866ms] [LOG] [Fast Refresh] done in 44ms @ http://localhost:3001/_next/static/chunks/node_modules_next_dist_1e8vcs8._.js:776
[  165934ms] [LOG] [Fast Refresh] done in 44ms @ http://localhost:3001/_next/static/chunks/node_modules_next_dist_1e8vcs8._.js:776
[  165993ms] [LOG] [Fast Refresh] done in 44ms @ http://localhost:3001/_next/static/chunks/node_modules_next_dist_1e8vcs8._.js:776
[  166056ms] [LOG] [Fast Refresh] done in 44ms @ http://localhost:3001/_next/static/chunks/node_modules_next_dist_1e8vcs8._.js:776
[  166119ms] [LOG] [Fast Refresh] done in 44ms @ http://localhost:3001/_next/static/chunks/node_modules_next_dist_1e8vcs8._.js:776
[  166185ms] [LOG] [Fast Refresh] done in 44ms @ http://localhost:3001/_next/static/chunks/node_modules_next_dist_1e8vcs8._.js:776
[  166244ms] [LOG] [Fast Refresh] done in 44ms @ http://localhost:3001/_next/static/chunks/node_modules_next_dist_1e8vcs8._.js:776
[  166304ms] [LOG] [Fast Refresh] done in 44ms @ http://localhost:3001/_next/static/chunks/node_modules_next_dist_1e8vcs8._.js:776
[  166353ms] [LOG] [Fast Refresh] done in 44ms @ http://localhost:3001/_next/static/chunks/node_modules_next_dist_1e8vcs8._.js:776
[  166411ms] [LOG] [Fast Refresh] done in 44ms @ http://localhost:3001/_next/static/chunks/node_modules_next_dist_1e8vcs8._.js:776
[  166471ms] [LOG] [Fast Refresh] done in 44ms @ http://localhost:3001/_next/static/chunks/node_modules_next_dist_1e8vcs8._.js:776
[  166527ms] [LOG] [Fast Refresh] done in 44ms @ http://localhost:3001/_next/static/chunks/node_modules_next_dist_1e8vcs8._.js:776
[  166585ms] [LOG] [Fast Refresh] done in 44ms @ http://localhost:3001/_next/static/chunks/node_modules_next_dist_1e8vcs8._.js:776
[  166642ms] [LOG] [Fast Refresh] done in 44ms @ http://localhost:3001/_next/static/chunks/node_modules_next_dist_1e8vcs8._.js:776
[  166708ms] [LOG] [Fast Refresh] done in 44ms @ http://localhost:3001/_next/static/chunks/node_modules_next_dist_1e8vcs8._.js:776
[  166767ms] [LOG] [Fast Refresh] done in 44ms @ http://localhost:3001/_next/static/chunks/node_modules_next_dist_1e8vcs8._.js:776
[  166832ms] [LOG] [Fast Refresh] done in 44ms @ http://localhost:3001/_next/static/chunks/node_modules_next_dist_1e8vcs8._.js:776
[  166891ms] [LOG] [Fast Refresh] done in 44ms @ http://localhost:3001/_next/static/chunks/node_modules_next_dist_1e8vcs8._.js:776
[  166939ms] [LOG] [Fast Refresh] done in 44ms @ http://localhost:3001/_next/static/chunks/node_modules_next_dist_1e8vcs8._.js:776
[  166999ms] [LOG] [Fast Refresh] done in 44ms @ http://localhost:3001/_next/static/chunks/node_modules_next_dist_1e8vcs8._.js:776
[  167049ms] [LOG] [Fast Refresh] done in 44ms @ http://localhost:3001/_next/static/chunks/node_modules_next_dist_1e8vcs8._.js:776
[  167107ms] [LOG] [Fast Refresh] done in 44ms @ http://localhost:3001/_next/static/chunks/node_modules_next_dist_1e8vcs8._.js:776
[  167157ms] [LOG] [Fast Refresh] done in 44ms @ http://localhost:3001/_next/static/chunks/node_modules_next_dist_1e8vcs8._.js:776
[  167209ms] [LOG] [Fast Refresh] done in 44ms @ http://localhost:3001/_next/static/chunks/node_modules_next_dist_1e8vcs8._.js:776
[  167259ms] [LOG] [Fast Refresh] done in 44ms @ http://localhost:3001/_next/static/chunks/node_modules_next_dist_1e8vcs8._.js:776
[  167318ms] [LOG] [Fast Refresh] done in 44ms @ http://localhost:3001/_next/static/chunks/node_modules_next_dist_1e8vcs8._.js:776
[  167368ms] [LOG] [Fast Refresh] done in 44ms @ http://localhost:3001/_next/static/chunks/node_modules_next_dist_1e8vcs8._.js:776
[  167419ms] [LOG] [Fast Refresh] done in 44ms @ http://localhost:3001/_next/static/chunks/node_modules_next_dist_1e8vcs8._.js:776
[  167477ms] [LOG] [Fast Refresh] done in 44ms @ http://localhost:3001/_next/static/chunks/node_modules_next_dist_1e8vcs8._.js:776
[  167543ms] [LOG] [Fast Refresh] done in 44ms @ http://localhost:3001/_next/static/chunks/node_modules_next_dist_1e8vcs8._.js:776
[  167609ms] [LOG] [Fast Refresh] done in 44ms @ http://localhost:3001/_next/static/chunks/node_modules_next_dist_1e8vcs8._.js:776
[  167659ms] [LOG] [Fast Refresh] done in 44ms @ http://localhost:3001/_next/static/chunks/node_modules_next_dist_1e8vcs8._.js:776
[  167718ms] [LOG] [Fast Refresh] done in 44ms @ http://localhost:3001/_next/static/chunks/node_modules_next_dist_1e8vcs8._.js:776
[  167775ms] [LOG] [Fast Refresh] done in 44ms @ http://localhost:3001/_next/static/chunks/node_modules_next_dist_1e8vcs8._.js:776
[  167827ms] [LOG] [Fast Refresh] done in 44ms @ http://localhost:3001/_next/static/chunks/node_modules_next_dist_1e8vcs8._.js:776
[  167883ms] [LOG] [Fast Refresh] done in 44ms @ http://localhost:3001/_next/static/chunks/node_modules_next_dist_1e8vcs8._.js:776
[  167948ms] [LOG] [Fast Refresh] done in 44ms @ http://localhost:3001/_next/static/chunks/node_modules_next_dist_1e8vcs8._.js:776
[  168017ms] [LOG] [Fast Refresh] done in 44ms @ http://localhost:3001/_next/static/chunks/node_modules_next_dist_1e8vcs8._.js:776
[  168066ms] [LOG] [Fast Refresh] done in 44ms @ http://localhost:3001/_next/static/chunks/node_modules_next_dist_1e8vcs8._.js:776
[  168126ms] [LOG] [Fast Refresh] done in 44ms @ http://localhost:3001/_next/static/chunks/node_modules_next_dist_1e8vcs8._.js:776
[  168180ms] [LOG] [Fast Refresh] done in 44ms @ http://localhost:3001/_next/static/chunks/node_modules_next_dist_1e8vcs8._.js:776
[  168238ms] [LOG] [Fast Refresh] done in 44ms @ http://localhost:3001/_next/static/chunks/node_modules_next_dist_1e8vcs8._.js:776
[  168305ms] [LOG] [Fast Refresh] done in 44ms @ http://localhost:3001/_next/static/chunks/node_modules_next_dist_1e8vcs8._.js:776
[  168358ms] [LOG] [Fast Refresh] done in 44ms @ http://localhost:3001/_next/static/chunks/node_modules_next_dist_1e8vcs8._.js:776
[  168400ms] [LOG] [Fast Refresh] done in 44ms @ http://localhost:3001/_next/static/chunks/node_modules_next_dist_1e8vcs8._.js:776
[  168461ms] [LOG] [Fast Refresh] done in 44ms @ http://localhost:3001/_next/static/chunks/node_modules_next_dist_1e8vcs8._.js:776
[  168521ms] [LOG] [Fast Refresh] done in 44ms @ http://localhost:3001/_next/static/chunks/node_modules_next_dist_1e8vcs8._.js:776
[  168572ms] [LOG] [Fast Refresh] done in 44ms @ http://localhost:3001/_next/static/chunks/node_modules_next_dist_1e8vcs8._.js:776
[  168630ms] [LOG] [Fast Refresh] done in 44ms @ http://localhost:3001/_next/static/chunks/node_modules_next_dist_1e8vcs8._.js:776
[  168689ms] [LOG] [Fast Refresh] done in 44ms @ http://localhost:3001/_next/static/chunks/node_modules_next_dist_1e8vcs8._.js:776
[  168742ms] [LOG] [Fast Refresh] done in 44ms @ http://localhost:3001/_next/static/chunks/node_modules_next_dist_1e8vcs8._.js:776
[  168791ms] [LOG] [Fast Refresh] done in 44ms @ http://localhost:3001/_next/static/chunks/node_modules_next_dist_1e8vcs8._.js:776
[  168837ms] [LOG] [Fast Refresh] done in 44ms @ http://localhost:3001/_next/static/chunks/node_modules_next_dist_1e8vcs8._.js:776
[  168891ms] [LOG] [Fast Refresh] done in 44ms @ http://localhost:3001/_next/static/chunks/node_modules_next_dist_1e8vcs8._.js:776
[  168936ms] [LOG] [Fast Refresh] done in 44ms @ http://localhost:3001/_next/static/chunks/node_modules_next_dist_1e8vcs8._.js:776
[  168987ms] [LOG] [Fast Refresh] done in 44ms @ http://localhost:3001/_next/static/chunks/node_modules_next_dist_1e8vcs8._.js:776
[  169037ms] [LOG] [Fast Refresh] done in 44ms @ http://localhost:3001/_next/static/chunks/node_modules_next_dist_1e8vcs8._.js:776
[  169094ms] [LOG] [Fast Refresh] done in 44ms @ http://localhost:3001/_next/static/chunks/node_modules_next_dist_1e8vcs8._.js:776
[  169152ms] [LOG] [Fast Refresh] done in 44ms @ http://localhost:3001/_next/static/chunks/node_modules_next_dist_1e8vcs8._.js:776
[  169221ms] [LOG] [Fast Refresh] done in 44ms @ http://localhost:3001/_next/static/chunks/node_modules_next_dist_1e8vcs8._.js:776
[  169272ms] [LOG] [Fast Refresh] done in 44ms @ http://localhost:3001/_next/static/chunks/node_modules_next_dist_1e8vcs8._.js:776
[  169324ms] [LOG] [Fast Refresh] done in 44ms @ http://localhost:3001/_next/static/chunks/node_modules_next_dist_1e8vcs8._.js:776
[  169382ms] [LOG] [Fast Refresh] done in 44ms @ http://localhost:3001/_next/static/chunks/node_modules_next_dist_1e8vcs8._.js:776
[  169432ms] [LOG] [Fast Refresh] done in 44ms @ http://localhost:3001/_next/static/chunks/node_modules_next_dist_1e8vcs8._.js:776
[  169491ms] [LOG] [Fast Refresh] done in 44ms @ http://localhost:3001/_next/static/chunks/node_modules_next_dist_1e8vcs8._.js:776
[  169548ms] [LOG] [Fast Refresh] done in 44ms @ http://localhost:3001/_next/static/chunks/node_modules_next_dist_1e8vcs8._.js:776
[  169605ms] [LOG] [Fast Refresh] done in 44ms @ http://localhost:3001/_next/static/chunks/node_modules_next_dist_1e8vcs8._.js:776
[  169657ms] [LOG] [Fast Refresh] done in 44ms @ http://localhost:3001/_next/static/chunks/node_modules_next_dist_1e8vcs8._.js:776
[  169705ms] [LOG] [Fast Refresh] done in 44ms @ http://localhost:3001/_next/static/chunks/node_modules_next_dist_1e8vcs8._.js:776
[  169750ms] [LOG] [Fast Refresh] done in 44ms @ http://localhost:3001/_next/static/chunks/node_modules_next_dist_1e8vcs8._.js:776
[  169812ms] [LOG] [Fast Refresh] done in 44ms @ http://localhost:3001/_next/static/chunks/node_modules_next_dist_1e8vcs8._.js:776
[  169869ms] [LOG] [Fast Refresh] done in 44ms @ http://localhost:3001/_next/static/chunks/node_modules_next_dist_1e8vcs8._.js:776
[  169922ms] [LOG] [Fast Refresh] done in 44ms @ http://localhost:3001/_next/static/chunks/node_modules_next_dist_1e8vcs8._.js:776
[  169976ms] [LOG] [Fast Refresh] done in 44ms @ http://localhost:3001/_next/static/chunks/node_modules_next_dist_1e8vcs8._.js:776
[  170027ms] [LOG] [Fast Refresh] done in 44ms @ http://localhost:3001/_next/static/chunks/node_modules_next_dist_1e8vcs8._.js:776
[  170087ms] [LOG] [Fast Refresh] done in 44ms @ http://localhost:3001/_next/static/chunks/node_modules_next_dist_1e8vcs8._.js:776
[  170152ms] [LOG] [Fast Refresh] done in 44ms @ http://localhost:3001/_next/static/chunks/node_modules_next_dist_1e8vcs8._.js:776
[  170201ms] [LOG] [Fast Refresh] done in 44ms @ http://localhost:3001/_next/static/chunks/node_modules_next_dist_1e8vcs8._.js:776
[  170252ms] [LOG] [Fast Refresh] done in 44ms @ http://localhost:3001/_next/static/chunks/node_modules_next_dist_1e8vcs8._.js:776
[  170310ms] [LOG] [Fast Refresh] done in 44ms @ http://localhost:3001/_next/static/chunks/node_modules_next_dist_1e8vcs8._.js:776
[  170367ms] [LOG] [Fast Refresh] done in 44ms @ http://localhost:3001/_next/static/chunks/node_modules_next_dist_1e8vcs8._.js:776
[  170417ms] [LOG] [Fast Refresh] done in 44ms @ http://localhost:3001/_next/static/chunks/node_modules_next_dist_1e8vcs8._.js:776
[  170481ms] [LOG] [Fast Refresh] done in 44ms @ http://localhost:3001/_next/static/chunks/node_modules_next_dist_1e8vcs8._.js:776
[  170546ms] [LOG] [Fast Refresh] done in 44ms @ http://localhost:3001/_next/static/chunks/node_modules_next_dist_1e8vcs8._.js:776
[  170605ms] [LOG] [Fast Refresh] done in 44ms @ http://localhost:3001/_next/static/chunks/node_modules_next_dist_1e8vcs8._.js:776
[  170671ms] [LOG] [Fast Refresh] done in 44ms @ http://localhost:3001/_next/static/chunks/node_modules_next_dist_1e8vcs8._.js:776
[  170735ms] [LOG] [Fast Refresh] done in 44ms @ http://localhost:3001/_next/static/chunks/node_modules_next_dist_1e8vcs8._.js:776
[  170807ms] [LOG] [Fast Refresh] done in 44ms @ http://localhost:3001/_next/static/chunks/node_modules_next_dist_1e8vcs8._.js:776
[  170891ms] [LOG] [Fast Refresh] done in 44ms @ http://localhost:3001/_next/static/chunks/node_modules_next_dist_1e8vcs8._.js:776
[  171011ms] [LOG] [Fast Refresh] done in 44ms @ http://localhost:3001/_next/static/chunks/node_modules_next_dist_1e8vcs8._.js:776
[  171072ms] [LOG] [Fast Refresh] done in 44ms @ http://localhost:3001/_next/static/chunks/node_modules_next_dist_1e8vcs8._.js:776
[  171134ms] [LOG] [Fast Refresh] done in 44ms @ http://localhost:3001/_next/static/chunks/node_modules_next_dist_1e8vcs8._.js:776
[  171197ms] [LOG] [Fast Refresh] done in 44ms @ http://localhost:3001/_next/static/chunks/node_modules_next_dist_1e8vcs8._.js:776
[  171259ms] [LOG] [Fast Refresh] done in 44ms @ http://localhost:3001/_next/static/chunks/node_modules_next_dist_1e8vcs8._.js:776
[  171322ms] [LOG] [Fast Refresh] done in 44ms @ http://localhost:3001/_next/static/chunks/node_modules_next_dist_1e8vcs8._.js:776
[  171388ms] [LOG] [Fast Refresh] done in 44ms @ http://localhost:3001/_next/static/chunks/node_modules_next_dist_1e8vcs8._.js:776
[  171467ms] [LOG] [Fast Refresh] done in 44ms @ http://localhost:3001/_next/static/chunks/node_modules_next_dist_1e8vcs8._.js:776
[  171524ms] [LOG] [Fast Refresh] done in 44ms @ http://localhost:3001/_next/static/chunks/node_modules_next_dist_1e8vcs8._.js:776
[  171587ms] [LOG] [Fast Refresh] done in 44ms @ http://localhost:3001/_next/static/chunks/node_modules_next_dist_1e8vcs8._.js:776
[  171649ms] [LOG] [Fast Refresh] done in 44ms @ http://localhost:3001/_next/static/chunks/node_modules_next_dist_1e8vcs8._.js:776
[  171711ms] [LOG] [Fast Refresh] done in 44ms @ http://localhost:3001/_next/static/chunks/node_modules_next_dist_1e8vcs8._.js:776
[  171774ms] [LOG] [Fast Refresh] done in 44ms @ http://localhost:3001/_next/static/chunks/node_modules_next_dist_1e8vcs8._.js:776
[  171824ms] [LOG] [Fast Refresh] done in 44ms @ http://localhost:3001/_next/static/chunks/node_modules_next_dist_1e8vcs8._.js:776
[  171883ms] [LOG] [Fast Refresh] done in 44ms @ http://localhost:3001/_next/static/chunks/node_modules_next_dist_1e8vcs8._.js:776
[  171944ms] [LOG] [Fast Refresh] done in 44ms @ http://localhost:3001/_next/static/chunks/node_modules_next_dist_1e8vcs8._.js:776
[  172007ms] [LOG] [Fast Refresh] done in 44ms @ http://localhost:3001/_next/static/chunks/node_modules_next_dist_1e8vcs8._.js:776
[  172070ms] [LOG] [Fast Refresh] done in 44ms @ http://localhost:3001/_next/static/chunks/node_modules_next_dist_1e8vcs8._.js:776
[  172131ms] [LOG] [Fast Refresh] done in 44ms @ http://localhost:3001/_next/static/chunks/node_modules_next_dist_1e8vcs8._.js:776
[  172195ms] [LOG] [Fast Refresh] done in 44ms @ http://localhost:3001/_next/static/chunks/node_modules_next_dist_1e8vcs8._.js:776
[  172257ms] [LOG] [Fast Refresh] done in 44ms @ http://localhost:3001/_next/static/chunks/node_modules_next_dist_1e8vcs8._.js:776
[  172320ms] [LOG] [Fast Refresh] done in 44ms @ http://localhost:3001/_next/static/chunks/node_modules_next_dist_1e8vcs8._.js:776
[  172383ms] [LOG] [Fast Refresh] done in 44ms @ http://localhost:3001/_next/static/chunks/node_modules_next_dist_1e8vcs8._.js:776
[  172445ms] [LOG] [Fast Refresh] done in 44ms @ http://localhost:3001/_next/static/chunks/node_modules_next_dist_1e8vcs8._.js:776
[  172509ms] [LOG] [Fast Refresh] done in 44ms @ http://localhost:3001/_next/static/chunks/node_modules_next_dist_1e8vcs8._.js:776
[  172589ms] [LOG] [Fast Refresh] done in 44ms @ http://localhost:3001/_next/static/chunks/node_modules_next_dist_1e8vcs8._.js:776
[  172654ms] [LOG] [Fast Refresh] done in 44ms @ http://localhost:3001/_next/static/chunks/node_modules_next_dist_1e8vcs8._.js:776
[  172715ms] [LOG] [Fast Refresh] done in 44ms @ http://localhost:3001/_next/static/chunks/node_modules_next_dist_1e8vcs8._.js:776
[  172777ms] [LOG] [Fast Refresh] done in 44ms @ http://localhost:3001/_next/static/chunks/node_modules_next_dist_1e8vcs8._.js:776
[  172840ms] [LOG] [Fast Refresh] done in 44ms @ http://localhost:3001/_next/static/chunks/node_modules_next_dist_1e8vcs8._.js:776
[  172901ms] [LOG] [Fast Refresh] done in 44ms @ http://localhost:3001/_next/static/chunks/node_modules_next_dist_1e8vcs8._.js:776
[  172964ms] [LOG] [Fast Refresh] done in 44ms @ http://localhost:3001/_next/static/chunks/node_modules_next_dist_1e8vcs8._.js:776
[  173028ms] [LOG] [Fast Refresh] done in 44ms @ http://localhost:3001/_next/static/chunks/node_modules_next_dist_1e8vcs8._.js:776
[  173090ms] [LOG] [Fast Refresh] done in 44ms @ http://localhost:3001/_next/static/chunks/node_modules_next_dist_1e8vcs8._.js:776
[  173156ms] [LOG] [Fast Refresh] done in 44ms @ http://localhost:3001/_next/static/chunks/node_modules_next_dist_1e8vcs8._.js:776
[  173208ms] [LOG] [Fast Refresh] done in 44ms @ http://localhost:3001/_next/static/chunks/node_modules_next_dist_1e8vcs8._.js:776
[  173257ms] [LOG] [Fast Refresh] done in 44ms @ http://localhost:3001/_next/static/chunks/node_modules_next_dist_1e8vcs8._.js:776
[  173307ms] [LOG] [Fast Refresh] done in 44ms @ http://localhost:3001/_next/static/chunks/node_modules_next_dist_1e8vcs8._.js:776
[  173356ms] [LOG] [Fast Refresh] done in 44ms @ http://localhost:3001/_next/static/chunks/node_modules_next_dist_1e8vcs8._.js:776
[  173422ms] [LOG] [Fast Refresh] done in 44ms @ http://localhost:3001/_next/static/chunks/node_modules_next_dist_1e8vcs8._.js:776
[  173488ms] [LOG] [Fast Refresh] done in 44ms @ http://localhost:3001/_next/static/chunks/node_modules_next_dist_1e8vcs8._.js:776
[  173560ms] [LOG] [Fast Refresh] done in 44ms @ http://localhost:3001/_next/static/chunks/node_modules_next_dist_1e8vcs8._.js:776
[  173629ms] [LOG] [Fast Refresh] done in 44ms @ http://localhost:3001/_next/static/chunks/node_modules_next_dist_1e8vcs8._.js:776
[  173688ms] [LOG] [Fast Refresh] done in 44ms @ http://localhost:3001/_next/static/chunks/node_modules_next_dist_1e8vcs8._.js:776
[  173751ms] [LOG] [Fast Refresh] done in 44ms @ http://localhost:3001/_next/static/chunks/node_modules_next_dist_1e8vcs8._.js:776
[  173816ms] [LOG] [Fast Refresh] done in 44ms @ http://localhost:3001/_next/static/chunks/node_modules_next_dist_1e8vcs8._.js:776
[  173878ms] [LOG] [Fast Refresh] done in 44ms @ http://localhost:3001/_next/static/chunks/node_modules_next_dist_1e8vcs8._.js:776
[  173957ms] [LOG] [Fast Refresh] done in 44ms @ http://localhost:3001/_next/static/chunks/node_modules_next_dist_1e8vcs8._.js:776
[  174038ms] [LOG] [Fast Refresh] done in 44ms @ http://localhost:3001/_next/static/chunks/node_modules_next_dist_1e8vcs8._.js:776
[  174114ms] [LOG] [Fast Refresh] done in 44ms @ http://localhost:3001/_next/static/chunks/node_modules_next_dist_1e8vcs8._.js:776
[  174176ms] [LOG] [Fast Refresh] done in 44ms @ http://localhost:3001/_next/static/chunks/node_modules_next_dist_1e8vcs8._.js:776
[  174240ms] [LOG] [Fast Refresh] done in 44ms @ http://localhost:3001/_next/static/chunks/node_modules_next_dist_1e8vcs8._.js:776
[  174302ms] [LOG] [Fast Refresh] done in 44ms @ http://localhost:3001/_next/static/chunks/node_modules_next_dist_1e8vcs8._.js:776
[  174355ms] [LOG] [Fast Refresh] done in 44ms @ http://localhost:3001/_next/static/chunks/node_modules_next_dist_1e8vcs8._.js:776
[  174419ms] [LOG] [Fast Refresh] done in 44ms @ http://localhost:3001/_next/static/chunks/node_modules_next_dist_1e8vcs8._.js:776
[  174482ms] [LOG] [Fast Refresh] done in 44ms @ http://localhost:3001/_next/static/chunks/node_modules_next_dist_1e8vcs8._.js:776
[  174545ms] [LOG] [Fast Refresh] done in 44ms @ http://localhost:3001/_next/static/chunks/node_modules_next_dist_1e8vcs8._.js:776
[  174608ms] [LOG] [Fast Refresh] done in 44ms @ http://localhost:3001/_next/static/chunks/node_modules_next_dist_1e8vcs8._.js:776
[  174669ms] [LOG] [Fast Refresh] done in 44ms @ http://localhost:3001/_next/static/chunks/node_modules_next_dist_1e8vcs8._.js:776
[  174732ms] [LOG] [Fast Refresh] done in 44ms @ http://localhost:3001/_next/static/chunks/node_modules_next_dist_1e8vcs8._.js:776
[  174795ms] [LOG] [Fast Refresh] done in 44ms @ http://localhost:3001/_next/static/chunks/node_modules_next_dist_1e8vcs8._.js:776
[  174857ms] [LOG] [Fast Refresh] done in 44ms @ http://localhost:3001/_next/static/chunks/node_modules_next_dist_1e8vcs8._.js:776
[  174921ms] [LOG] [Fast Refresh] done in 44ms @ http://localhost:3001/_next/static/chunks/node_modules_next_dist_1e8vcs8._.js:776
[  174982ms] [LOG] [Fast Refresh] done in 44ms @ http://localhost:3001/_next/static/chunks/node_modules_next_dist_1e8vcs8._.js:776
[  175045ms] [LOG] [Fast Refresh] done in 44ms @ http://localhost:3001/_next/static/chunks/node_modules_next_dist_1e8vcs8._.js:776
[  175106ms] [LOG] [Fast Refresh] done in 44ms @ http://localhost:3001/_next/static/chunks/node_modules_next_dist_1e8vcs8._.js:776
[  175169ms] [LOG] [Fast Refresh] done in 44ms @ http://localhost:3001/_next/static/chunks/node_modules_next_dist_1e8vcs8._.js:776
[  175230ms] [LOG] [Fast Refresh] done in 44ms @ http://localhost:3001/_next/static/chunks/node_modules_next_dist_1e8vcs8._.js:776
[  175289ms] [LOG] [Fast Refresh] done in 44ms @ http://localhost:3001/_next/static/chunks/node_modules_next_dist_1e8vcs8._.js:776
[  175339ms] [LOG] [Fast Refresh] done in 44ms @ http://localhost:3001/_next/static/chunks/node_modules_next_dist_1e8vcs8._.js:776
[  175389ms] [LOG] [Fast Refresh] done in 44ms @ http://localhost:3001/_next/static/chunks/node_modules_next_dist_1e8vcs8._.js:776
[  175454ms] [LOG] [Fast Refresh] done in 44ms @ http://localhost:3001/_next/static/chunks/node_modules_next_dist_1e8vcs8._.js:776
[  175516ms] [LOG] [Fast Refresh] done in 44ms @ http://localhost:3001/_next/static/chunks/node_modules_next_dist_1e8vcs8._.js:776
[  175572ms] [LOG] [Fast Refresh] done in 44ms @ http://localhost:3001/_next/static/chunks/node_modules_next_dist_1e8vcs8._.js:776
[  175639ms] [LOG] [Fast Refresh] done in 44ms @ http://localhost:3001/_next/static/chunks/node_modules_next_dist_1e8vcs8._.js:776
[  175703ms] [LOG] [Fast Refresh] done in 44ms @ http://localhost:3001/_next/static/chunks/node_modules_next_dist_1e8vcs8._.js:776
[  175766ms] [LOG] [Fast Refresh] done in 44ms @ http://localhost:3001/_next/static/chunks/node_modules_next_dist_1e8vcs8._.js:776
[  175822ms] [LOG] [Fast Refresh] done in 44ms @ http://localhost:3001/_next/static/chunks/node_modules_next_dist_1e8vcs8._.js:776
[  175873ms] [LOG] [Fast Refresh] done in 44ms @ http://localhost:3001/_next/static/chunks/node_modules_next_dist_1e8vcs8._.js:776
[  175924ms] [LOG] [Fast Refresh] done in 44ms @ http://localhost:3001/_next/static/chunks/node_modules_next_dist_1e8vcs8._.js:776
[  175974ms] [LOG] [Fast Refresh] done in 44ms @ http://localhost:3001/_next/static/chunks/node_modules_next_dist_1e8vcs8._.js:776
[  176023ms] [LOG] [Fast Refresh] done in 44ms @ http://localhost:3001/_next/static/chunks/node_modules_next_dist_1e8vcs8._.js:776
[  176086ms] [LOG] [Fast Refresh] done in 44ms @ http://localhost:3001/_next/static/chunks/node_modules_next_dist_1e8vcs8._.js:776
[  176147ms] [LOG] [Fast Refresh] done in 44ms @ http://localhost:3001/_next/static/chunks/node_modules_next_dist_1e8vcs8._.js:776
[  176210ms] [LOG] [Fast Refresh] done in 44ms @ http://localhost:3001/_next/static/chunks/node_modules_next_dist_1e8vcs8._.js:776
[  176274ms] [LOG] [Fast Refresh] done in 44ms @ http://localhost:3001/_next/static/chunks/node_modules_next_dist_1e8vcs8._.js:776
[  176338ms] [LOG] [Fast Refresh] done in 44ms @ http://localhost:3001/_next/static/chunks/node_modules_next_dist_1e8vcs8._.js:776
[  176390ms] [LOG] [Fast Refresh] done in 44ms @ http://localhost:3001/_next/static/chunks/node_modules_next_dist_1e8vcs8._.js:776
[  176456ms] [LOG] [Fast Refresh] done in 44ms @ http://localhost:3001/_next/static/chunks/node_modules_next_dist_1e8vcs8._.js:776
[  176507ms] [LOG] [Fast Refresh] done in 44ms @ http://localhost:3001/_next/static/chunks/node_modules_next_dist_1e8vcs8._.js:776
[  176558ms] [LOG] [Fast Refresh] done in 44ms @ http://localhost:3001/_next/static/chunks/node_modules_next_dist_1e8vcs8._.js:776
[  176608ms] [LOG] [Fast Refresh] done in 44ms @ http://localhost:3001/_next/static/chunks/node_modules_next_dist_1e8vcs8._.js:776
[  176656ms] [LOG] [Fast Refresh] done in 44ms @ http://localhost:3001/_next/static/chunks/node_modules_next_dist_1e8vcs8._.js:776
[  176707ms] [LOG] [Fast Refresh] done in 44ms @ http://localhost:3001/_next/static/chunks/node_modules_next_dist_1e8vcs8._.js:776
[  176771ms] [LOG] [Fast Refresh] done in 44ms @ http://localhost:3001/_next/static/chunks/node_modules_next_dist_1e8vcs8._.js:776
[  176823ms] [LOG] [Fast Refresh] done in 44ms @ http://localhost:3001/_next/static/chunks/node_modules_next_dist_1e8vcs8._.js:776
[  176886ms] [LOG] [Fast Refresh] done in 44ms @ http://localhost:3001/_next/static/chunks/node_modules_next_dist_1e8vcs8._.js:776
[  176940ms] [LOG] [Fast Refresh] done in 44ms @ http://localhost:3001/_next/static/chunks/node_modules_next_dist_1e8vcs8._.js:776
[  176990ms] [LOG] [Fast Refresh] done in 44ms @ http://localhost:3001/_next/static/chunks/node_modules_next_dist_1e8vcs8._.js:776
[  177056ms] [LOG] [Fast Refresh] done in 44ms @ http://localhost:3001/_next/static/chunks/node_modules_next_dist_1e8vcs8._.js:776
[  177107ms] [LOG] [Fast Refresh] done in 44ms @ http://localhost:3001/_next/static/chunks/node_modules_next_dist_1e8vcs8._.js:776
[  177174ms] [LOG] [Fast Refresh] done in 44ms @ http://localhost:3001/_next/static/chunks/node_modules_next_dist_1e8vcs8._.js:776
[  177224ms] [LOG] [Fast Refresh] done in 44ms @ http://localhost:3001/_next/static/chunks/node_modules_next_dist_1e8vcs8._.js:776
[  177275ms] [LOG] [Fast Refresh] done in 44ms @ http://localhost:3001/_next/static/chunks/node_modules_next_dist_1e8vcs8._.js:776
[  177337ms] [LOG] [Fast Refresh] done in 44ms @ http://localhost:3001/_next/static/chunks/node_modules_next_dist_1e8vcs8._.js:776
[  177399ms] [LOG] [Fast Refresh] done in 44ms @ http://localhost:3001/_next/static/chunks/node_modules_next_dist_1e8vcs8._.js:776
[  177455ms] [LOG] [Fast Refresh] done in 44ms @ http://localhost:3001/_next/static/chunks/node_modules_next_dist_1e8vcs8._.js:776
[  177522ms] [LOG] [Fast Refresh] done in 44ms @ http://localhost:3001/_next/static/chunks/node_modules_next_dist_1e8vcs8._.js:776
[  177573ms] [LOG] [Fast Refresh] done in 44ms @ http://localhost:3001/_next/static/chunks/node_modules_next_dist_1e8vcs8._.js:776
[  177624ms] [LOG] [Fast Refresh] done in 44ms @ http://localhost:3001/_next/static/chunks/node_modules_next_dist_1e8vcs8._.js:776
[  177674ms] [LOG] [Fast Refresh] done in 44ms @ http://localhost:3001/_next/static/chunks/node_modules_next_dist_1e8vcs8._.js:776
[  177725ms] [LOG] [Fast Refresh] done in 44ms @ http://localhost:3001/_next/static/chunks/node_modules_next_dist_1e8vcs8._.js:776
[  177790ms] [LOG] [Fast Refresh] done in 44ms @ http://localhost:3001/_next/static/chunks/node_modules_next_dist_1e8vcs8._.js:776
[  177840ms] [LOG] [Fast Refresh] done in 44ms @ http://localhost:3001/_next/static/chunks/node_modules_next_dist_1e8vcs8._.js:776
[  177905ms] [LOG] [Fast Refresh] done in 44ms @ http://localhost:3001/_next/static/chunks/node_modules_next_dist_1e8vcs8._.js:776
[  177969ms] [LOG] [Fast Refresh] done in 44ms @ http://localhost:3001/_next/static/chunks/node_modules_next_dist_1e8vcs8._.js:776
[  178024ms] [LOG] [Fast Refresh] done in 44ms @ http://localhost:3001/_next/static/chunks/node_modules_next_dist_1e8vcs8._.js:776
[  178089ms] [LOG] [Fast Refresh] done in 44ms @ http://localhost:3001/_next/static/chunks/node_modules_next_dist_1e8vcs8._.js:776
[  178140ms] [LOG] [Fast Refresh] done in 44ms @ http://localhost:3001/_next/static/chunks/node_modules_next_dist_1e8vcs8._.js:776
[  178191ms] [LOG] [Fast Refresh] done in 44ms @ http://localhost:3001/_next/static/chunks/node_modules_next_dist_1e8vcs8._.js:776
[  178240ms] [LOG] [Fast Refresh] done in 44ms @ http://localhost:3001/_next/static/chunks/node_modules_next_dist_1e8vcs8._.js:776
[  178290ms] [LOG] [Fast Refresh] done in 44ms @ http://localhost:3001/_next/static/chunks/node_modules_next_dist_1e8vcs8._.js:776
[  178354ms] [LOG] [Fast Refresh] done in 44ms @ http://localhost:3001/_next/static/chunks/node_modules_next_dist_1e8vcs8._.js:776
[  178423ms] [LOG] [Fast Refresh] done in 44ms @ http://localhost:3001/_next/static/chunks/node_modules_next_dist_1e8vcs8._.js:776
[  178486ms] [LOG] [Fast Refresh] done in 44ms @ http://localhost:3001/_next/static/chunks/node_modules_next_dist_1e8vcs8._.js:776
[  178551ms] [LOG] [Fast Refresh] done in 44ms @ http://localhost:3001/_next/static/chunks/node_modules_next_dist_1e8vcs8._.js:776
[  178614ms] [LOG] [Fast Refresh] done in 44ms @ http://localhost:3001/_next/static/chunks/node_modules_next_dist_1e8vcs8._.js:776
[  178672ms] [LOG] [Fast Refresh] done in 44ms @ http://localhost:3001/_next/static/chunks/node_modules_next_dist_1e8vcs8._.js:776
[  178739ms] [LOG] [Fast Refresh] done in 44ms @ http://localhost:3001/_next/static/chunks/node_modules_next_dist_1e8vcs8._.js:776
[  178789ms] [LOG] [Fast Refresh] done in 44ms @ http://localhost:3001/_next/static/chunks/node_modules_next_dist_1e8vcs8._.js:776
[  178856ms] [LOG] [Fast Refresh] done in 44ms @ http://localhost:3001/_next/static/chunks/node_modules_next_dist_1e8vcs8._.js:776
[  178907ms] [LOG] [Fast Refresh] done in 44ms @ http://localhost:3001/_next/static/chunks/node_modules_next_dist_1e8vcs8._.js:776
[  178956ms] [LOG] [Fast Refresh] done in 44ms @ http://localhost:3001/_next/static/chunks/node_modules_next_dist_1e8vcs8._.js:776
[  179019ms] [LOG] [Fast Refresh] done in 44ms @ http://localhost:3001/_next/static/chunks/node_modules_next_dist_1e8vcs8._.js:776
[  179074ms] [LOG] [Fast Refresh] done in 44ms @ http://localhost:3001/_next/static/chunks/node_modules_next_dist_1e8vcs8._.js:776
[  179136ms] [LOG] [Fast Refresh] done in 44ms @ http://localhost:3001/_next/static/chunks/node_modules_next_dist_1e8vcs8._.js:776
[  179190ms] [LOG] [Fast Refresh] done in 44ms @ http://localhost:3001/_next/static/chunks/node_modules_next_dist_1e8vcs8._.js:776
[  179253ms] [LOG] [Fast Refresh] done in 44ms @ http://localhost:3001/_next/static/chunks/node_modules_next_dist_1e8vcs8._.js:776
[  179315ms] [LOG] [Fast Refresh] done in 44ms @ http://localhost:3001/_next/static/chunks/node_modules_next_dist_1e8vcs8._.js:776
[  179372ms] [LOG] [Fast Refresh] done in 44ms @ http://localhost:3001/_next/static/chunks/node_modules_next_dist_1e8vcs8._.js:776
[  179424ms] [LOG] [Fast Refresh] done in 44ms @ http://localhost:3001/_next/static/chunks/node_modules_next_dist_1e8vcs8._.js:776
[  179474ms] [LOG] [Fast Refresh] done in 44ms @ http://localhost:3001/_next/static/chunks/node_modules_next_dist_1e8vcs8._.js:776
[  179525ms] [LOG] [Fast Refresh] done in 44ms @ http://localhost:3001/_next/static/chunks/node_modules_next_dist_1e8vcs8._.js:776
[  179574ms] [LOG] [Fast Refresh] done in 44ms @ http://localhost:3001/_next/static/chunks/node_modules_next_dist_1e8vcs8._.js:776
[  179635ms] [LOG] [Fast Refresh] done in 44ms @ http://localhost:3001/_next/static/chunks/node_modules_next_dist_1e8vcs8._.js:776
[  179699ms] [LOG] [Fast Refresh] done in 44ms @ http://localhost:3001/_next/static/chunks/node_modules_next_dist_1e8vcs8._.js:776
[  179755ms] [LOG] [Fast Refresh] done in 44ms @ http://localhost:3001/_next/static/chunks/node_modules_next_dist_1e8vcs8._.js:776
[  179807ms] [LOG] [Fast Refresh] done in 44ms @ http://localhost:3001/_next/static/chunks/node_modules_next_dist_1e8vcs8._.js:776
[  179857ms] [LOG] [Fast Refresh] done in 44ms @ http://localhost:3001/_next/static/chunks/node_modules_next_dist_1e8vcs8._.js:776
[  179907ms] [LOG] [Fast Refresh] done in 44ms @ http://localhost:3001/_next/static/chunks/node_modules_next_dist_1e8vcs8._.js:776
[  179974ms] [LOG] [Fast Refresh] done in 44ms @ http://localhost:3001/_next/static/chunks/node_modules_next_dist_1e8vcs8._.js:776
[  180035ms] [LOG] [Fast Refresh] done in 44ms @ http://localhost:3001/_next/static/chunks/node_modules_next_dist_1e8vcs8._.js:776
[  180090ms] [LOG] [Fast Refresh] done in 44ms @ http://localhost:3001/_next/static/chunks/node_modules_next_dist_1e8vcs8._.js:776
[  180156ms] [LOG] [Fast Refresh] done in 44ms @ http://localhost:3001/_next/static/chunks/node_modules_next_dist_1e8vcs8._.js:776
[  180206ms] [LOG] [Fast Refresh] done in 44ms @ http://localhost:3001/_next/static/chunks/node_modules_next_dist_1e8vcs8._.js:776
[  180268ms] [LOG] [Fast Refresh] done in 44ms @ http://localhost:3001/_next/static/chunks/node_modules_next_dist_1e8vcs8._.js:776
[  180324ms] [LOG] [Fast Refresh] done in 44ms @ http://localhost:3001/_next/static/chunks/node_modules_next_dist_1e8vcs8._.js:776
[  180374ms] [LOG] [Fast Refresh] done in 44ms @ http://localhost:3001/_next/static/chunks/node_modules_next_dist_1e8vcs8._.js:776
[  180424ms] [LOG] [Fast Refresh] done in 44ms @ http://localhost:3001/_next/static/chunks/node_modules_next_dist_1e8vcs8._.js:776
[  180474ms] [LOG] [Fast Refresh] done in 44ms @ http://localhost:3001/_next/static/chunks/node_modules_next_dist_1e8vcs8._.js:776
[  180524ms] [LOG] [Fast Refresh] done in 44ms @ http://localhost:3001/_next/static/chunks/node_modules_next_dist_1e8vcs8._.js:776
[  180589ms] [LOG] [Fast Refresh] done in 44ms @ http://localhost:3001/_next/static/chunks/node_modules_next_dist_1e8vcs8._.js:776
[  180640ms] [LOG] [Fast Refresh] done in 44ms @ http://localhost:3001/_next/static/chunks/node_modules_next_dist_1e8vcs8._.js:776
[  180691ms] [LOG] [Fast Refresh] done in 44ms @ http://localhost:3001/_next/static/chunks/node_modules_next_dist_1e8vcs8._.js:776
[  180741ms] [LOG] [Fast Refresh] done in 44ms @ http://localhost:3001/_next/static/chunks/node_modules_next_dist_1e8vcs8._.js:776
[  180790ms] [LOG] [Fast Refresh] done in 44ms @ http://localhost:3001/_next/static/chunks/node_modules_next_dist_1e8vcs8._.js:776
[  180852ms] [LOG] [Fast Refresh] done in 44ms @ http://localhost:3001/_next/static/chunks/node_modules_next_dist_1e8vcs8._.js:776
[  180907ms] [LOG] [Fast Refresh] done in 44ms @ http://localhost:3001/_next/static/chunks/node_modules_next_dist_1e8vcs8._.js:776
[  180969ms] [LOG] [Fast Refresh] done in 44ms @ http://localhost:3001/_next/static/chunks/node_modules_next_dist_1e8vcs8._.js:776
[  181024ms] [LOG] [Fast Refresh] done in 44ms @ http://localhost:3001/_next/static/chunks/node_modules_next_dist_1e8vcs8._.js:776
[  181088ms] [LOG] [Fast Refresh] done in 44ms @ http://localhost:3001/_next/static/chunks/node_modules_next_dist_1e8vcs8._.js:776
[  181150ms] [LOG] [Fast Refresh] done in 44ms @ http://localhost:3001/_next/static/chunks/node_modules_next_dist_1e8vcs8._.js:776
[  181215ms] [LOG] [Fast Refresh] done in 44ms @ http://localhost:3001/_next/static/chunks/node_modules_next_dist_1e8vcs8._.js:776
[  181276ms] [LOG] [Fast Refresh] done in 44ms @ http://localhost:3001/_next/static/chunks/node_modules_next_dist_1e8vcs8._.js:776
[  181338ms] [LOG] [Fast Refresh] done in 44ms @ http://localhost:3001/_next/static/chunks/node_modules_next_dist_1e8vcs8._.js:776
[  181401ms] [LOG] [Fast Refresh] done in 44ms @ http://localhost:3001/_next/static/chunks/node_modules_next_dist_1e8vcs8._.js:776
[  181459ms] [LOG] [Fast Refresh] done in 44ms @ http://localhost:3001/_next/static/chunks/node_modules_next_dist_1e8vcs8._.js:776
[  181520ms] [LOG] [Fast Refresh] done in 44ms @ http://localhost:3001/_next/static/chunks/node_modules_next_dist_1e8vcs8._.js:776
[  181582ms] [LOG] [Fast Refresh] done in 44ms @ http://localhost:3001/_next/static/chunks/node_modules_next_dist_1e8vcs8._.js:776
[  181643ms] [LOG] [Fast Refresh] done in 44ms @ http://localhost:3001/_next/static/chunks/node_modules_next_dist_1e8vcs8._.js:776
[  181707ms] [LOG] [Fast Refresh] done in 44ms @ http://localhost:3001/_next/static/chunks/node_modules_next_dist_1e8vcs8._.js:776
[  181772ms] [LOG] [Fast Refresh] done in 44ms @ http://localhost:3001/_next/static/chunks/node_modules_next_dist_1e8vcs8._.js:776
[  181831ms] [LOG] [Fast Refresh] done in 44ms @ http://localhost:3001/_next/static/chunks/node_modules_next_dist_1e8vcs8._.js:776
[  181890ms] [LOG] [Fast Refresh] done in 44ms @ http://localhost:3001/_next/static/chunks/node_modules_next_dist_1e8vcs8._.js:776
[  181953ms] [LOG] [Fast Refresh] done in 44ms @ http://localhost:3001/_next/static/chunks/node_modules_next_dist_1e8vcs8._.js:776
[  182016ms] [LOG] [Fast Refresh] done in 44ms @ http://localhost:3001/_next/static/chunks/node_modules_next_dist_1e8vcs8._.js:776
[  182079ms] [LOG] [Fast Refresh] done in 44ms @ http://localhost:3001/_next/static/chunks/node_modules_next_dist_1e8vcs8._.js:776
[  182142ms] [LOG] [Fast Refresh] done in 44ms @ http://localhost:3001/_next/static/chunks/node_modules_next_dist_1e8vcs8._.js:776
[  182204ms] [LOG] [Fast Refresh] done in 44ms @ http://localhost:3001/_next/static/chunks/node_modules_next_dist_1e8vcs8._.js:776
[  182267ms] [LOG] [Fast Refresh] done in 44ms @ http://localhost:3001/_next/static/chunks/node_modules_next_dist_1e8vcs8._.js:776
[  182330ms] [LOG] [Fast Refresh] done in 44ms @ http://localhost:3001/_next/static/chunks/node_modules_next_dist_1e8vcs8._.js:776
[  182392ms] [LOG] [Fast Refresh] done in 44ms @ http://localhost:3001/_next/static/chunks/node_modules_next_dist_1e8vcs8._.js:776
[  182454ms] [LOG] [Fast Refresh] done in 44ms @ http://localhost:3001/_next/static/chunks/node_modules_next_dist_1e8vcs8._.js:776
[  182516ms] [LOG] [Fast Refresh] done in 44ms @ http://localhost:3001/_next/static/chunks/node_modules_next_dist_1e8vcs8._.js:776
[  182573ms] [LOG] [Fast Refresh] done in 44ms @ http://localhost:3001/_next/static/chunks/node_modules_next_dist_1e8vcs8._.js:776
[  182623ms] [LOG] [Fast Refresh] done in 44ms @ http://localhost:3001/_next/static/chunks/node_modules_next_dist_1e8vcs8._.js:776
[  182674ms] [LOG] [Fast Refresh] done in 44ms @ http://localhost:3001/_next/static/chunks/node_modules_next_dist_1e8vcs8._.js:776
[  182724ms] [LOG] [Fast Refresh] done in 44ms @ http://localhost:3001/_next/static/chunks/node_modules_next_dist_1e8vcs8._.js:776
[  182787ms] [LOG] [Fast Refresh] done in 44ms @ http://localhost:3001/_next/static/chunks/node_modules_next_dist_1e8vcs8._.js:776
[  182840ms] [LOG] [Fast Refresh] done in 44ms @ http://localhost:3001/_next/static/chunks/node_modules_next_dist_1e8vcs8._.js:776
[  182891ms] [LOG] [Fast Refresh] done in 44ms @ http://localhost:3001/_next/static/chunks/node_modules_next_dist_1e8vcs8._.js:776
[  182941ms] [LOG] [Fast Refresh] done in 44ms @ http://localhost:3001/_next/static/chunks/node_modules_next_dist_1e8vcs8._.js:776
[  183006ms] [LOG] [Fast Refresh] done in 44ms @ http://localhost:3001/_next/static/chunks/node_modules_next_dist_1e8vcs8._.js:776
[  183056ms] [LOG] [Fast Refresh] done in 44ms @ http://localhost:3001/_next/static/chunks/node_modules_next_dist_1e8vcs8._.js:776
[  183107ms] [LOG] [Fast Refresh] done in 44ms @ http://localhost:3001/_next/static/chunks/node_modules_next_dist_1e8vcs8._.js:776
[  183172ms] [LOG] [Fast Refresh] done in 44ms @ http://localhost:3001/_next/static/chunks/node_modules_next_dist_1e8vcs8._.js:776
[  183223ms] [LOG] [Fast Refresh] done in 44ms @ http://localhost:3001/_next/static/chunks/node_modules_next_dist_1e8vcs8._.js:776
[  183273ms] [LOG] [Fast Refresh] done in 44ms @ http://localhost:3001/_next/static/chunks/node_modules_next_dist_1e8vcs8._.js:776
[  183324ms] [LOG] [Fast Refresh] done in 44ms @ http://localhost:3001/_next/static/chunks/node_modules_next_dist_1e8vcs8._.js:776
[  183388ms] [LOG] [Fast Refresh] done in 44ms @ http://localhost:3001/_next/static/chunks/node_modules_next_dist_1e8vcs8._.js:776
[  183439ms] [LOG] [Fast Refresh] done in 44ms @ http://localhost:3001/_next/static/chunks/node_modules_next_dist_1e8vcs8._.js:776
[  183490ms] [LOG] [Fast Refresh] done in 44ms @ http://localhost:3001/_next/static/chunks/node_modules_next_dist_1e8vcs8._.js:776
[  183541ms] [LOG] [Fast Refresh] done in 44ms @ http://localhost:3001/_next/static/chunks/node_modules_next_dist_1e8vcs8._.js:776
[  183591ms] [LOG] [Fast Refresh] done in 44ms @ http://localhost:3001/_next/static/chunks/node_modules_next_dist_1e8vcs8._.js:776
[  183654ms] [LOG] [Fast Refresh] done in 44ms @ http://localhost:3001/_next/static/chunks/node_modules_next_dist_1e8vcs8._.js:776
[  183708ms] [LOG] [Fast Refresh] done in 44ms @ http://localhost:3001/_next/static/chunks/node_modules_next_dist_1e8vcs8._.js:776
[  183771ms] [LOG] [Fast Refresh] done in 44ms @ http://localhost:3001/_next/static/chunks/node_modules_next_dist_1e8vcs8._.js:776
[  183824ms] [LOG] [Fast Refresh] done in 44ms @ http://localhost:3001/_next/static/chunks/node_modules_next_dist_1e8vcs8._.js:776
[  183874ms] [LOG] [Fast Refresh] done in 44ms @ http://localhost:3001/_next/static/chunks/node_modules_next_dist_1e8vcs8._.js:776
[  183936ms] [LOG] [Fast Refresh] done in 44ms @ http://localhost:3001/_next/static/chunks/node_modules_next_dist_1e8vcs8._.js:776
[  183991ms] [LOG] [Fast Refresh] done in 44ms @ http://localhost:3001/_next/static/chunks/node_modules_next_dist_1e8vcs8._.js:776
[  184041ms] [LOG] [Fast Refresh] done in 44ms @ http://localhost:3001/_next/static/chunks/node_modules_next_dist_1e8vcs8._.js:776
[  184106ms] [LOG] [Fast Refresh] done in 44ms @ http://localhost:3001/_next/static/chunks/node_modules_next_dist_1e8vcs8._.js:776
[  184157ms] [LOG] [Fast Refresh] done in 44ms @ http://localhost:3001/_next/static/chunks/node_modules_next_dist_1e8vcs8._.js:776
[  184207ms] [LOG] [Fast Refresh] done in 44ms @ http://localhost:3001/_next/static/chunks/node_modules_next_dist_1e8vcs8._.js:776
[  184273ms] [LOG] [Fast Refresh] done in 44ms @ http://localhost:3001/_next/static/chunks/node_modules_next_dist_1e8vcs8._.js:776
[  184324ms] [LOG] [Fast Refresh] done in 44ms @ http://localhost:3001/_next/static/chunks/node_modules_next_dist_1e8vcs8._.js:776
[  184374ms] [LOG] [Fast Refresh] done in 44ms @ http://localhost:3001/_next/static/chunks/node_modules_next_dist_1e8vcs8._.js:776
[  184423ms] [LOG] [Fast Refresh] done in 44ms @ http://localhost:3001/_next/static/chunks/node_modules_next_dist_1e8vcs8._.js:776
[  184485ms] [LOG] [Fast Refresh] done in 44ms @ http://localhost:3001/_next/static/chunks/node_modules_next_dist_1e8vcs8._.js:776
[  184548ms] [LOG] [Fast Refresh] done in 44ms @ http://localhost:3001/_next/static/chunks/node_modules_next_dist_1e8vcs8._.js:776
[  184606ms] [LOG] [Fast Refresh] done in 44ms @ http://localhost:3001/_next/static/chunks/node_modules_next_dist_1e8vcs8._.js:776
[  184656ms] [LOG] [Fast Refresh] done in 44ms @ http://localhost:3001/_next/static/chunks/node_modules_next_dist_1e8vcs8._.js:776
[  184724ms] [LOG] [Fast Refresh] done in 44ms @ http://localhost:3001/_next/static/chunks/node_modules_next_dist_1e8vcs8._.js:776
[  184774ms] [LOG] [Fast Refresh] done in 44ms @ http://localhost:3001/_next/static/chunks/node_modules_next_dist_1e8vcs8._.js:776
[  184824ms] [LOG] [Fast Refresh] done in 44ms @ http://localhost:3001/_next/static/chunks/node_modules_next_dist_1e8vcs8._.js:776
[  184886ms] [LOG] [Fast Refresh] done in 44ms @ http://localhost:3001/_next/static/chunks/node_modules_next_dist_1e8vcs8._.js:776
[  184940ms] [LOG] [Fast Refresh] done in 44ms @ http://localhost:3001/_next/static/chunks/node_modules_next_dist_1e8vcs8._.js:776
[  184991ms] [LOG] [Fast Refresh] done in 44ms @ http://localhost:3001/_next/static/chunks/node_modules_next_dist_1e8vcs8._.js:776
[  185040ms] [LOG] [Fast Refresh] done in 44ms @ http://localhost:3001/_next/static/chunks/node_modules_next_dist_1e8vcs8._.js:776
[  185104ms] [LOG] [Fast Refresh] done in 44ms @ http://localhost:3001/_next/static/chunks/node_modules_next_dist_1e8vcs8._.js:776
[  185167ms] [LOG] [Fast Refresh] done in 44ms @ http://localhost:3001/_next/static/chunks/node_modules_next_dist_1e8vcs8._.js:776
[  185208ms] [LOG] [Fast Refresh] done in 44ms @ http://localhost:3001/_next/static/chunks/node_modules_next_dist_1e8vcs8._.js:776
[  185257ms] [LOG] [Fast Refresh] done in 44ms @ http://localhost:3001/_next/static/chunks/node_modules_next_dist_1e8vcs8._.js:776
[  185307ms] [LOG] [Fast Refresh] done in 44ms @ http://localhost:3001/_next/static/chunks/node_modules_next_dist_1e8vcs8._.js:776
[  185357ms] [LOG] [Fast Refresh] done in 44ms @ http://localhost:3001/_next/static/chunks/node_modules_next_dist_1e8vcs8._.js:776
[  185407ms] [LOG] [Fast Refresh] done in 44ms @ http://localhost:3001/_next/static/chunks/node_modules_next_dist_1e8vcs8._.js:776
[  185456ms] [LOG] [Fast Refresh] done in 44ms @ http://localhost:3001/_next/static/chunks/node_modules_next_dist_1e8vcs8._.js:776
[  185507ms] [LOG] [Fast Refresh] done in 44ms @ http://localhost:3001/_next/static/chunks/node_modules_next_dist_1e8vcs8._.js:776
[  185573ms] [LOG] [Fast Refresh] done in 44ms @ http://localhost:3001/_next/static/chunks/node_modules_next_dist_1e8vcs8._.js:776
[  185636ms] [LOG] [Fast Refresh] done in 44ms @ http://localhost:3001/_next/static/chunks/node_modules_next_dist_1e8vcs8._.js:776
[  185713ms] [LOG] [Fast Refresh] done in 44ms @ http://localhost:3001/_next/static/chunks/node_modules_next_dist_1e8vcs8._.js:776
[  185774ms] [LOG] [Fast Refresh] done in 44ms @ http://localhost:3001/_next/static/chunks/node_modules_next_dist_1e8vcs8._.js:776
[  185824ms] [LOG] [Fast Refresh] done in 44ms @ http://localhost:3001/_next/static/chunks/node_modules_next_dist_1e8vcs8._.js:776
[  185886ms] [LOG] [Fast Refresh] done in 44ms @ http://localhost:3001/_next/static/chunks/node_modules_next_dist_1e8vcs8._.js:776
[  185941ms] [LOG] [Fast Refresh] done in 44ms @ http://localhost:3001/_next/static/chunks/node_modules_next_dist_1e8vcs8._.js:776
[  186005ms] [LOG] [Fast Refresh] done in 44ms @ http://localhost:3001/_next/static/chunks/node_modules_next_dist_1e8vcs8._.js:776
[  186056ms] [LOG] [Fast Refresh] done in 44ms @ http://localhost:3001/_next/static/chunks/node_modules_next_dist_1e8vcs8._.js:776
[  186122ms] [LOG] [Fast Refresh] done in 44ms @ http://localhost:3001/_next/static/chunks/node_modules_next_dist_1e8vcs8._.js:776
[  186172ms] [LOG] [Fast Refresh] done in 44ms @ http://localhost:3001/_next/static/chunks/node_modules_next_dist_1e8vcs8._.js:776
[  186236ms] [LOG] [Fast Refresh] done in 44ms @ http://localhost:3001/_next/static/chunks/node_modules_next_dist_1e8vcs8._.js:776
[  186290ms] [LOG] [Fast Refresh] done in 44ms @ http://localhost:3001/_next/static/chunks/node_modules_next_dist_1e8vcs8._.js:776
[  186355ms] [LOG] [Fast Refresh] done in 44ms @ http://localhost:3001/_next/static/chunks/node_modules_next_dist_1e8vcs8._.js:776
[  186406ms] [LOG] [Fast Refresh] done in 44ms @ http://localhost:3001/_next/static/chunks/node_modules_next_dist_1e8vcs8._.js:776
[  186458ms] [LOG] [Fast Refresh] done in 44ms @ http://localhost:3001/_next/static/chunks/node_modules_next_dist_1e8vcs8._.js:776
[  186507ms] [LOG] [Fast Refresh] done in 44ms @ http://localhost:3001/_next/static/chunks/node_modules_next_dist_1e8vcs8._.js:776
[  186557ms] [LOG] [Fast Refresh] done in 44ms @ http://localhost:3001/_next/static/chunks/node_modules_next_dist_1e8vcs8._.js:776
[  186620ms] [LOG] [Fast Refresh] done in 44ms @ http://localhost:3001/_next/static/chunks/node_modules_next_dist_1e8vcs8._.js:776
[  186673ms] [LOG] [Fast Refresh] done in 44ms @ http://localhost:3001/_next/static/chunks/node_modules_next_dist_1e8vcs8._.js:776
[  186739ms] [LOG] [Fast Refresh] done in 44ms @ http://localhost:3001/_next/static/chunks/node_modules_next_dist_1e8vcs8._.js:776
[  186800ms] [LOG] [Fast Refresh] done in 44ms @ http://localhost:3001/_next/static/chunks/node_modules_next_dist_1e8vcs8._.js:776
[  186856ms] [LOG] [Fast Refresh] done in 44ms @ http://localhost:3001/_next/static/chunks/node_modules_next_dist_1e8vcs8._.js:776
[  186921ms] [LOG] [Fast Refresh] done in 44ms @ http://localhost:3001/_next/static/chunks/node_modules_next_dist_1e8vcs8._.js:776
[  186973ms] [LOG] [Fast Refresh] done in 44ms @ http://localhost:3001/_next/static/chunks/node_modules_next_dist_1e8vcs8._.js:776
[  187025ms] [LOG] [Fast Refresh] done in 44ms @ http://localhost:3001/_next/static/chunks/node_modules_next_dist_1e8vcs8._.js:776
[  187074ms] [LOG] [Fast Refresh] done in 44ms @ http://localhost:3001/_next/static/chunks/node_modules_next_dist_1e8vcs8._.js:776
[  187123ms] [LOG] [Fast Refresh] done in 44ms @ http://localhost:3001/_next/static/chunks/node_modules_next_dist_1e8vcs8._.js:776
[  187186ms] [LOG] [Fast Refresh] done in 44ms @ http://localhost:3001/_next/static/chunks/node_modules_next_dist_1e8vcs8._.js:776
[  187241ms] [LOG] [Fast Refresh] done in 44ms @ http://localhost:3001/_next/static/chunks/node_modules_next_dist_1e8vcs8._.js:776
[  187291ms] [LOG] [Fast Refresh] done in 44ms @ http://localhost:3001/_next/static/chunks/node_modules_next_dist_1e8vcs8._.js:776
[  187340ms] [LOG] [Fast Refresh] done in 44ms @ http://localhost:3001/_next/static/chunks/node_modules_next_dist_1e8vcs8._.js:776
[  187389ms] [LOG] [Fast Refresh] done in 44ms @ http://localhost:3001/_next/static/chunks/node_modules_next_dist_1e8vcs8._.js:776
[  187453ms] [LOG] [Fast Refresh] done in 44ms @ http://localhost:3001/_next/static/chunks/node_modules_next_dist_1e8vcs8._.js:776
[  187506ms] [LOG] [Fast Refresh] done in 44ms @ http://localhost:3001/_next/static/chunks/node_modules_next_dist_1e8vcs8._.js:776
[  187556ms] [LOG] [Fast Refresh] done in 44ms @ http://localhost:3001/_next/static/chunks/node_modules_next_dist_1e8vcs8._.js:776
[  187607ms] [LOG] [Fast Refresh] done in 44ms @ http://localhost:3001/_next/static/chunks/node_modules_next_dist_1e8vcs8._.js:776
[  187658ms] [LOG] [Fast Refresh] done in 44ms @ http://localhost:3001/_next/static/chunks/node_modules_next_dist_1e8vcs8._.js:776
[  187708ms] [LOG] [Fast Refresh] done in 44ms @ http://localhost:3001/_next/static/chunks/node_modules_next_dist_1e8vcs8._.js:776
[  187773ms] [LOG] [Fast Refresh] done in 44ms @ http://localhost:3001/_next/static/chunks/node_modules_next_dist_1e8vcs8._.js:776
[  187836ms] [LOG] [Fast Refresh] done in 44ms @ http://localhost:3001/_next/static/chunks/node_modules_next_dist_1e8vcs8._.js:776
[  187906ms] [LOG] [Fast Refresh] done in 44ms @ http://localhost:3001/_next/static/chunks/node_modules_next_dist_1e8vcs8._.js:776
[  187967ms] [LOG] [Fast Refresh] done in 44ms @ http://localhost:3001/_next/static/chunks/node_modules_next_dist_1e8vcs8._.js:776
[  188030ms] [LOG] [Fast Refresh] done in 44ms @ http://localhost:3001/_next/static/chunks/node_modules_next_dist_1e8vcs8._.js:776
[  188090ms] [LOG] [Fast Refresh] done in 44ms @ http://localhost:3001/_next/static/chunks/node_modules_next_dist_1e8vcs8._.js:776
[  188154ms] [LOG] [Fast Refresh] done in 44ms @ http://localhost:3001/_next/static/chunks/node_modules_next_dist_1e8vcs8._.js:776
[  188207ms] [LOG] [Fast Refresh] done in 44ms @ http://localhost:3001/_next/static/chunks/node_modules_next_dist_1e8vcs8._.js:776
[  188257ms] [LOG] [Fast Refresh] done in 44ms @ http://localhost:3001/_next/static/chunks/node_modules_next_dist_1e8vcs8._.js:776
[  188307ms] [LOG] [Fast Refresh] done in 44ms @ http://localhost:3001/_next/static/chunks/node_modules_next_dist_1e8vcs8._.js:776
[  188357ms] [LOG] [Fast Refresh] done in 44ms @ http://localhost:3001/_next/static/chunks/node_modules_next_dist_1e8vcs8._.js:776
[  188420ms] [LOG] [Fast Refresh] done in 44ms @ http://localhost:3001/_next/static/chunks/node_modules_next_dist_1e8vcs8._.js:776
[  188473ms] [LOG] [Fast Refresh] done in 44ms @ http://localhost:3001/_next/static/chunks/node_modules_next_dist_1e8vcs8._.js:776
[  188524ms] [LOG] [Fast Refresh] done in 44ms @ http://localhost:3001/_next/static/chunks/node_modules_next_dist_1e8vcs8._.js:776
[  188586ms] [LOG] [Fast Refresh] done in 44ms @ http://localhost:3001/_next/static/chunks/node_modules_next_dist_1e8vcs8._.js:776
[  188639ms] [LOG] [Fast Refresh] done in 44ms @ http://localhost:3001/_next/static/chunks/node_modules_next_dist_1e8vcs8._.js:776
[  188706ms] [LOG] [Fast Refresh] done in 44ms @ http://localhost:3001/_next/static/chunks/node_modules_next_dist_1e8vcs8._.js:776
[  188772ms] [LOG] [Fast Refresh] done in 44ms @ http://localhost:3001/_next/static/chunks/node_modules_next_dist_1e8vcs8._.js:776
[  188837ms] [LOG] [Fast Refresh] done in 44ms @ http://localhost:3001/_next/static/chunks/node_modules_next_dist_1e8vcs8._.js:776
[  188890ms] [LOG] [Fast Refresh] done in 44ms @ http://localhost:3001/_next/static/chunks/node_modules_next_dist_1e8vcs8._.js:776
[  188940ms] [LOG] [Fast Refresh] done in 44ms @ http://localhost:3001/_next/static/chunks/node_modules_next_dist_1e8vcs8._.js:776
[  188990ms] [LOG] [Fast Refresh] done in 44ms @ http://localhost:3001/_next/static/chunks/node_modules_next_dist_1e8vcs8._.js:776
[  189055ms] [LOG] [Fast Refresh] done in 44ms @ http://localhost:3001/_next/static/chunks/node_modules_next_dist_1e8vcs8._.js:776
[  189119ms] [LOG] [Fast Refresh] done in 44ms @ http://localhost:3001/_next/static/chunks/node_modules_next_dist_1e8vcs8._.js:776
[  189173ms] [LOG] [Fast Refresh] done in 44ms @ http://localhost:3001/_next/static/chunks/node_modules_next_dist_1e8vcs8._.js:776
[  189223ms] [LOG] [Fast Refresh] done in 44ms @ http://localhost:3001/_next/static/chunks/node_modules_next_dist_1e8vcs8._.js:776
[  189272ms] [LOG] [Fast Refresh] done in 44ms @ http://localhost:3001/_next/static/chunks/node_modules_next_dist_1e8vcs8._.js:776
[  189339ms] [LOG] [Fast Refresh] done in 44ms @ http://localhost:3001/_next/static/chunks/node_modules_next_dist_1e8vcs8._.js:776
[  189405ms] [LOG] [Fast Refresh] done in 44ms @ http://localhost:3001/_next/static/chunks/node_modules_next_dist_1e8vcs8._.js:776
[  189472ms] [LOG] [Fast Refresh] done in 44ms @ http://localhost:3001/_next/static/chunks/node_modules_next_dist_1e8vcs8._.js:776
[  189524ms] [LOG] [Fast Refresh] done in 44ms @ http://localhost:3001/_next/static/chunks/node_modules_next_dist_1e8vcs8._.js:776
[  189573ms] [LOG] [Fast Refresh] done in 44ms @ http://localhost:3001/_next/static/chunks/node_modules_next_dist_1e8vcs8._.js:776
[  189624ms] [LOG] [Fast Refresh] done in 44ms @ http://localhost:3001/_next/static/chunks/node_modules_next_dist_1e8vcs8._.js:776
[  189689ms] [LOG] [Fast Refresh] done in 44ms @ http://localhost:3001/_next/static/chunks/node_modules_next_dist_1e8vcs8._.js:776
[  189751ms] [LOG] [Fast Refresh] done in 44ms @ http://localhost:3001/_next/static/chunks/node_modules_next_dist_1e8vcs8._.js:776
[  189806ms] [LOG] [Fast Refresh] done in 44ms @ http://localhost:3001/_next/static/chunks/node_modules_next_dist_1e8vcs8._.js:776
[  189872ms] [LOG] [Fast Refresh] done in 44ms @ http://localhost:3001/_next/static/chunks/node_modules_next_dist_1e8vcs8._.js:776
[  189940ms] [LOG] [Fast Refresh] done in 44ms @ http://localhost:3001/_next/static/chunks/node_modules_next_dist_1e8vcs8._.js:776
[  190003ms] [LOG] [Fast Refresh] done in 44ms @ http://localhost:3001/_next/static/chunks/node_modules_next_dist_1e8vcs8._.js:776
[  190057ms] [LOG] [Fast Refresh] done in 44ms @ http://localhost:3001/_next/static/chunks/node_modules_next_dist_1e8vcs8._.js:776
[  190121ms] [LOG] [Fast Refresh] done in 44ms @ http://localhost:3001/_next/static/chunks/node_modules_next_dist_1e8vcs8._.js:776
[  190173ms] [LOG] [Fast Refresh] done in 44ms @ http://localhost:3001/_next/static/chunks/node_modules_next_dist_1e8vcs8._.js:776
[  190224ms] [LOG] [Fast Refresh] done in 44ms @ http://localhost:3001/_next/static/chunks/node_modules_next_dist_1e8vcs8._.js:776
[  190286ms] [LOG] [Fast Refresh] done in 44ms @ http://localhost:3001/_next/static/chunks/node_modules_next_dist_1e8vcs8._.js:776
[  190340ms] [LOG] [Fast Refresh] done in 44ms @ http://localhost:3001/_next/static/chunks/node_modules_next_dist_1e8vcs8._.js:776
[  190390ms] [LOG] [Fast Refresh] done in 44ms @ http://localhost:3001/_next/static/chunks/node_modules_next_dist_1e8vcs8._.js:776
[  190440ms] [LOG] [Fast Refresh] done in 44ms @ http://localhost:3001/_next/static/chunks/node_modules_next_dist_1e8vcs8._.js:776
[  190490ms] [LOG] [Fast Refresh] done in 44ms @ http://localhost:3001/_next/static/chunks/node_modules_next_dist_1e8vcs8._.js:776
[  190540ms] [LOG] [Fast Refresh] done in 44ms @ http://localhost:3001/_next/static/chunks/node_modules_next_dist_1e8vcs8._.js:776
[  190589ms] [LOG] [Fast Refresh] done in 44ms @ http://localhost:3001/_next/static/chunks/node_modules_next_dist_1e8vcs8._.js:776
[  190654ms] [LOG] [Fast Refresh] done in 44ms @ http://localhost:3001/_next/static/chunks/node_modules_next_dist_1e8vcs8._.js:776
[  190707ms] [LOG] [Fast Refresh] done in 44ms @ http://localhost:3001/_next/static/chunks/node_modules_next_dist_1e8vcs8._.js:776
[  190758ms] [LOG] [Fast Refresh] done in 44ms @ http://localhost:3001/_next/static/chunks/node_modules_next_dist_1e8vcs8._.js:776
[  190807ms] [LOG] [Fast Refresh] done in 44ms @ http://localhost:3001/_next/static/chunks/node_modules_next_dist_1e8vcs8._.js:776
[  190871ms] [LOG] [Fast Refresh] done in 44ms @ http://localhost:3001/_next/static/chunks/node_modules_next_dist_1e8vcs8._.js:776
[  190924ms] [LOG] [Fast Refresh] done in 44ms @ http://localhost:3001/_next/static/chunks/node_modules_next_dist_1e8vcs8._.js:776
[  190988ms] [LOG] [Fast Refresh] done in 44ms @ http://localhost:3001/_next/static/chunks/node_modules_next_dist_1e8vcs8._.js:776
[  191056ms] [LOG] [Fast Refresh] done in 44ms @ http://localhost:3001/_next/static/chunks/node_modules_next_dist_1e8vcs8._.js:776
[  191106ms] [LOG] [Fast Refresh] done in 44ms @ http://localhost:3001/_next/static/chunks/node_modules_next_dist_1e8vcs8._.js:776
[  191157ms] [LOG] [Fast Refresh] done in 44ms @ http://localhost:3001/_next/static/chunks/node_modules_next_dist_1e8vcs8._.js:776
[  191222ms] [LOG] [Fast Refresh] done in 44ms @ http://localhost:3001/_next/static/chunks/node_modules_next_dist_1e8vcs8._.js:776
[  191287ms] [LOG] [Fast Refresh] done in 44ms @ http://localhost:3001/_next/static/chunks/node_modules_next_dist_1e8vcs8._.js:776
[  191340ms] [LOG] [Fast Refresh] done in 44ms @ http://localhost:3001/_next/static/chunks/node_modules_next_dist_1e8vcs8._.js:776
[  191405ms] [LOG] [Fast Refresh] done in 44ms @ http://localhost:3001/_next/static/chunks/node_modules_next_dist_1e8vcs8._.js:776
[  191467ms] [LOG] [Fast Refresh] done in 44ms @ http://localhost:3001/_next/static/chunks/node_modules_next_dist_1e8vcs8._.js:776
[  191521ms] [LOG] [Fast Refresh] done in 44ms @ http://localhost:3001/_next/static/chunks/node_modules_next_dist_1e8vcs8._.js:776
[  191588ms] [LOG] [Fast Refresh] done in 44ms @ http://localhost:3001/_next/static/chunks/node_modules_next_dist_1e8vcs8._.js:776
[  191638ms] [LOG] [Fast Refresh] done in 44ms @ http://localhost:3001/_next/static/chunks/node_modules_next_dist_1e8vcs8._.js:776
[  191691ms] [LOG] [Fast Refresh] done in 44ms @ http://localhost:3001/_next/static/chunks/node_modules_next_dist_1e8vcs8._.js:776
[  191756ms] [LOG] [Fast Refresh] done in 44ms @ http://localhost:3001/_next/static/chunks/node_modules_next_dist_1e8vcs8._.js:776
[  191822ms] [LOG] [Fast Refresh] done in 44ms @ http://localhost:3001/_next/static/chunks/node_modules_next_dist_1e8vcs8._.js:776
[  191873ms] [LOG] [Fast Refresh] done in 44ms @ http://localhost:3001/_next/static/chunks/node_modules_next_dist_1e8vcs8._.js:776
[  191923ms] [LOG] [Fast Refresh] done in 44ms @ http://localhost:3001/_next/static/chunks/node_modules_next_dist_1e8vcs8._.js:776
[  191985ms] [LOG] [Fast Refresh] done in 44ms @ http://localhost:3001/_next/static/chunks/node_modules_next_dist_1e8vcs8._.js:776
[  192039ms] [LOG] [Fast Refresh] done in 44ms @ http://localhost:3001/_next/static/chunks/node_modules_next_dist_1e8vcs8._.js:776
[  192090ms] [LOG] [Fast Refresh] done in 44ms @ http://localhost:3001/_next/static/chunks/node_modules_next_dist_1e8vcs8._.js:776
[  192141ms] [LOG] [Fast Refresh] done in 44ms @ http://localhost:3001/_next/static/chunks/node_modules_next_dist_1e8vcs8._.js:776
[  192190ms] [LOG] [Fast Refresh] done in 44ms @ http://localhost:3001/_next/static/chunks/node_modules_next_dist_1e8vcs8._.js:776
[  192240ms] [LOG] [Fast Refresh] done in 44ms @ http://localhost:3001/_next/static/chunks/node_modules_next_dist_1e8vcs8._.js:776
[  192303ms] [LOG] [Fast Refresh] done in 44ms @ http://localhost:3001/_next/static/chunks/node_modules_next_dist_1e8vcs8._.js:776
[  192357ms] [LOG] [Fast Refresh] done in 44ms @ http://localhost:3001/_next/static/chunks/node_modules_next_dist_1e8vcs8._.js:776
[  192422ms] [LOG] [Fast Refresh] done in 44ms @ http://localhost:3001/_next/static/chunks/node_modules_next_dist_1e8vcs8._.js:776
[  192473ms] [LOG] [Fast Refresh] done in 44ms @ http://localhost:3001/_next/static/chunks/node_modules_next_dist_1e8vcs8._.js:776
[  192524ms] [LOG] [Fast Refresh] done in 44ms @ http://localhost:3001/_next/static/chunks/node_modules_next_dist_1e8vcs8._.js:776
[  192587ms] [LOG] [Fast Refresh] done in 44ms @ http://localhost:3001/_next/static/chunks/node_modules_next_dist_1e8vcs8._.js:776
[  192638ms] [LOG] [Fast Refresh] done in 44ms @ http://localhost:3001/_next/static/chunks/node_modules_next_dist_1e8vcs8._.js:776
[  192690ms] [LOG] [Fast Refresh] done in 44ms @ http://localhost:3001/_next/static/chunks/node_modules_next_dist_1e8vcs8._.js:776
[  192741ms] [LOG] [Fast Refresh] done in 44ms @ http://localhost:3001/_next/static/chunks/node_modules_next_dist_1e8vcs8._.js:776
[  192791ms] [LOG] [Fast Refresh] done in 44ms @ http://localhost:3001/_next/static/chunks/node_modules_next_dist_1e8vcs8._.js:776
[  192842ms] [LOG] [Fast Refresh] done in 44ms @ http://localhost:3001/_next/static/chunks/node_modules_next_dist_1e8vcs8._.js:776
[  192902ms] [LOG] [Fast Refresh] done in 44ms @ http://localhost:3001/_next/static/chunks/node_modules_next_dist_1e8vcs8._.js:776
[  192957ms] [LOG] [Fast Refresh] done in 44ms @ http://localhost:3001/_next/static/chunks/node_modules_next_dist_1e8vcs8._.js:776
[  193022ms] [LOG] [Fast Refresh] done in 44ms @ http://localhost:3001/_next/static/chunks/node_modules_next_dist_1e8vcs8._.js:776
[  193072ms] [LOG] [Fast Refresh] done in 44ms @ http://localhost:3001/_next/static/chunks/node_modules_next_dist_1e8vcs8._.js:776
[  193140ms] [LOG] [Fast Refresh] done in 44ms @ http://localhost:3001/_next/static/chunks/node_modules_next_dist_1e8vcs8._.js:776
[  193203ms] [LOG] [Fast Refresh] done in 44ms @ http://localhost:3001/_next/static/chunks/node_modules_next_dist_1e8vcs8._.js:776
[  193256ms] [LOG] [Fast Refresh] done in 44ms @ http://localhost:3001/_next/static/chunks/node_modules_next_dist_1e8vcs8._.js:776
[  193306ms] [LOG] [Fast Refresh] done in 44ms @ http://localhost:3001/_next/static/chunks/node_modules_next_dist_1e8vcs8._.js:776
[  193357ms] [LOG] [Fast Refresh] done in 44ms @ http://localhost:3001/_next/static/chunks/node_modules_next_dist_1e8vcs8._.js:776
[  193407ms] [LOG] [Fast Refresh] done in 44ms @ http://localhost:3001/_next/static/chunks/node_modules_next_dist_1e8vcs8._.js:776
[  193456ms] [LOG] [Fast Refresh] done in 44ms @ http://localhost:3001/_next/static/chunks/node_modules_next_dist_1e8vcs8._.js:776
[  193518ms] [LOG] [Fast Refresh] done in 44ms @ http://localhost:3001/_next/static/chunks/node_modules_next_dist_1e8vcs8._.js:776
[  193573ms] [LOG] [Fast Refresh] done in 44ms @ http://localhost:3001/_next/static/chunks/node_modules_next_dist_1e8vcs8._.js:776
[  193622ms] [LOG] [Fast Refresh] done in 44ms @ http://localhost:3001/_next/static/chunks/node_modules_next_dist_1e8vcs8._.js:776
[  193686ms] [LOG] [Fast Refresh] done in 44ms @ http://localhost:3001/_next/static/chunks/node_modules_next_dist_1e8vcs8._.js:776
[  193757ms] [LOG] [Fast Refresh] done in 44ms @ http://localhost:3001/_next/static/chunks/node_modules_next_dist_1e8vcs8._.js:776
[  193817ms] [LOG] [Fast Refresh] done in 44ms @ http://localhost:3001/_next/static/chunks/node_modules_next_dist_1e8vcs8._.js:776
[  193874ms] [LOG] [Fast Refresh] done in 44ms @ http://localhost:3001/_next/static/chunks/node_modules_next_dist_1e8vcs8._.js:776
[  193937ms] [LOG] [Fast Refresh] done in 44ms @ http://localhost:3001/_next/static/chunks/node_modules_next_dist_1e8vcs8._.js:776
[  193989ms] [LOG] [Fast Refresh] done in 44ms @ http://localhost:3001/_next/static/chunks/node_modules_next_dist_1e8vcs8._.js:776
[  194056ms] [LOG] [Fast Refresh] done in 44ms @ http://localhost:3001/_next/static/chunks/node_modules_next_dist_1e8vcs8._.js:776
[  194106ms] [LOG] [Fast Refresh] done in 44ms @ http://localhost:3001/_next/static/chunks/node_modules_next_dist_1e8vcs8._.js:776
[  194157ms] [LOG] [Fast Refresh] done in 44ms @ http://localhost:3001/_next/static/chunks/node_modules_next_dist_1e8vcs8._.js:776
[  194207ms] [LOG] [Fast Refresh] done in 44ms @ http://localhost:3001/_next/static/chunks/node_modules_next_dist_1e8vcs8._.js:776
[  194257ms] [LOG] [Fast Refresh] done in 44ms @ http://localhost:3001/_next/static/chunks/node_modules_next_dist_1e8vcs8._.js:776
[  194307ms] [LOG] [Fast Refresh] done in 44ms @ http://localhost:3001/_next/static/chunks/node_modules_next_dist_1e8vcs8._.js:776
[  194357ms] [LOG] [Fast Refresh] done in 44ms @ http://localhost:3001/_next/static/chunks/node_modules_next_dist_1e8vcs8._.js:776
[  194422ms] [LOG] [Fast Refresh] done in 44ms @ http://localhost:3001/_next/static/chunks/node_modules_next_dist_1e8vcs8._.js:776
[  194486ms] [LOG] [Fast Refresh] done in 44ms @ http://localhost:3001/_next/static/chunks/node_modules_next_dist_1e8vcs8._.js:776
[  194556ms] [LOG] [Fast Refresh] done in 44ms @ http://localhost:3001/_next/static/chunks/node_modules_next_dist_1e8vcs8._.js:776
[  194605ms] [LOG] [Fast Refresh] done in 44ms @ http://localhost:3001/_next/static/chunks/node_modules_next_dist_1e8vcs8._.js:776
[  194656ms] [LOG] [Fast Refresh] done in 44ms @ http://localhost:3001/_next/static/chunks/node_modules_next_dist_1e8vcs8._.js:776
[  194707ms] [LOG] [Fast Refresh] done in 44ms @ http://localhost:3001/_next/static/chunks/node_modules_next_dist_1e8vcs8._.js:776
[  194774ms] [LOG] [Fast Refresh] done in 44ms @ http://localhost:3001/_next/static/chunks/node_modules_next_dist_1e8vcs8._.js:776
[  194840ms] [LOG] [Fast Refresh] done in 44ms @ http://localhost:3001/_next/static/chunks/node_modules_next_dist_1e8vcs8._.js:776
[  194890ms] [LOG] [Fast Refresh] done in 44ms @ http://localhost:3001/_next/static/chunks/node_modules_next_dist_1e8vcs8._.js:776
[  194939ms] [LOG] [Fast Refresh] done in 44ms @ http://localhost:3001/_next/static/chunks/node_modules_next_dist_1e8vcs8._.js:776
[  195002ms] [LOG] [Fast Refresh] done in 44ms @ http://localhost:3001/_next/static/chunks/node_modules_next_dist_1e8vcs8._.js:776
[  195056ms] [LOG] [Fast Refresh] done in 44ms @ http://localhost:3001/_next/static/chunks/node_modules_next_dist_1e8vcs8._.js:776
[  195107ms] [LOG] [Fast Refresh] done in 44ms @ http://localhost:3001/_next/static/chunks/node_modules_next_dist_1e8vcs8._.js:776
[  195158ms] [LOG] [Fast Refresh] done in 44ms @ http://localhost:3001/_next/static/chunks/node_modules_next_dist_1e8vcs8._.js:776
[  195220ms] [LOG] [Fast Refresh] done in 44ms @ http://localhost:3001/_next/static/chunks/node_modules_next_dist_1e8vcs8._.js:776
[  195273ms] [LOG] [Fast Refresh] done in 44ms @ http://localhost:3001/_next/static/chunks/node_modules_next_dist_1e8vcs8._.js:776
[  195323ms] [LOG] [Fast Refresh] done in 44ms @ http://localhost:3001/_next/static/chunks/node_modules_next_dist_1e8vcs8._.js:776
[  195374ms] [LOG] [Fast Refresh] done in 44ms @ http://localhost:3001/_next/static/chunks/node_modules_next_dist_1e8vcs8._.js:776
[  195424ms] [LOG] [Fast Refresh] done in 44ms @ http://localhost:3001/_next/static/chunks/node_modules_next_dist_1e8vcs8._.js:776
[  195490ms] [LOG] [Fast Refresh] done in 44ms @ http://localhost:3001/_next/static/chunks/node_modules_next_dist_1e8vcs8._.js:776
[  195539ms] [LOG] [Fast Refresh] done in 44ms @ http://localhost:3001/_next/static/chunks/node_modules_next_dist_1e8vcs8._.js:776
[  195590ms] [LOG] [Fast Refresh] done in 44ms @ http://localhost:3001/_next/static/chunks/node_modules_next_dist_1e8vcs8._.js:776
[  195639ms] [LOG] [Fast Refresh] done in 44ms @ http://localhost:3001/_next/static/chunks/node_modules_next_dist_1e8vcs8._.js:776
[  195701ms] [LOG] [Fast Refresh] done in 44ms @ http://localhost:3001/_next/static/chunks/node_modules_next_dist_1e8vcs8._.js:776
[  195758ms] [LOG] [Fast Refresh] done in 44ms @ http://localhost:3001/_next/static/chunks/node_modules_next_dist_1e8vcs8._.js:776
[  195821ms] [LOG] [Fast Refresh] done in 44ms @ http://localhost:3001/_next/static/chunks/node_modules_next_dist_1e8vcs8._.js:776
[  195874ms] [LOG] [Fast Refresh] done in 44ms @ http://localhost:3001/_next/static/chunks/node_modules_next_dist_1e8vcs8._.js:776
[  195924ms] [LOG] [Fast Refresh] done in 44ms @ http://localhost:3001/_next/static/chunks/node_modules_next_dist_1e8vcs8._.js:776
[  195989ms] [LOG] [Fast Refresh] done in 44ms @ http://localhost:3001/_next/static/chunks/node_modules_next_dist_1e8vcs8._.js:776
[  196057ms] [LOG] [Fast Refresh] done in 44ms @ http://localhost:3001/_next/static/chunks/node_modules_next_dist_1e8vcs8._.js:776
[  196107ms] [LOG] [Fast Refresh] done in 44ms @ http://localhost:3001/_next/static/chunks/node_modules_next_dist_1e8vcs8._.js:776
[  196157ms] [LOG] [Fast Refresh] done in 44ms @ http://localhost:3001/_next/static/chunks/node_modules_next_dist_1e8vcs8._.js:776
[  196220ms] [LOG] [Fast Refresh] done in 44ms @ http://localhost:3001/_next/static/chunks/node_modules_next_dist_1e8vcs8._.js:776
[  196273ms] [LOG] [Fast Refresh] done in 44ms @ http://localhost:3001/_next/static/chunks/node_modules_next_dist_1e8vcs8._.js:776
[  196335ms] [LOG] [Fast Refresh] done in 44ms @ http://localhost:3001/_next/static/chunks/node_modules_next_dist_1e8vcs8._.js:776
[  196391ms] [LOG] [Fast Refresh] done in 44ms @ http://localhost:3001/_next/static/chunks/node_modules_next_dist_1e8vcs8._.js:776
[  196454ms] [LOG] [Fast Refresh] done in 44ms @ http://localhost:3001/_next/static/chunks/node_modules_next_dist_1e8vcs8._.js:776
[  196506ms] [LOG] [Fast Refresh] done in 44ms @ http://localhost:3001/_next/static/chunks/node_modules_next_dist_1e8vcs8._.js:776
[  196557ms] [LOG] [Fast Refresh] done in 44ms @ http://localhost:3001/_next/static/chunks/node_modules_next_dist_1e8vcs8._.js:776
[  196606ms] [LOG] [Fast Refresh] done in 44ms @ http://localhost:3001/_next/static/chunks/node_modules_next_dist_1e8vcs8._.js:776
[  196657ms] [LOG] [Fast Refresh] done in 44ms @ http://localhost:3001/_next/static/chunks/node_modules_next_dist_1e8vcs8._.js:776
[  196720ms] [LOG] [Fast Refresh] done in 44ms @ http://localhost:3001/_next/static/chunks/node_modules_next_dist_1e8vcs8._.js:776
[  196774ms] [LOG] [Fast Refresh] done in 44ms @ http://localhost:3001/_next/static/chunks/node_modules_next_dist_1e8vcs8._.js:776
[  196824ms] [LOG] [Fast Refresh] done in 44ms @ http://localhost:3001/_next/static/chunks/node_modules_next_dist_1e8vcs8._.js:776
[  196875ms] [LOG] [Fast Refresh] done in 44ms @ http://localhost:3001/_next/static/chunks/node_modules_next_dist_1e8vcs8._.js:776
[  196939ms] [LOG] [Fast Refresh] done in 44ms @ http://localhost:3001/_next/static/chunks/node_modules_next_dist_1e8vcs8._.js:776
[  196990ms] [LOG] [Fast Refresh] done in 44ms @ http://localhost:3001/_next/static/chunks/node_modules_next_dist_1e8vcs8._.js:776
[  197057ms] [LOG] [Fast Refresh] done in 44ms @ http://localhost:3001/_next/static/chunks/node_modules_next_dist_1e8vcs8._.js:776
[  197107ms] [LOG] [Fast Refresh] done in 44ms @ http://localhost:3001/_next/static/chunks/node_modules_next_dist_1e8vcs8._.js:776
[  197157ms] [LOG] [Fast Refresh] done in 44ms @ http://localhost:3001/_next/static/chunks/node_modules_next_dist_1e8vcs8._.js:776
[  197207ms] [LOG] [Fast Refresh] done in 44ms @ http://localhost:3001/_next/static/chunks/node_modules_next_dist_1e8vcs8._.js:776
[  197258ms] [LOG] [Fast Refresh] done in 44ms @ http://localhost:3001/_next/static/chunks/node_modules_next_dist_1e8vcs8._.js:776
[  197320ms] [LOG] [Fast Refresh] done in 44ms @ http://localhost:3001/_next/static/chunks/node_modules_next_dist_1e8vcs8._.js:776
[  197386ms] [LOG] [Fast Refresh] done in 44ms @ http://localhost:3001/_next/static/chunks/node_modules_next_dist_1e8vcs8._.js:776
[  197439ms] [LOG] [Fast Refresh] done in 44ms @ http://localhost:3001/_next/static/chunks/node_modules_next_dist_1e8vcs8._.js:776
[  197490ms] [LOG] [Fast Refresh] done in 44ms @ http://localhost:3001/_next/static/chunks/node_modules_next_dist_1e8vcs8._.js:776
[  197542ms] [LOG] [Fast Refresh] done in 44ms @ http://localhost:3001/_next/static/chunks/node_modules_next_dist_1e8vcs8._.js:776
[  197591ms] [LOG] [Fast Refresh] done in 44ms @ http://localhost:3001/_next/static/chunks/node_modules_next_dist_1e8vcs8._.js:776
[  197655ms] [LOG] [Fast Refresh] done in 44ms @ http://localhost:3001/_next/static/chunks/node_modules_next_dist_1e8vcs8._.js:776
[  197707ms] [LOG] [Fast Refresh] done in 44ms @ http://localhost:3001/_next/static/chunks/node_modules_next_dist_1e8vcs8._.js:776
[  197756ms] [LOG] [Fast Refresh] done in 44ms @ http://localhost:3001/_next/static/chunks/node_modules_next_dist_1e8vcs8._.js:776
[  197806ms] [LOG] [Fast Refresh] done in 44ms @ http://localhost:3001/_next/static/chunks/node_modules_next_dist_1e8vcs8._.js:776
[  197857ms] [LOG] [Fast Refresh] done in 44ms @ http://localhost:3001/_next/static/chunks/node_modules_next_dist_1e8vcs8._.js:776
[  197922ms] [LOG] [Fast Refresh] done in 44ms @ http://localhost:3001/_next/static/chunks/node_modules_next_dist_1e8vcs8._.js:776
[  197987ms] [LOG] [Fast Refresh] done in 44ms @ http://localhost:3001/_next/static/chunks/node_modules_next_dist_1e8vcs8._.js:776
[  198040ms] [LOG] [Fast Refresh] done in 44ms @ http://localhost:3001/_next/static/chunks/node_modules_next_dist_1e8vcs8._.js:776
[  198090ms] [LOG] [Fast Refresh] done in 44ms @ http://localhost:3001/_next/static/chunks/node_modules_next_dist_1e8vcs8._.js:776
[  198140ms] [LOG] [Fast Refresh] done in 44ms @ http://localhost:3001/_next/static/chunks/node_modules_next_dist_1e8vcs8._.js:776
[  198191ms] [LOG] [Fast Refresh] done in 44ms @ http://localhost:3001/_next/static/chunks/node_modules_next_dist_1e8vcs8._.js:776
[  198255ms] [LOG] [Fast Refresh] done in 44ms @ http://localhost:3001/_next/static/chunks/node_modules_next_dist_1e8vcs8._.js:776
[  198307ms] [LOG] [Fast Refresh] done in 44ms @ http://localhost:3001/_next/static/chunks/node_modules_next_dist_1e8vcs8._.js:776
[  198356ms] [LOG] [Fast Refresh] done in 44ms @ http://localhost:3001/_next/static/chunks/node_modules_next_dist_1e8vcs8._.js:776
[  198407ms] [LOG] [Fast Refresh] done in 44ms @ http://localhost:3001/_next/static/chunks/node_modules_next_dist_1e8vcs8._.js:776
[  198457ms] [LOG] [Fast Refresh] done in 44ms @ http://localhost:3001/_next/static/chunks/node_modules_next_dist_1e8vcs8._.js:776
[  198520ms] [LOG] [Fast Refresh] done in 44ms @ http://localhost:3001/_next/static/chunks/node_modules_next_dist_1e8vcs8._.js:776
[  198573ms] [LOG] [Fast Refresh] done in 44ms @ http://localhost:3001/_next/static/chunks/node_modules_next_dist_1e8vcs8._.js:776
[  198639ms] [LOG] [Fast Refresh] done in 44ms @ http://localhost:3001/_next/static/chunks/node_modules_next_dist_1e8vcs8._.js:776
[  198692ms] [LOG] [Fast Refresh] done in 44ms @ http://localhost:3001/_next/static/chunks/node_modules_next_dist_1e8vcs8._.js:776
[  198741ms] [LOG] [Fast Refresh] done in 44ms @ http://localhost:3001/_next/static/chunks/node_modules_next_dist_1e8vcs8._.js:776
[  198792ms] [LOG] [Fast Refresh] done in 44ms @ http://localhost:3001/_next/static/chunks/node_modules_next_dist_1e8vcs8._.js:776
[  198856ms] [LOG] [Fast Refresh] done in 44ms @ http://localhost:3001/_next/static/chunks/node_modules_next_dist_1e8vcs8._.js:776
[  198906ms] [LOG] [Fast Refresh] done in 44ms @ http://localhost:3001/_next/static/chunks/node_modules_next_dist_1e8vcs8._.js:776
[  198957ms] [LOG] [Fast Refresh] done in 44ms @ http://localhost:3001/_next/static/chunks/node_modules_next_dist_1e8vcs8._.js:776
[  199007ms] [LOG] [Fast Refresh] done in 44ms @ http://localhost:3001/_next/static/chunks/node_modules_next_dist_1e8vcs8._.js:776
[  199057ms] [LOG] [Fast Refresh] done in 44ms @ http://localhost:3001/_next/static/chunks/node_modules_next_dist_1e8vcs8._.js:776
[  199120ms] [LOG] [Fast Refresh] done in 44ms @ http://localhost:3001/_next/static/chunks/node_modules_next_dist_1e8vcs8._.js:776
[  199187ms] [LOG] [Fast Refresh] done in 44ms @ http://localhost:3001/_next/static/chunks/node_modules_next_dist_1e8vcs8._.js:776
[  199240ms] [LOG] [Fast Refresh] done in 44ms @ http://localhost:3001/_next/static/chunks/node_modules_next_dist_1e8vcs8._.js:776
[  199290ms] [LOG] [Fast Refresh] done in 44ms @ http://localhost:3001/_next/static/chunks/node_modules_next_dist_1e8vcs8._.js:776
[  199341ms] [LOG] [Fast Refresh] done in 44ms @ http://localhost:3001/_next/static/chunks/node_modules_next_dist_1e8vcs8._.js:776
[  199390ms] [LOG] [Fast Refresh] done in 44ms @ http://localhost:3001/_next/static/chunks/node_modules_next_dist_1e8vcs8._.js:776
[  199441ms] [LOG] [Fast Refresh] done in 44ms @ http://localhost:3001/_next/static/chunks/node_modules_next_dist_1e8vcs8._.js:776
[  199491ms] [LOG] [Fast Refresh] done in 44ms @ http://localhost:3001/_next/static/chunks/node_modules_next_dist_1e8vcs8._.js:776
[  199540ms] [LOG] [Fast Refresh] done in 44ms @ http://localhost:3001/_next/static/chunks/node_modules_next_dist_1e8vcs8._.js:776
[  199591ms] [LOG] [Fast Refresh] done in 44ms @ http://localhost:3001/_next/static/chunks/node_modules_next_dist_1e8vcs8._.js:776
[  199654ms] [LOG] [Fast Refresh] done in 44ms @ http://localhost:3001/_next/static/chunks/node_modules_next_dist_1e8vcs8._.js:776
[  199722ms] [LOG] [Fast Refresh] done in 44ms @ http://localhost:3001/_next/static/chunks/node_modules_next_dist_1e8vcs8._.js:776
[  199786ms] [LOG] [Fast Refresh] done in 44ms @ http://localhost:3001/_next/static/chunks/node_modules_next_dist_1e8vcs8._.js:776
[  199840ms] [LOG] [Fast Refresh] done in 44ms @ http://localhost:3001/_next/static/chunks/node_modules_next_dist_1e8vcs8._.js:776
[  199889ms] [LOG] [Fast Refresh] done in 44ms @ http://localhost:3001/_next/static/chunks/node_modules_next_dist_1e8vcs8._.js:776
[  199939ms] [LOG] [Fast Refresh] done in 44ms @ http://localhost:3001/_next/static/chunks/node_modules_next_dist_1e8vcs8._.js:776
[  199990ms] [LOG] [Fast Refresh] done in 44ms @ http://localhost:3001/_next/static/chunks/node_modules_next_dist_1e8vcs8._.js:776
[  200051ms] [LOG] [Fast Refresh] done in 44ms @ http://localhost:3001/_next/static/chunks/node_modules_next_dist_1e8vcs8._.js:776
[  200106ms] [LOG] [Fast Refresh] done in 44ms @ http://localhost:3001/_next/static/chunks/node_modules_next_dist_1e8vcs8._.js:776
[  200170ms] [LOG] [Fast Refresh] done in 44ms @ http://localhost:3001/_next/static/chunks/node_modules_next_dist_1e8vcs8._.js:776
[  200222ms] [LOG] [Fast Refresh] done in 44ms @ http://localhost:3001/_next/static/chunks/node_modules_next_dist_1e8vcs8._.js:776
[  200274ms] [LOG] [Fast Refresh] done in 44ms @ http://localhost:3001/_next/static/chunks/node_modules_next_dist_1e8vcs8._.js:776
[  200335ms] [LOG] [Fast Refresh] done in 44ms @ http://localhost:3001/_next/static/chunks/node_modules_next_dist_1e8vcs8._.js:776
[  200404ms] [LOG] [Fast Refresh] done in 44ms @ http://localhost:3001/_next/static/chunks/node_modules_next_dist_1e8vcs8._.js:776
[  200457ms] [LOG] [Fast Refresh] done in 44ms @ http://localhost:3001/_next/static/chunks/node_modules_next_dist_1e8vcs8._.js:776
[  200523ms] [LOG] [Fast Refresh] done in 44ms @ http://localhost:3001/_next/static/chunks/node_modules_next_dist_1e8vcs8._.js:776
[  200573ms] [LOG] [Fast Refresh] done in 44ms @ http://localhost:3001/_next/static/chunks/node_modules_next_dist_1e8vcs8._.js:776
[  200624ms] [LOG] [Fast Refresh] done in 44ms @ http://localhost:3001/_next/static/chunks/node_modules_next_dist_1e8vcs8._.js:776
[  200689ms] [LOG] [Fast Refresh] done in 44ms @ http://localhost:3001/_next/static/chunks/node_modules_next_dist_1e8vcs8._.js:776
[  200756ms] [LOG] [Fast Refresh] done in 44ms @ http://localhost:3001/_next/static/chunks/node_modules_next_dist_1e8vcs8._.js:776
[  200806ms] [LOG] [Fast Refresh] done in 44ms @ http://localhost:3001/_next/static/chunks/node_modules_next_dist_1e8vcs8._.js:776
[  200857ms] [LOG] [Fast Refresh] done in 44ms @ http://localhost:3001/_next/static/chunks/node_modules_next_dist_1e8vcs8._.js:776
[  200918ms] [LOG] [Fast Refresh] done in 44ms @ http://localhost:3001/_next/static/chunks/node_modules_next_dist_1e8vcs8._.js:776
[  200973ms] [LOG] [Fast Refresh] done in 44ms @ http://localhost:3001/_next/static/chunks/node_modules_next_dist_1e8vcs8._.js:776
[  201023ms] [LOG] [Fast Refresh] done in 44ms @ http://localhost:3001/_next/static/chunks/node_modules_next_dist_1e8vcs8._.js:776
[  201078ms] [LOG] [Fast Refresh] done in 44ms @ http://localhost:3001/_next/static/chunks/node_modules_next_dist_1e8vcs8._.js:776
[  201138ms] [LOG] [Fast Refresh] done in 44ms @ http://localhost:3001/_next/static/chunks/node_modules_next_dist_1e8vcs8._.js:776
[  201204ms] [LOG] [Fast Refresh] done in 44ms @ http://localhost:3001/_next/static/chunks/node_modules_next_dist_1e8vcs8._.js:776
[  201255ms] [LOG] [Fast Refresh] done in 44ms @ http://localhost:3001/_next/static/chunks/node_modules_next_dist_1e8vcs8._.js:776
[  201320ms] [LOG] [Fast Refresh] done in 44ms @ http://localhost:3001/_next/static/chunks/node_modules_next_dist_1e8vcs8._.js:776
[  201373ms] [LOG] [Fast Refresh] done in 44ms @ http://localhost:3001/_next/static/chunks/node_modules_next_dist_1e8vcs8._.js:776
[  201440ms] [LOG] [Fast Refresh] done in 44ms @ http://localhost:3001/_next/static/chunks/node_modules_next_dist_1e8vcs8._.js:776
[  201500ms] [LOG] [Fast Refresh] done in 44ms @ http://localhost:3001/_next/static/chunks/node_modules_next_dist_1e8vcs8._.js:776
[  201556ms] [LOG] [Fast Refresh] done in 44ms @ http://localhost:3001/_next/static/chunks/node_modules_next_dist_1e8vcs8._.js:776
[  201607ms] [LOG] [Fast Refresh] done in 44ms @ http://localhost:3001/_next/static/chunks/node_modules_next_dist_1e8vcs8._.js:776
[  201657ms] [LOG] [Fast Refresh] done in 44ms @ http://localhost:3001/_next/static/chunks/node_modules_next_dist_1e8vcs8._.js:776
[  201706ms] [LOG] [Fast Refresh] done in 44ms @ http://localhost:3001/_next/static/chunks/node_modules_next_dist_1e8vcs8._.js:776
[  201756ms] [LOG] [Fast Refresh] done in 44ms @ http://localhost:3001/_next/static/chunks/node_modules_next_dist_1e8vcs8._.js:776
[  201807ms] [LOG] [Fast Refresh] done in 44ms @ http://localhost:3001/_next/static/chunks/node_modules_next_dist_1e8vcs8._.js:776
[  201873ms] [LOG] [Fast Refresh] done in 44ms @ http://localhost:3001/_next/static/chunks/node_modules_next_dist_1e8vcs8._.js:776
[  201939ms] [LOG] [Fast Refresh] done in 44ms @ http://localhost:3001/_next/static/chunks/node_modules_next_dist_1e8vcs8._.js:776
[  201991ms] [LOG] [Fast Refresh] done in 44ms @ http://localhost:3001/_next/static/chunks/node_modules_next_dist_1e8vcs8._.js:776
[  202039ms] [LOG] [Fast Refresh] done in 44ms @ http://localhost:3001/_next/static/chunks/node_modules_next_dist_1e8vcs8._.js:776
[  202102ms] [LOG] [Fast Refresh] done in 44ms @ http://localhost:3001/_next/static/chunks/node_modules_next_dist_1e8vcs8._.js:776
[  202155ms] [LOG] [Fast Refresh] done in 44ms @ http://localhost:3001/_next/static/chunks/node_modules_next_dist_1e8vcs8._.js:776
[  202206ms] [LOG] [Fast Refresh] done in 44ms @ http://localhost:3001/_next/static/chunks/node_modules_next_dist_1e8vcs8._.js:776
[  202271ms] [LOG] [Fast Refresh] done in 44ms @ http://localhost:3001/_next/static/chunks/node_modules_next_dist_1e8vcs8._.js:776
[  202322ms] [LOG] [Fast Refresh] done in 44ms @ http://localhost:3001/_next/static/chunks/node_modules_next_dist_1e8vcs8._.js:776
[  202374ms] [LOG] [Fast Refresh] done in 44ms @ http://localhost:3001/_next/static/chunks/node_modules_next_dist_1e8vcs8._.js:776
[  202424ms] [LOG] [Fast Refresh] done in 44ms @ http://localhost:3001/_next/static/chunks/node_modules_next_dist_1e8vcs8._.js:776
[  202474ms] [LOG] [Fast Refresh] done in 44ms @ http://localhost:3001/_next/static/chunks/node_modules_next_dist_1e8vcs8._.js:776
[  202523ms] [LOG] [Fast Refresh] done in 44ms @ http://localhost:3001/_next/static/chunks/node_modules_next_dist_1e8vcs8._.js:776
[  202574ms] [LOG] [Fast Refresh] done in 44ms @ http://localhost:3001/_next/static/chunks/node_modules_next_dist_1e8vcs8._.js:776
[  202624ms] [LOG] [Fast Refresh] done in 44ms @ http://localhost:3001/_next/static/chunks/node_modules_next_dist_1e8vcs8._.js:776
[  202687ms] [LOG] [Fast Refresh] done in 44ms @ http://localhost:3001/_next/static/chunks/node_modules_next_dist_1e8vcs8._.js:776
[  202740ms] [LOG] [Fast Refresh] done in 44ms @ http://localhost:3001/_next/static/chunks/node_modules_next_dist_1e8vcs8._.js:776
[  202807ms] [LOG] [Fast Refresh] done in 44ms @ http://localhost:3001/_next/static/chunks/node_modules_next_dist_1e8vcs8._.js:776
[  202856ms] [LOG] [Fast Refresh] done in 44ms @ http://localhost:3001/_next/static/chunks/node_modules_next_dist_1e8vcs8._.js:776
[  202923ms] [LOG] [Fast Refresh] done in 44ms @ http://localhost:3001/_next/static/chunks/node_modules_next_dist_1e8vcs8._.js:776
[  202973ms] [LOG] [Fast Refresh] done in 44ms @ http://localhost:3001/_next/static/chunks/node_modules_next_dist_1e8vcs8._.js:776
[  203023ms] [LOG] [Fast Refresh] done in 44ms @ http://localhost:3001/_next/static/chunks/node_modules_next_dist_1e8vcs8._.js:776
[  203074ms] [LOG] [Fast Refresh] done in 44ms @ http://localhost:3001/_next/static/chunks/node_modules_next_dist_1e8vcs8._.js:776
[  203124ms] [LOG] [Fast Refresh] done in 44ms @ http://localhost:3001/_next/static/chunks/node_modules_next_dist_1e8vcs8._.js:776
[  203174ms] [LOG] [Fast Refresh] done in 44ms @ http://localhost:3001/_next/static/chunks/node_modules_next_dist_1e8vcs8._.js:776
[  203236ms] [LOG] [Fast Refresh] done in 44ms @ http://localhost:3001/_next/static/chunks/node_modules_next_dist_1e8vcs8._.js:776
[  203289ms] [LOG] [Fast Refresh] done in 44ms @ http://localhost:3001/_next/static/chunks/node_modules_next_dist_1e8vcs8._.js:776
[  203340ms] [LOG] [Fast Refresh] done in 44ms @ http://localhost:3001/_next/static/chunks/node_modules_next_dist_1e8vcs8._.js:776
[  203390ms] [LOG] [Fast Refresh] done in 44ms @ http://localhost:3001/_next/static/chunks/node_modules_next_dist_1e8vcs8._.js:776
[  203455ms] [LOG] [Fast Refresh] done in 44ms @ http://localhost:3001/_next/static/chunks/node_modules_next_dist_1e8vcs8._.js:776
[  203507ms] [LOG] [Fast Refresh] done in 44ms @ http://localhost:3001/_next/static/chunks/node_modules_next_dist_1e8vcs8._.js:776
[  203556ms] [LOG] [Fast Refresh] done in 44ms @ http://localhost:3001/_next/static/chunks/node_modules_next_dist_1e8vcs8._.js:776
[  203606ms] [LOG] [Fast Refresh] done in 44ms @ http://localhost:3001/_next/static/chunks/node_modules_next_dist_1e8vcs8._.js:776
[  203672ms] [LOG] [Fast Refresh] done in 44ms @ http://localhost:3001/_next/static/chunks/node_modules_next_dist_1e8vcs8._.js:776
[  203723ms] [LOG] [Fast Refresh] done in 44ms @ http://localhost:3001/_next/static/chunks/node_modules_next_dist_1e8vcs8._.js:776
[  203790ms] [LOG] [Fast Refresh] done in 44ms @ http://localhost:3001/_next/static/chunks/node_modules_next_dist_1e8vcs8._.js:776
[  203853ms] [LOG] [Fast Refresh] done in 44ms @ http://localhost:3001/_next/static/chunks/node_modules_next_dist_1e8vcs8._.js:776
[  203905ms] [LOG] [Fast Refresh] done in 44ms @ http://localhost:3001/_next/static/chunks/node_modules_next_dist_1e8vcs8._.js:776
[  203957ms] [LOG] [Fast Refresh] done in 44ms @ http://localhost:3001/_next/static/chunks/node_modules_next_dist_1e8vcs8._.js:776
[  204007ms] [LOG] [Fast Refresh] done in 44ms @ http://localhost:3001/_next/static/chunks/node_modules_next_dist_1e8vcs8._.js:776
[  204057ms] [LOG] [Fast Refresh] done in 44ms @ http://localhost:3001/_next/static/chunks/node_modules_next_dist_1e8vcs8._.js:776
[  204121ms] [LOG] [Fast Refresh] done in 44ms @ http://localhost:3001/_next/static/chunks/node_modules_next_dist_1e8vcs8._.js:776
[  204174ms] [LOG] [Fast Refresh] done in 44ms @ http://localhost:3001/_next/static/chunks/node_modules_next_dist_1e8vcs8._.js:776
[  204224ms] [LOG] [Fast Refresh] done in 44ms @ http://localhost:3001/_next/static/chunks/node_modules_next_dist_1e8vcs8._.js:776
[  204288ms] [LOG] [Fast Refresh] done in 44ms @ http://localhost:3001/_next/static/chunks/node_modules_next_dist_1e8vcs8._.js:776
[  204354ms] [LOG] [Fast Refresh] done in 44ms @ http://localhost:3001/_next/static/chunks/node_modules_next_dist_1e8vcs8._.js:776
[  204406ms] [LOG] [Fast Refresh] done in 44ms @ http://localhost:3001/_next/static/chunks/node_modules_next_dist_1e8vcs8._.js:776
[  204457ms] [LOG] [Fast Refresh] done in 44ms @ http://localhost:3001/_next/static/chunks/node_modules_next_dist_1e8vcs8._.js:776
[  204521ms] [LOG] [Fast Refresh] done in 44ms @ http://localhost:3001/_next/static/chunks/node_modules_next_dist_1e8vcs8._.js:776
[  204573ms] [LOG] [Fast Refresh] done in 44ms @ http://localhost:3001/_next/static/chunks/node_modules_next_dist_1e8vcs8._.js:776
[  204624ms] [LOG] [Fast Refresh] done in 44ms @ http://localhost:3001/_next/static/chunks/node_modules_next_dist_1e8vcs8._.js:776
[  204689ms] [LOG] [Fast Refresh] done in 44ms @ http://localhost:3001/_next/static/chunks/node_modules_next_dist_1e8vcs8._.js:776
[  204741ms] [LOG] [Fast Refresh] done in 44ms @ http://localhost:3001/_next/static/chunks/node_modules_next_dist_1e8vcs8._.js:776
[  204806ms] [LOG] [Fast Refresh] done in 44ms @ http://localhost:3001/_next/static/chunks/node_modules_next_dist_1e8vcs8._.js:776
[  204857ms] [LOG] [Fast Refresh] done in 44ms @ http://localhost:3001/_next/static/chunks/node_modules_next_dist_1e8vcs8._.js:776
[  204922ms] [LOG] [Fast Refresh] done in 44ms @ http://localhost:3001/_next/static/chunks/node_modules_next_dist_1e8vcs8._.js:776
[  204985ms] [LOG] [Fast Refresh] done in 44ms @ http://localhost:3001/_next/static/chunks/node_modules_next_dist_1e8vcs8._.js:776
[  205047ms] [LOG] [Fast Refresh] done in 44ms @ http://localhost:3001/_next/static/chunks/node_modules_next_dist_1e8vcs8._.js:776
[  205106ms] [LOG] [Fast Refresh] done in 44ms @ http://localhost:3001/_next/static/chunks/node_modules_next_dist_1e8vcs8._.js:776
[  205170ms] [LOG] [Fast Refresh] done in 44ms @ http://localhost:3001/_next/static/chunks/node_modules_next_dist_1e8vcs8._.js:776
[  205223ms] [LOG] [Fast Refresh] done in 44ms @ http://localhost:3001/_next/static/chunks/node_modules_next_dist_1e8vcs8._.js:776
[  205273ms] [LOG] [Fast Refresh] done in 44ms @ http://localhost:3001/_next/static/chunks/node_modules_next_dist_1e8vcs8._.js:776
[  205338ms] [LOG] [Fast Refresh] done in 44ms @ http://localhost:3001/_next/static/chunks/node_modules_next_dist_1e8vcs8._.js:776
[  205405ms] [LOG] [Fast Refresh] done in 44ms @ http://localhost:3001/_next/static/chunks/node_modules_next_dist_1e8vcs8._.js:776
[  205455ms] [LOG] [Fast Refresh] done in 44ms @ http://localhost:3001/_next/static/chunks/node_modules_next_dist_1e8vcs8._.js:776
[  205508ms] [LOG] [Fast Refresh] done in 44ms @ http://localhost:3001/_next/static/chunks/node_modules_next_dist_1e8vcs8._.js:776
[  205569ms] [LOG] [Fast Refresh] done in 44ms @ http://localhost:3001/_next/static/chunks/node_modules_next_dist_1e8vcs8._.js:776
[  205623ms] [LOG] [Fast Refresh] done in 44ms @ http://localhost:3001/_next/static/chunks/node_modules_next_dist_1e8vcs8._.js:776
[  205673ms] [LOG] [Fast Refresh] done in 44ms @ http://localhost:3001/_next/static/chunks/node_modules_next_dist_1e8vcs8._.js:776
[  205723ms] [LOG] [Fast Refresh] done in 44ms @ http://localhost:3001/_next/static/chunks/node_modules_next_dist_1e8vcs8._.js:776
[  205774ms] [LOG] [Fast Refresh] done in 44ms @ http://localhost:3001/_next/static/chunks/node_modules_next_dist_1e8vcs8._.js:776
[  205840ms] [LOG] [Fast Refresh] done in 44ms @ http://localhost:3001/_next/static/chunks/node_modules_next_dist_1e8vcs8._.js:776
[  205904ms] [LOG] [Fast Refresh] done in 44ms @ http://localhost:3001/_next/static/chunks/node_modules_next_dist_1e8vcs8._.js:776
[  205957ms] [LOG] [Fast Refresh] done in 44ms @ http://localhost:3001/_next/static/chunks/node_modules_next_dist_1e8vcs8._.js:776
[  206007ms] [LOG] [Fast Refresh] done in 44ms @ http://localhost:3001/_next/static/chunks/node_modules_next_dist_1e8vcs8._.js:776
[  206058ms] [LOG] [Fast Refresh] done in 44ms @ http://localhost:3001/_next/static/chunks/node_modules_next_dist_1e8vcs8._.js:776
[  206124ms] [LOG] [Fast Refresh] done in 44ms @ http://localhost:3001/_next/static/chunks/node_modules_next_dist_1e8vcs8._.js:776
[  206186ms] [LOG] [Fast Refresh] done in 44ms @ http://localhost:3001/_next/static/chunks/node_modules_next_dist_1e8vcs8._.js:776
[  206239ms] [LOG] [Fast Refresh] done in 44ms @ http://localhost:3001/_next/static/chunks/node_modules_next_dist_1e8vcs8._.js:776
[  206290ms] [LOG] [Fast Refresh] done in 44ms @ http://localhost:3001/_next/static/chunks/node_modules_next_dist_1e8vcs8._.js:776
[  206340ms] [LOG] [Fast Refresh] done in 44ms @ http://localhost:3001/_next/static/chunks/node_modules_next_dist_1e8vcs8._.js:776
[  206390ms] [LOG] [Fast Refresh] done in 44ms @ http://localhost:3001/_next/static/chunks/node_modules_next_dist_1e8vcs8._.js:776
[  206440ms] [LOG] [Fast Refresh] done in 44ms @ http://localhost:3001/_next/static/chunks/node_modules_next_dist_1e8vcs8._.js:776
[  206501ms] [LOG] [Fast Refresh] done in 44ms @ http://localhost:3001/_next/static/chunks/node_modules_next_dist_1e8vcs8._.js:776
[  206556ms] [LOG] [Fast Refresh] done in 44ms @ http://localhost:3001/_next/static/chunks/node_modules_next_dist_1e8vcs8._.js:776
[  206607ms] [LOG] [Fast Refresh] done in 44ms @ http://localhost:3001/_next/static/chunks/node_modules_next_dist_1e8vcs8._.js:776
[  206656ms] [LOG] [Fast Refresh] done in 44ms @ http://localhost:3001/_next/static/chunks/node_modules_next_dist_1e8vcs8._.js:776
[  206706ms] [LOG] [Fast Refresh] done in 44ms @ http://localhost:3001/_next/static/chunks/node_modules_next_dist_1e8vcs8._.js:776
[  206771ms] [LOG] [Fast Refresh] done in 44ms @ http://localhost:3001/_next/static/chunks/node_modules_next_dist_1e8vcs8._.js:776
[  206825ms] [LOG] [Fast Refresh] done in 44ms @ http://localhost:3001/_next/static/chunks/node_modules_next_dist_1e8vcs8._.js:776
[  206890ms] [LOG] [Fast Refresh] done in 44ms @ http://localhost:3001/_next/static/chunks/node_modules_next_dist_1e8vcs8._.js:776
[  206940ms] [LOG] [Fast Refresh] done in 44ms @ http://localhost:3001/_next/static/chunks/node_modules_next_dist_1e8vcs8._.js:776
[  206990ms] [LOG] [Fast Refresh] done in 44ms @ http://localhost:3001/_next/static/chunks/node_modules_next_dist_1e8vcs8._.js:776
[  207041ms] [LOG] [Fast Refresh] done in 44ms @ http://localhost:3001/_next/static/chunks/node_modules_next_dist_1e8vcs8._.js:776
[  207105ms] [LOG] [Fast Refresh] done in 44ms @ http://localhost:3001/_next/static/chunks/node_modules_next_dist_1e8vcs8._.js:776
[  207156ms] [LOG] [Fast Refresh] done in 44ms @ http://localhost:3001/_next/static/chunks/node_modules_next_dist_1e8vcs8._.js:776
[  207222ms] [LOG] [Fast Refresh] done in 44ms @ http://localhost:3001/_next/static/chunks/node_modules_next_dist_1e8vcs8._.js:776
[  207273ms] [LOG] [Fast Refresh] done in 44ms @ http://localhost:3001/_next/static/chunks/node_modules_next_dist_1e8vcs8._.js:776
[  207339ms] [LOG] [Fast Refresh] done in 44ms @ http://localhost:3001/_next/static/chunks/node_modules_next_dist_1e8vcs8._.js:776
[  207405ms] [LOG] [Fast Refresh] done in 44ms @ http://localhost:3001/_next/static/chunks/node_modules_next_dist_1e8vcs8._.js:776
[  207467ms] [LOG] [Fast Refresh] done in 44ms @ http://localhost:3001/_next/static/chunks/node_modules_next_dist_1e8vcs8._.js:776
[  207525ms] [LOG] [Fast Refresh] done in 44ms @ http://localhost:3001/_next/static/chunks/node_modules_next_dist_1e8vcs8._.js:776
[  207588ms] [LOG] [Fast Refresh] done in 44ms @ http://localhost:3001/_next/static/chunks/node_modules_next_dist_1e8vcs8._.js:776
[  207640ms] [LOG] [Fast Refresh] done in 44ms @ http://localhost:3001/_next/static/chunks/node_modules_next_dist_1e8vcs8._.js:776
[  207690ms] [LOG] [Fast Refresh] done in 44ms @ http://localhost:3001/_next/static/chunks/node_modules_next_dist_1e8vcs8._.js:776
[  207740ms] [LOG] [Fast Refresh] done in 44ms @ http://localhost:3001/_next/static/chunks/node_modules_next_dist_1e8vcs8._.js:776
[  207791ms] [LOG] [Fast Refresh] done in 44ms @ http://localhost:3001/_next/static/chunks/node_modules_next_dist_1e8vcs8._.js:776
[  207857ms] [LOG] [Fast Refresh] done in 44ms @ http://localhost:3001/_next/static/chunks/node_modules_next_dist_1e8vcs8._.js:776
[  207907ms] [LOG] [Fast Refresh] done in 44ms @ http://localhost:3001/_next/static/chunks/node_modules_next_dist_1e8vcs8._.js:776
[  207972ms] [LOG] [Fast Refresh] done in 44ms @ http://localhost:3001/_next/static/chunks/node_modules_next_dist_1e8vcs8._.js:776
[  208034ms] [LOG] [Fast Refresh] done in 44ms @ http://localhost:3001/_next/static/chunks/node_modules_next_dist_1e8vcs8._.js:776
[  208075ms] [LOG] [Fast Refresh] done in 44ms @ http://localhost:3001/_next/static/chunks/node_modules_next_dist_1e8vcs8._.js:776
[  208124ms] [LOG] [Fast Refresh] done in 44ms @ http://localhost:3001/_next/static/chunks/node_modules_next_dist_1e8vcs8._.js:776
[  208175ms] [LOG] [Fast Refresh] done in 44ms @ http://localhost:3001/_next/static/chunks/node_modules_next_dist_1e8vcs8._.js:776
[  208225ms] [LOG] [Fast Refresh] done in 44ms @ http://localhost:3001/_next/static/chunks/node_modules_next_dist_1e8vcs8._.js:776
[  208273ms] [LOG] [Fast Refresh] done in 44ms @ http://localhost:3001/_next/static/chunks/node_modules_next_dist_1e8vcs8._.js:776
[  208323ms] [LOG] [Fast Refresh] done in 44ms @ http://localhost:3001/_next/static/chunks/node_modules_next_dist_1e8vcs8._.js:776
[  208373ms] [LOG] [Fast Refresh] done in 44ms @ http://localhost:3001/_next/static/chunks/node_modules_next_dist_1e8vcs8._.js:776
[  208423ms] [LOG] [Fast Refresh] done in 44ms @ http://localhost:3001/_next/static/chunks/node_modules_next_dist_1e8vcs8._.js:776
[  208474ms] [LOG] [Fast Refresh] done in 44ms @ http://localhost:3001/_next/static/chunks/node_modules_next_dist_1e8vcs8._.js:776
[  208539ms] [LOG] [Fast Refresh] done in 44ms @ http://localhost:3001/_next/static/chunks/node_modules_next_dist_1e8vcs8._.js:776
[  208589ms] [LOG] [Fast Refresh] done in 44ms @ http://localhost:3001/_next/static/chunks/node_modules_next_dist_1e8vcs8._.js:776
[  208639ms] [LOG] [Fast Refresh] done in 44ms @ http://localhost:3001/_next/static/chunks/node_modules_next_dist_1e8vcs8._.js:776
[  208690ms] [LOG] [Fast Refresh] done in 44ms @ http://localhost:3001/_next/static/chunks/node_modules_next_dist_1e8vcs8._.js:776
[  208740ms] [LOG] [Fast Refresh] done in 44ms @ http://localhost:3001/_next/static/chunks/node_modules_next_dist_1e8vcs8._.js:776
[  208791ms] [LOG] [Fast Refresh] done in 44ms @ http://localhost:3001/_next/static/chunks/node_modules_next_dist_1e8vcs8._.js:776
[  208840ms] [LOG] [Fast Refresh] done in 44ms @ http://localhost:3001/_next/static/chunks/node_modules_next_dist_1e8vcs8._.js:776
[  208891ms] [LOG] [Fast Refresh] done in 44ms @ http://localhost:3001/_next/static/chunks/node_modules_next_dist_1e8vcs8._.js:776
[  208939ms] [LOG] [Fast Refresh] done in 44ms @ http://localhost:3001/_next/static/chunks/node_modules_next_dist_1e8vcs8._.js:776
[  208990ms] [LOG] [Fast Refresh] done in 44ms @ http://localhost:3001/_next/static/chunks/node_modules_next_dist_1e8vcs8._.js:776
[  209040ms] [LOG] [Fast Refresh] done in 44ms @ http://localhost:3001/_next/static/chunks/node_modules_next_dist_1e8vcs8._.js:776
[  209105ms] [LOG] [Fast Refresh] done in 44ms @ http://localhost:3001/_next/static/chunks/node_modules_next_dist_1e8vcs8._.js:776
[  209156ms] [LOG] [Fast Refresh] done in 44ms @ http://localhost:3001/_next/static/chunks/node_modules_next_dist_1e8vcs8._.js:776
[  209207ms] [LOG] [Fast Refresh] done in 44ms @ http://localhost:3001/_next/static/chunks/node_modules_next_dist_1e8vcs8._.js:776
[  209256ms] [LOG] [Fast Refresh] done in 44ms @ http://localhost:3001/_next/static/chunks/node_modules_next_dist_1e8vcs8._.js:776
[  209306ms] [LOG] [Fast Refresh] done in 44ms @ http://localhost:3001/_next/static/chunks/node_modules_next_dist_1e8vcs8._.js:776
[  209356ms] [LOG] [Fast Refresh] done in 44ms @ http://localhost:3001/_next/static/chunks/node_modules_next_dist_1e8vcs8._.js:776
[  209423ms] [LOG] [Fast Refresh] done in 44ms @ http://localhost:3001/_next/static/chunks/node_modules_next_dist_1e8vcs8._.js:776
[  209474ms] [LOG] [Fast Refresh] done in 44ms @ http://localhost:3001/_next/static/chunks/node_modules_next_dist_1e8vcs8._.js:776
[  209524ms] [LOG] [Fast Refresh] done in 44ms @ http://localhost:3001/_next/static/chunks/node_modules_next_dist_1e8vcs8._.js:776
[  209587ms] [LOG] [Fast Refresh] done in 44ms @ http://localhost:3001/_next/static/chunks/node_modules_next_dist_1e8vcs8._.js:776
[  209641ms] [LOG] [Fast Refresh] done in 44ms @ http://localhost:3001/_next/static/chunks/node_modules_next_dist_1e8vcs8._.js:776
[  209703ms] [LOG] [Fast Refresh] done in 44ms @ http://localhost:3001/_next/static/chunks/node_modules_next_dist_1e8vcs8._.js:776
[  209757ms] [LOG] [Fast Refresh] done in 44ms @ http://localhost:3001/_next/static/chunks/node_modules_next_dist_1e8vcs8._.js:776
[  209808ms] [LOG] [Fast Refresh] done in 44ms @ http://localhost:3001/_next/static/chunks/node_modules_next_dist_1e8vcs8._.js:776
[  209872ms] [LOG] [Fast Refresh] done in 44ms @ http://localhost:3001/_next/static/chunks/node_modules_next_dist_1e8vcs8._.js:776
[  209937ms] [LOG] [Fast Refresh] done in 44ms @ http://localhost:3001/_next/static/chunks/node_modules_next_dist_1e8vcs8._.js:776
[  209990ms] [LOG] [Fast Refresh] done in 44ms @ http://localhost:3001/_next/static/chunks/node_modules_next_dist_1e8vcs8._.js:776
[  210041ms] [LOG] [Fast Refresh] done in 44ms @ http://localhost:3001/_next/static/chunks/node_modules_next_dist_1e8vcs8._.js:776
[  210091ms] [LOG] [Fast Refresh] done in 44ms @ http://localhost:3001/_next/static/chunks/node_modules_next_dist_1e8vcs8._.js:776
[  210156ms] [LOG] [Fast Refresh] done in 44ms @ http://localhost:3001/_next/static/chunks/node_modules_next_dist_1e8vcs8._.js:776
[  210207ms] [LOG] [Fast Refresh] done in 44ms @ http://localhost:3001/_next/static/chunks/node_modules_next_dist_1e8vcs8._.js:776
[  210271ms] [LOG] [Fast Refresh] done in 44ms @ http://localhost:3001/_next/static/chunks/node_modules_next_dist_1e8vcs8._.js:776
[  210322ms] [LOG] [Fast Refresh] done in 44ms @ http://localhost:3001/_next/static/chunks/node_modules_next_dist_1e8vcs8._.js:776
[  210390ms] [LOG] [Fast Refresh] done in 44ms @ http://localhost:3001/_next/static/chunks/node_modules_next_dist_1e8vcs8._.js:776
[  210440ms] [LOG] [Fast Refresh] done in 44ms @ http://localhost:3001/_next/static/chunks/node_modules_next_dist_1e8vcs8._.js:776
[  210490ms] [LOG] [Fast Refresh] done in 44ms @ http://localhost:3001/_next/static/chunks/node_modules_next_dist_1e8vcs8._.js:776
[  210541ms] [LOG] [Fast Refresh] done in 44ms @ http://localhost:3001/_next/static/chunks/node_modules_next_dist_1e8vcs8._.js:776
[  210590ms] [LOG] [Fast Refresh] done in 44ms @ http://localhost:3001/_next/static/chunks/node_modules_next_dist_1e8vcs8._.js:776
[  210655ms] [LOG] [Fast Refresh] done in 44ms @ http://localhost:3001/_next/static/chunks/node_modules_next_dist_1e8vcs8._.js:776
[  210706ms] [LOG] [Fast Refresh] done in 44ms @ http://localhost:3001/_next/static/chunks/node_modules_next_dist_1e8vcs8._.js:776
[  210772ms] [LOG] [Fast Refresh] done in 44ms @ http://localhost:3001/_next/static/chunks/node_modules_next_dist_1e8vcs8._.js:776
[  210834ms] [LOG] [Fast Refresh] done in 44ms @ http://localhost:3001/_next/static/chunks/node_modules_next_dist_1e8vcs8._.js:776
[  210891ms] [LOG] [Fast Refresh] done in 44ms @ http://localhost:3001/_next/static/chunks/node_modules_next_dist_1e8vcs8._.js:776
[  210961ms] [LOG] [Fast Refresh] done in 44ms @ http://localhost:3001/_next/static/chunks/node_modules_next_dist_1e8vcs8._.js:776
[  211024ms] [LOG] [Fast Refresh] done in 44ms @ http://localhost:3001/_next/static/chunks/node_modules_next_dist_1e8vcs8._.js:776
[  211074ms] [LOG] [Fast Refresh] done in 44ms @ http://localhost:3001/_next/static/chunks/node_modules_next_dist_1e8vcs8._.js:776
[  211124ms] [LOG] [Fast Refresh] done in 44ms @ http://localhost:3001/_next/static/chunks/node_modules_next_dist_1e8vcs8._.js:776
[  211190ms] [LOG] [Fast Refresh] done in 44ms @ http://localhost:3001/_next/static/chunks/node_modules_next_dist_1e8vcs8._.js:776
[  211254ms] [LOG] [Fast Refresh] done in 44ms @ http://localhost:3001/_next/static/chunks/node_modules_next_dist_1e8vcs8._.js:776
[  211307ms] [LOG] [Fast Refresh] done in 44ms @ http://localhost:3001/_next/static/chunks/node_modules_next_dist_1e8vcs8._.js:776
[  211357ms] [LOG] [Fast Refresh] done in 44ms @ http://localhost:3001/_next/static/chunks/node_modules_next_dist_1e8vcs8._.js:776
[  211419ms] [LOG] [Fast Refresh] done in 44ms @ http://localhost:3001/_next/static/chunks/node_modules_next_dist_1e8vcs8._.js:776
[  211473ms] [LOG] [Fast Refresh] done in 44ms @ http://localhost:3001/_next/static/chunks/node_modules_next_dist_1e8vcs8._.js:776
[  211523ms] [LOG] [Fast Refresh] done in 44ms @ http://localhost:3001/_next/static/chunks/node_modules_next_dist_1e8vcs8._.js:776
[  211589ms] [LOG] [Fast Refresh] done in 44ms @ http://localhost:3001/_next/static/chunks/node_modules_next_dist_1e8vcs8._.js:776
[  211640ms] [LOG] [Fast Refresh] done in 44ms @ http://localhost:3001/_next/static/chunks/node_modules_next_dist_1e8vcs8._.js:776
[  211690ms] [LOG] [Fast Refresh] done in 44ms @ http://localhost:3001/_next/static/chunks/node_modules_next_dist_1e8vcs8._.js:776
[  211740ms] [LOG] [Fast Refresh] done in 44ms @ http://localhost:3001/_next/static/chunks/node_modules_next_dist_1e8vcs8._.js:776
[  211790ms] [LOG] [Fast Refresh] done in 44ms @ http://localhost:3001/_next/static/chunks/node_modules_next_dist_1e8vcs8._.js:776
[  211841ms] [LOG] [Fast Refresh] done in 44ms @ http://localhost:3001/_next/static/chunks/node_modules_next_dist_1e8vcs8._.js:776
[  211890ms] [LOG] [Fast Refresh] done in 44ms @ http://localhost:3001/_next/static/chunks/node_modules_next_dist_1e8vcs8._.js:776
[  211940ms] [LOG] [Fast Refresh] done in 44ms @ http://localhost:3001/_next/static/chunks/node_modules_next_dist_1e8vcs8._.js:776
[  212005ms] [LOG] [Fast Refresh] done in 44ms @ http://localhost:3001/_next/static/chunks/node_modules_next_dist_1e8vcs8._.js:776
[  212057ms] [LOG] [Fast Refresh] done in 44ms @ http://localhost:3001/_next/static/chunks/node_modules_next_dist_1e8vcs8._.js:776
[  212107ms] [LOG] [Fast Refresh] done in 44ms @ http://localhost:3001/_next/static/chunks/node_modules_next_dist_1e8vcs8._.js:776
[  212171ms] [LOG] [Fast Refresh] done in 44ms @ http://localhost:3001/_next/static/chunks/node_modules_next_dist_1e8vcs8._.js:776
[  212223ms] [LOG] [Fast Refresh] done in 44ms @ http://localhost:3001/_next/static/chunks/node_modules_next_dist_1e8vcs8._.js:776
[  212289ms] [LOG] [Fast Refresh] done in 44ms @ http://localhost:3001/_next/static/chunks/node_modules_next_dist_1e8vcs8._.js:776
[  212340ms] [LOG] [Fast Refresh] done in 44ms @ http://localhost:3001/_next/static/chunks/node_modules_next_dist_1e8vcs8._.js:776
[  212406ms] [LOG] [Fast Refresh] done in 44ms @ http://localhost:3001/_next/static/chunks/node_modules_next_dist_1e8vcs8._.js:776
[  212456ms] [LOG] [Fast Refresh] done in 44ms @ http://localhost:3001/_next/static/chunks/node_modules_next_dist_1e8vcs8._.js:776
[  212522ms] [LOG] [Fast Refresh] done in 44ms @ http://localhost:3001/_next/static/chunks/node_modules_next_dist_1e8vcs8._.js:776
[  212575ms] [LOG] [Fast Refresh] done in 44ms @ http://localhost:3001/_next/static/chunks/node_modules_next_dist_1e8vcs8._.js:776
[  212624ms] [LOG] [Fast Refresh] done in 44ms @ http://localhost:3001/_next/static/chunks/node_modules_next_dist_1e8vcs8._.js:776
[  212673ms] [LOG] [Fast Refresh] done in 44ms @ http://localhost:3001/_next/static/chunks/node_modules_next_dist_1e8vcs8._.js:776
[  212723ms] [LOG] [Fast Refresh] done in 44ms @ http://localhost:3001/_next/static/chunks/node_modules_next_dist_1e8vcs8._.js:776
[  212789ms] [LOG] [Fast Refresh] done in 44ms @ http://localhost:3001/_next/static/chunks/node_modules_next_dist_1e8vcs8._.js:776
[  212839ms] [LOG] [Fast Refresh] done in 44ms @ http://localhost:3001/_next/static/chunks/node_modules_next_dist_1e8vcs8._.js:776
[  212905ms] [LOG] [Fast Refresh] done in 44ms @ http://localhost:3001/_next/static/chunks/node_modules_next_dist_1e8vcs8._.js:776
[  212956ms] [LOG] [Fast Refresh] done in 44ms @ http://localhost:3001/_next/static/chunks/node_modules_next_dist_1e8vcs8._.js:776
[  213008ms] [LOG] [Fast Refresh] done in 44ms @ http://localhost:3001/_next/static/chunks/node_modules_next_dist_1e8vcs8._.js:776
[  213070ms] [LOG] [Fast Refresh] done in 44ms @ http://localhost:3001/_next/static/chunks/node_modules_next_dist_1e8vcs8._.js:776
[  213134ms] [LOG] [Fast Refresh] done in 44ms @ http://localhost:3001/_next/static/chunks/node_modules_next_dist_1e8vcs8._.js:776
[  213190ms] [LOG] [Fast Refresh] done in 44ms @ http://localhost:3001/_next/static/chunks/node_modules_next_dist_1e8vcs8._.js:776
[  213240ms] [LOG] [Fast Refresh] done in 44ms @ http://localhost:3001/_next/static/chunks/node_modules_next_dist_1e8vcs8._.js:776
[  213291ms] [LOG] [Fast Refresh] done in 44ms @ http://localhost:3001/_next/static/chunks/node_modules_next_dist_1e8vcs8._.js:776
[  213341ms] [LOG] [Fast Refresh] done in 44ms @ http://localhost:3001/_next/static/chunks/node_modules_next_dist_1e8vcs8._.js:776
[  213407ms] [LOG] [Fast Refresh] done in 44ms @ http://localhost:3001/_next/static/chunks/node_modules_next_dist_1e8vcs8._.js:776
[  213457ms] [LOG] [Fast Refresh] done in 44ms @ http://localhost:3001/_next/static/chunks/node_modules_next_dist_1e8vcs8._.js:776
[  213506ms] [LOG] [Fast Refresh] done in 44ms @ http://localhost:3001/_next/static/chunks/node_modules_next_dist_1e8vcs8._.js:776
[  213557ms] [LOG] [Fast Refresh] done in 44ms @ http://localhost:3001/_next/static/chunks/node_modules_next_dist_1e8vcs8._.js:776
[  213606ms] [LOG] [Fast Refresh] done in 44ms @ http://localhost:3001/_next/static/chunks/node_modules_next_dist_1e8vcs8._.js:776
[  213670ms] [LOG] [Fast Refresh] done in 44ms @ http://localhost:3001/_next/static/chunks/node_modules_next_dist_1e8vcs8._.js:776
[  213722ms] [LOG] [Fast Refresh] done in 44ms @ http://localhost:3001/_next/static/chunks/node_modules_next_dist_1e8vcs8._.js:776
[  213773ms] [LOG] [Fast Refresh] done in 44ms @ http://localhost:3001/_next/static/chunks/node_modules_next_dist_1e8vcs8._.js:776
[  213825ms] [LOG] [Fast Refresh] done in 44ms @ http://localhost:3001/_next/static/chunks/node_modules_next_dist_1e8vcs8._.js:776
[  213875ms] [LOG] [Fast Refresh] done in 44ms @ http://localhost:3001/_next/static/chunks/node_modules_next_dist_1e8vcs8._.js:776
[  213928ms] [LOG] [Fast Refresh] done in 44ms @ http://localhost:3001/_next/static/chunks/node_modules_next_dist_1e8vcs8._.js:776
[  213974ms] [LOG] [Fast Refresh] done in 44ms @ http://localhost:3001/_next/static/chunks/node_modules_next_dist_1e8vcs8._.js:776
[  214039ms] [LOG] [Fast Refresh] done in 44ms @ http://localhost:3001/_next/static/chunks/node_modules_next_dist_1e8vcs8._.js:776
[  214106ms] [LOG] [Fast Refresh] done in 44ms @ http://localhost:3001/_next/static/chunks/node_modules_next_dist_1e8vcs8._.js:776
[  214172ms] [LOG] [Fast Refresh] done in 44ms @ http://localhost:3001/_next/static/chunks/node_modules_next_dist_1e8vcs8._.js:776
[  214224ms] [LOG] [Fast Refresh] done in 44ms @ http://localhost:3001/_next/static/chunks/node_modules_next_dist_1e8vcs8._.js:776
[  214273ms] [LOG] [Fast Refresh] done in 44ms @ http://localhost:3001/_next/static/chunks/node_modules_next_dist_1e8vcs8._.js:776
[  214323ms] [LOG] [Fast Refresh] done in 44ms @ http://localhost:3001/_next/static/chunks/node_modules_next_dist_1e8vcs8._.js:776
[  214374ms] [LOG] [Fast Refresh] done in 44ms @ http://localhost:3001/_next/static/chunks/node_modules_next_dist_1e8vcs8._.js:776
[  214423ms] [LOG] [Fast Refresh] done in 44ms @ http://localhost:3001/_next/static/chunks/node_modules_next_dist_1e8vcs8._.js:776
[  214474ms] [LOG] [Fast Refresh] done in 44ms @ http://localhost:3001/_next/static/chunks/node_modules_next_dist_1e8vcs8._.js:776
[  214524ms] [LOG] [Fast Refresh] done in 44ms @ http://localhost:3001/_next/static/chunks/node_modules_next_dist_1e8vcs8._.js:776
[  214574ms] [LOG] [Fast Refresh] done in 44ms @ http://localhost:3001/_next/static/chunks/node_modules_next_dist_1e8vcs8._.js:776
[  214640ms] [LOG] [Fast Refresh] done in 44ms @ http://localhost:3001/_next/static/chunks/node_modules_next_dist_1e8vcs8._.js:776
[  214690ms] [LOG] [Fast Refresh] done in 44ms @ http://localhost:3001/_next/static/chunks/node_modules_next_dist_1e8vcs8._.js:776
[  214740ms] [LOG] [Fast Refresh] done in 44ms @ http://localhost:3001/_next/static/chunks/node_modules_next_dist_1e8vcs8._.js:776
[  214791ms] [LOG] [Fast Refresh] done in 44ms @ http://localhost:3001/_next/static/chunks/node_modules_next_dist_1e8vcs8._.js:776
[  214855ms] [LOG] [Fast Refresh] done in 44ms @ http://localhost:3001/_next/static/chunks/node_modules_next_dist_1e8vcs8._.js:776
[  214906ms] [LOG] [Fast Refresh] done in 44ms @ http://localhost:3001/_next/static/chunks/node_modules_next_dist_1e8vcs8._.js:776
[  214956ms] [LOG] [Fast Refresh] done in 44ms @ http://localhost:3001/_next/static/chunks/node_modules_next_dist_1e8vcs8._.js:776
[  215007ms] [LOG] [Fast Refresh] done in 44ms @ http://localhost:3001/_next/static/chunks/node_modules_next_dist_1e8vcs8._.js:776
[  215072ms] [LOG] [Fast Refresh] done in 44ms @ http://localhost:3001/_next/static/chunks/node_modules_next_dist_1e8vcs8._.js:776
[  215123ms] [LOG] [Fast Refresh] done in 44ms @ http://localhost:3001/_next/static/chunks/node_modules_next_dist_1e8vcs8._.js:776
[  215174ms] [LOG] [Fast Refresh] done in 44ms @ http://localhost:3001/_next/static/chunks/node_modules_next_dist_1e8vcs8._.js:776
[  215224ms] [LOG] [Fast Refresh] done in 44ms @ http://localhost:3001/_next/static/chunks/node_modules_next_dist_1e8vcs8._.js:776
[  215273ms] [LOG] [Fast Refresh] done in 44ms @ http://localhost:3001/_next/static/chunks/node_modules_next_dist_1e8vcs8._.js:776
[  215325ms] [LOG] [Fast Refresh] done in 44ms @ http://localhost:3001/_next/static/chunks/node_modules_next_dist_1e8vcs8._.js:776
[  215389ms] [LOG] [Fast Refresh] done in 44ms @ http://localhost:3001/_next/static/chunks/node_modules_next_dist_1e8vcs8._.js:776
[  215455ms] [LOG] [Fast Refresh] done in 44ms @ http://localhost:3001/_next/static/chunks/node_modules_next_dist_1e8vcs8._.js:776
[  215519ms] [LOG] [Fast Refresh] done in 44ms @ http://localhost:3001/_next/static/chunks/node_modules_next_dist_1e8vcs8._.js:776
[  215589ms] [LOG] [Fast Refresh] done in 44ms @ http://localhost:3001/_next/static/chunks/node_modules_next_dist_1e8vcs8._.js:776
[  215640ms] [LOG] [Fast Refresh] done in 44ms @ http://localhost:3001/_next/static/chunks/node_modules_next_dist_1e8vcs8._.js:776
[  215689ms] [LOG] [Fast Refresh] done in 44ms @ http://localhost:3001/_next/static/chunks/node_modules_next_dist_1e8vcs8._.js:776
[  215741ms] [LOG] [Fast Refresh] done in 44ms @ http://localhost:3001/_next/static/chunks/node_modules_next_dist_1e8vcs8._.js:776
[  215789ms] [LOG] [Fast Refresh] done in 44ms @ http://localhost:3001/_next/static/chunks/node_modules_next_dist_1e8vcs8._.js:776
[  215841ms] [LOG] [Fast Refresh] done in 44ms @ http://localhost:3001/_next/static/chunks/node_modules_next_dist_1e8vcs8._.js:776
[  215890ms] [LOG] [Fast Refresh] done in 44ms @ http://localhost:3001/_next/static/chunks/node_modules_next_dist_1e8vcs8._.js:776
[  215938ms] [LOG] [Fast Refresh] done in 44ms @ http://localhost:3001/_next/static/chunks/node_modules_next_dist_1e8vcs8._.js:776
[  215991ms] [LOG] [Fast Refresh] done in 44ms @ http://localhost:3001/_next/static/chunks/node_modules_next_dist_1e8vcs8._.js:776
[  216040ms] [LOG] [Fast Refresh] done in 44ms @ http://localhost:3001/_next/static/chunks/node_modules_next_dist_1e8vcs8._.js:776
[  216106ms] [LOG] [Fast Refresh] done in 44ms @ http://localhost:3001/_next/static/chunks/node_modules_next_dist_1e8vcs8._.js:776
[  216157ms] [LOG] [Fast Refresh] done in 44ms @ http://localhost:3001/_next/static/chunks/node_modules_next_dist_1e8vcs8._.js:776
[  216207ms] [LOG] [Fast Refresh] done in 44ms @ http://localhost:3001/_next/static/chunks/node_modules_next_dist_1e8vcs8._.js:776
[  216257ms] [LOG] [Fast Refresh] done in 44ms @ http://localhost:3001/_next/static/chunks/node_modules_next_dist_1e8vcs8._.js:776
[  216306ms] [LOG] [Fast Refresh] done in 44ms @ http://localhost:3001/_next/static/chunks/node_modules_next_dist_1e8vcs8._.js:776
[  216373ms] [LOG] [Fast Refresh] done in 44ms @ http://localhost:3001/_next/static/chunks/node_modules_next_dist_1e8vcs8._.js:776
[  216424ms] [LOG] [Fast Refresh] done in 44ms @ http://localhost:3001/_next/static/chunks/node_modules_next_dist_1e8vcs8._.js:776
[  216473ms] [LOG] [Fast Refresh] done in 44ms @ http://localhost:3001/_next/static/chunks/node_modules_next_dist_1e8vcs8._.js:776
[  216538ms] [LOG] [Fast Refresh] done in 44ms @ http://localhost:3001/_next/static/chunks/node_modules_next_dist_1e8vcs8._.js:776
[  216606ms] [LOG] [Fast Refresh] done in 44ms @ http://localhost:3001/_next/static/chunks/node_modules_next_dist_1e8vcs8._.js:776
[  216669ms] [LOG] [Fast Refresh] done in 44ms @ http://localhost:3001/_next/static/chunks/node_modules_next_dist_1e8vcs8._.js:776
[  216724ms] [LOG] [Fast Refresh] done in 44ms @ http://localhost:3001/_next/static/chunks/node_modules_next_dist_1e8vcs8._.js:776
[  216789ms] [LOG] [Fast Refresh] done in 44ms @ http://localhost:3001/_next/static/chunks/node_modules_next_dist_1e8vcs8._.js:776
[  216839ms] [LOG] [Fast Refresh] done in 44ms @ http://localhost:3001/_next/static/chunks/node_modules_next_dist_1e8vcs8._.js:776
[  216891ms] [LOG] [Fast Refresh] done in 44ms @ http://localhost:3001/_next/static/chunks/node_modules_next_dist_1e8vcs8._.js:776
[  216956ms] [LOG] [Fast Refresh] done in 44ms @ http://localhost:3001/_next/static/chunks/node_modules_next_dist_1e8vcs8._.js:776
[  217006ms] [LOG] [Fast Refresh] done in 44ms @ http://localhost:3001/_next/static/chunks/node_modules_next_dist_1e8vcs8._.js:776
[  217056ms] [LOG] [Fast Refresh] done in 44ms @ http://localhost:3001/_next/static/chunks/node_modules_next_dist_1e8vcs8._.js:776
[  217107ms] [LOG] [Fast Refresh] done in 44ms @ http://localhost:3001/_next/static/chunks/node_modules_next_dist_1e8vcs8._.js:776
[  217156ms] [LOG] [Fast Refresh] done in 44ms @ http://localhost:3001/_next/static/chunks/node_modules_next_dist_1e8vcs8._.js:776
[  217207ms] [LOG] [Fast Refresh] done in 44ms @ http://localhost:3001/_next/static/chunks/node_modules_next_dist_1e8vcs8._.js:776
[  217270ms] [LOG] [Fast Refresh] done in 44ms @ http://localhost:3001/_next/static/chunks/node_modules_next_dist_1e8vcs8._.js:776
[  217333ms] [LOG] [Fast Refresh] done in 44ms @ http://localhost:3001/_next/static/chunks/node_modules_next_dist_1e8vcs8._.js:776
[  217389ms] [LOG] [Fast Refresh] done in 44ms @ http://localhost:3001/_next/static/chunks/node_modules_next_dist_1e8vcs8._.js:776
[  217455ms] [LOG] [Fast Refresh] done in 44ms @ http://localhost:3001/_next/static/chunks/node_modules_next_dist_1e8vcs8._.js:776
[  217506ms] [LOG] [Fast Refresh] done in 44ms @ http://localhost:3001/_next/static/chunks/node_modules_next_dist_1e8vcs8._.js:776
[  217557ms] [LOG] [Fast Refresh] done in 44ms @ http://localhost:3001/_next/static/chunks/node_modules_next_dist_1e8vcs8._.js:776
[  217622ms] [LOG] [Fast Refresh] done in 44ms @ http://localhost:3001/_next/static/chunks/node_modules_next_dist_1e8vcs8._.js:776
[  217674ms] [LOG] [Fast Refresh] done in 44ms @ http://localhost:3001/_next/static/chunks/node_modules_next_dist_1e8vcs8._.js:776
[  217724ms] [LOG] [Fast Refresh] done in 44ms @ http://localhost:3001/_next/static/chunks/node_modules_next_dist_1e8vcs8._.js:776
[  217773ms] [LOG] [Fast Refresh] done in 44ms @ http://localhost:3001/_next/static/chunks/node_modules_next_dist_1e8vcs8._.js:776
[  217824ms] [LOG] [Fast Refresh] done in 44ms @ http://localhost:3001/_next/static/chunks/node_modules_next_dist_1e8vcs8._.js:776
[  217874ms] [LOG] [Fast Refresh] done in 44ms @ http://localhost:3001/_next/static/chunks/node_modules_next_dist_1e8vcs8._.js:776
[  217939ms] [LOG] [Fast Refresh] done in 44ms @ http://localhost:3001/_next/static/chunks/node_modules_next_dist_1e8vcs8._.js:776
[  218003ms] [LOG] [Fast Refresh] done in 44ms @ http://localhost:3001/_next/static/chunks/node_modules_next_dist_1e8vcs8._.js:776
[  218056ms] [LOG] [Fast Refresh] done in 44ms @ http://localhost:3001/_next/static/chunks/node_modules_next_dist_1e8vcs8._.js:776
[  218122ms] [LOG] [Fast Refresh] done in 44ms @ http://localhost:3001/_next/static/chunks/node_modules_next_dist_1e8vcs8._.js:776
[  218173ms] [LOG] [Fast Refresh] done in 44ms @ http://localhost:3001/_next/static/chunks/node_modules_next_dist_1e8vcs8._.js:776
[  218223ms] [LOG] [Fast Refresh] done in 44ms @ http://localhost:3001/_next/static/chunks/node_modules_next_dist_1e8vcs8._.js:776
[  218273ms] [LOG] [Fast Refresh] done in 44ms @ http://localhost:3001/_next/static/chunks/node_modules_next_dist_1e8vcs8._.js:776
[  218324ms] [LOG] [Fast Refresh] done in 44ms @ http://localhost:3001/_next/static/chunks/node_modules_next_dist_1e8vcs8._.js:776
[  218390ms] [LOG] [Fast Refresh] done in 44ms @ http://localhost:3001/_next/static/chunks/node_modules_next_dist_1e8vcs8._.js:776
[  218440ms] [LOG] [Fast Refresh] done in 44ms @ http://localhost:3001/_next/static/chunks/node_modules_next_dist_1e8vcs8._.js:776
[  218504ms] [LOG] [Fast Refresh] done in 44ms @ http://localhost:3001/_next/static/chunks/node_modules_next_dist_1e8vcs8._.js:776
[  218556ms] [LOG] [Fast Refresh] done in 44ms @ http://localhost:3001/_next/static/chunks/node_modules_next_dist_1e8vcs8._.js:776
[  218606ms] [LOG] [Fast Refresh] done in 44ms @ http://localhost:3001/_next/static/chunks/node_modules_next_dist_1e8vcs8._.js:776
[  218656ms] [LOG] [Fast Refresh] done in 44ms @ http://localhost:3001/_next/static/chunks/node_modules_next_dist_1e8vcs8._.js:776
[  218706ms] [LOG] [Fast Refresh] done in 44ms @ http://localhost:3001/_next/static/chunks/node_modules_next_dist_1e8vcs8._.js:776
[  218757ms] [LOG] [Fast Refresh] done in 44ms @ http://localhost:3001/_next/static/chunks/node_modules_next_dist_1e8vcs8._.js:776
[  218806ms] [LOG] [Fast Refresh] done in 44ms @ http://localhost:3001/_next/static/chunks/node_modules_next_dist_1e8vcs8._.js:776
[  218857ms] [LOG] [Fast Refresh] done in 44ms @ http://localhost:3001/_next/static/chunks/node_modules_next_dist_1e8vcs8._.js:776
[  218907ms] [LOG] [Fast Refresh] done in 44ms @ http://localhost:3001/_next/static/chunks/node_modules_next_dist_1e8vcs8._.js:776
[  218956ms] [LOG] [Fast Refresh] done in 44ms @ http://localhost:3001/_next/static/chunks/node_modules_next_dist_1e8vcs8._.js:776
[  219021ms] [LOG] [Fast Refresh] done in 44ms @ http://localhost:3001/_next/static/chunks/node_modules_next_dist_1e8vcs8._.js:776
[  219073ms] [LOG] [Fast Refresh] done in 44ms @ http://localhost:3001/_next/static/chunks/node_modules_next_dist_1e8vcs8._.js:776
[  219124ms] [LOG] [Fast Refresh] done in 44ms @ http://localhost:3001/_next/static/chunks/node_modules_next_dist_1e8vcs8._.js:776
[  219174ms] [LOG] [Fast Refresh] done in 44ms @ http://localhost:3001/_next/static/chunks/node_modules_next_dist_1e8vcs8._.js:776
[  219239ms] [LOG] [Fast Refresh] done in 44ms @ http://localhost:3001/_next/static/chunks/node_modules_next_dist_1e8vcs8._.js:776
[  219306ms] [LOG] [Fast Refresh] done in 44ms @ http://localhost:3001/_next/static/chunks/node_modules_next_dist_1e8vcs8._.js:776
[  219356ms] [LOG] [Fast Refresh] done in 44ms @ http://localhost:3001/_next/static/chunks/node_modules_next_dist_1e8vcs8._.js:776
[  219406ms] [LOG] [Fast Refresh] done in 44ms @ http://localhost:3001/_next/static/chunks/node_modules_next_dist_1e8vcs8._.js:776
[  219458ms] [LOG] [Fast Refresh] done in 44ms @ http://localhost:3001/_next/static/chunks/node_modules_next_dist_1e8vcs8._.js:776
[  219506ms] [LOG] [Fast Refresh] done in 44ms @ http://localhost:3001/_next/static/chunks/node_modules_next_dist_1e8vcs8._.js:776
[  219572ms] [LOG] [Fast Refresh] done in 44ms @ http://localhost:3001/_next/static/chunks/node_modules_next_dist_1e8vcs8._.js:776
[  219623ms] [LOG] [Fast Refresh] done in 44ms @ http://localhost:3001/_next/static/chunks/node_modules_next_dist_1e8vcs8._.js:776
[  219674ms] [LOG] [Fast Refresh] done in 44ms @ http://localhost:3001/_next/static/chunks/node_modules_next_dist_1e8vcs8._.js:776
[  219724ms] [LOG] [Fast Refresh] done in 44ms @ http://localhost:3001/_next/static/chunks/node_modules_next_dist_1e8vcs8._.js:776
[  219788ms] [LOG] [Fast Refresh] done in 44ms @ http://localhost:3001/_next/static/chunks/node_modules_next_dist_1e8vcs8._.js:776
[  219856ms] [LOG] [Fast Refresh] done in 44ms @ http://localhost:3001/_next/static/chunks/node_modules_next_dist_1e8vcs8._.js:776
[  219923ms] [LOG] [Fast Refresh] done in 44ms @ http://localhost:3001/_next/static/chunks/node_modules_next_dist_1e8vcs8._.js:776
[  219974ms] [LOG] [Fast Refresh] done in 44ms @ http://localhost:3001/_next/static/chunks/node_modules_next_dist_1e8vcs8._.js:776
[  220040ms] [LOG] [Fast Refresh] done in 44ms @ http://localhost:3001/_next/static/chunks/node_modules_next_dist_1e8vcs8._.js:776
[  220090ms] [LOG] [Fast Refresh] done in 44ms @ http://localhost:3001/_next/static/chunks/node_modules_next_dist_1e8vcs8._.js:776
[  220154ms] [LOG] [Fast Refresh] done in 44ms @ http://localhost:3001/_next/static/chunks/node_modules_next_dist_1e8vcs8._.js:776
[  220207ms] [LOG] [Fast Refresh] done in 44ms @ http://localhost:3001/_next/static/chunks/node_modules_next_dist_1e8vcs8._.js:776
[  220259ms] [LOG] [Fast Refresh] done in 44ms @ http://localhost:3001/_next/static/chunks/node_modules_next_dist_1e8vcs8._.js:776
[  220306ms] [LOG] [Fast Refresh] done in 44ms @ http://localhost:3001/_next/static/chunks/node_modules_next_dist_1e8vcs8._.js:776
[  220357ms] [LOG] [Fast Refresh] done in 44ms @ http://localhost:3001/_next/static/chunks/node_modules_next_dist_1e8vcs8._.js:776
[  220408ms] [LOG] [Fast Refresh] done in 44ms @ http://localhost:3001/_next/static/chunks/node_modules_next_dist_1e8vcs8._.js:776
[  220457ms] [LOG] [Fast Refresh] done in 44ms @ http://localhost:3001/_next/static/chunks/node_modules_next_dist_1e8vcs8._.js:776
[  220518ms] [LOG] [Fast Refresh] done in 44ms @ http://localhost:3001/_next/static/chunks/node_modules_next_dist_1e8vcs8._.js:776
[  220572ms] [LOG] [Fast Refresh] done in 44ms @ http://localhost:3001/_next/static/chunks/node_modules_next_dist_1e8vcs8._.js:776
[  220637ms] [LOG] [Fast Refresh] done in 44ms @ http://localhost:3001/_next/static/chunks/node_modules_next_dist_1e8vcs8._.js:776
[  220701ms] [LOG] [Fast Refresh] done in 44ms @ http://localhost:3001/_next/static/chunks/node_modules_next_dist_1e8vcs8._.js:776
[  220756ms] [LOG] [Fast Refresh] done in 44ms @ http://localhost:3001/_next/static/chunks/node_modules_next_dist_1e8vcs8._.js:776
[  220807ms] [LOG] [Fast Refresh] done in 44ms @ http://localhost:3001/_next/static/chunks/node_modules_next_dist_1e8vcs8._.js:776
[  220858ms] [LOG] [Fast Refresh] done in 44ms @ http://localhost:3001/_next/static/chunks/node_modules_next_dist_1e8vcs8._.js:776
[  220922ms] [LOG] [Fast Refresh] done in 44ms @ http://localhost:3001/_next/static/chunks/node_modules_next_dist_1e8vcs8._.js:776
[  220973ms] [LOG] [Fast Refresh] done in 44ms @ http://localhost:3001/_next/static/chunks/node_modules_next_dist_1e8vcs8._.js:776
[  221023ms] [LOG] [Fast Refresh] done in 44ms @ http://localhost:3001/_next/static/chunks/node_modules_next_dist_1e8vcs8._.js:776
[  221089ms] [LOG] [Fast Refresh] done in 44ms @ http://localhost:3001/_next/static/chunks/node_modules_next_dist_1e8vcs8._.js:776
[  221140ms] [LOG] [Fast Refresh] done in 44ms @ http://localhost:3001/_next/static/chunks/node_modules_next_dist_1e8vcs8._.js:776
[  221191ms] [LOG] [Fast Refresh] done in 44ms @ http://localhost:3001/_next/static/chunks/node_modules_next_dist_1e8vcs8._.js:776
[  221240ms] [LOG] [Fast Refresh] done in 44ms @ http://localhost:3001/_next/static/chunks/node_modules_next_dist_1e8vcs8._.js:776
[  221304ms] [LOG] [Fast Refresh] done in 44ms @ http://localhost:3001/_next/static/chunks/node_modules_next_dist_1e8vcs8._.js:776
[  221356ms] [LOG] [Fast Refresh] done in 44ms @ http://localhost:3001/_next/static/chunks/node_modules_next_dist_1e8vcs8._.js:776
[  221408ms] [LOG] [Fast Refresh] done in 44ms @ http://localhost:3001/_next/static/chunks/node_modules_next_dist_1e8vcs8._.js:776
[  221473ms] [LOG] [Fast Refresh] done in 44ms @ http://localhost:3001/_next/static/chunks/node_modules_next_dist_1e8vcs8._.js:776
[  221539ms] [LOG] [Fast Refresh] done in 44ms @ http://localhost:3001/_next/static/chunks/node_modules_next_dist_1e8vcs8._.js:776
[  221588ms] [LOG] [Fast Refresh] done in 44ms @ http://localhost:3001/_next/static/chunks/node_modules_next_dist_1e8vcs8._.js:776
[  221641ms] [LOG] [Fast Refresh] done in 44ms @ http://localhost:3001/_next/static/chunks/node_modules_next_dist_1e8vcs8._.js:776
[  221690ms] [LOG] [Fast Refresh] done in 44ms @ http://localhost:3001/_next/static/chunks/node_modules_next_dist_1e8vcs8._.js:776
[  221740ms] [LOG] [Fast Refresh] done in 44ms @ http://localhost:3001/_next/static/chunks/node_modules_next_dist_1e8vcs8._.js:776
[  221807ms] [LOG] [Fast Refresh] done in 44ms @ http://localhost:3001/_next/static/chunks/node_modules_next_dist_1e8vcs8._.js:776
[  221871ms] [LOG] [Fast Refresh] done in 44ms @ http://localhost:3001/_next/static/chunks/node_modules_next_dist_1e8vcs8._.js:776
[  221923ms] [LOG] [Fast Refresh] done in 44ms @ http://localhost:3001/_next/static/chunks/node_modules_next_dist_1e8vcs8._.js:776
[  221975ms] [LOG] [Fast Refresh] done in 44ms @ http://localhost:3001/_next/static/chunks/node_modules_next_dist_1e8vcs8._.js:776
[  222040ms] [LOG] [Fast Refresh] done in 44ms @ http://localhost:3001/_next/static/chunks/node_modules_next_dist_1e8vcs8._.js:776
[  222101ms] [LOG] [Fast Refresh] done in 44ms @ http://localhost:3001/_next/static/chunks/node_modules_next_dist_1e8vcs8._.js:776
[  222156ms] [LOG] [Fast Refresh] done in 44ms @ http://localhost:3001/_next/static/chunks/node_modules_next_dist_1e8vcs8._.js:776
[  222221ms] [LOG] [Fast Refresh] done in 44ms @ http://localhost:3001/_next/static/chunks/node_modules_next_dist_1e8vcs8._.js:776
[  222280ms] [LOG] [Fast Refresh] done in 44ms @ http://localhost:3001/_next/static/chunks/node_modules_next_dist_1e8vcs8._.js:776
[  222354ms] [LOG] [Fast Refresh] done in 44ms @ http://localhost:3001/_next/static/chunks/node_modules_next_dist_1e8vcs8._.js:776
[  222406ms] [LOG] [Fast Refresh] done in 44ms @ http://localhost:3001/_next/static/chunks/node_modules_next_dist_1e8vcs8._.js:776
[  222471ms] [LOG] [Fast Refresh] done in 44ms @ http://localhost:3001/_next/static/chunks/node_modules_next_dist_1e8vcs8._.js:776
[  222523ms] [LOG] [Fast Refresh] done in 44ms @ http://localhost:3001/_next/static/chunks/node_modules_next_dist_1e8vcs8._.js:776
[  222574ms] [LOG] [Fast Refresh] done in 44ms @ http://localhost:3001/_next/static/chunks/node_modules_next_dist_1e8vcs8._.js:776
[  222623ms] [LOG] [Fast Refresh] done in 44ms @ http://localhost:3001/_next/static/chunks/node_modules_next_dist_1e8vcs8._.js:776
[  222673ms] [LOG] [Fast Refresh] done in 44ms @ http://localhost:3001/_next/static/chunks/node_modules_next_dist_1e8vcs8._.js:776
[  222724ms] [LOG] [Fast Refresh] done in 44ms @ http://localhost:3001/_next/static/chunks/node_modules_next_dist_1e8vcs8._.js:776
[  222774ms] [LOG] [Fast Refresh] done in 44ms @ http://localhost:3001/_next/static/chunks/node_modules_next_dist_1e8vcs8._.js:776
[  222823ms] [LOG] [Fast Refresh] done in 44ms @ http://localhost:3001/_next/static/chunks/node_modules_next_dist_1e8vcs8._.js:776
[  222874ms] [LOG] [Fast Refresh] done in 44ms @ http://localhost:3001/_next/static/chunks/node_modules_next_dist_1e8vcs8._.js:776
[  222940ms] [LOG] [Fast Refresh] done in 44ms @ http://localhost:3001/_next/static/chunks/node_modules_next_dist_1e8vcs8._.js:776
[  223005ms] [LOG] [Fast Refresh] done in 44ms @ http://localhost:3001/_next/static/chunks/node_modules_next_dist_1e8vcs8._.js:776
[  223057ms] [LOG] [Fast Refresh] done in 44ms @ http://localhost:3001/_next/static/chunks/node_modules_next_dist_1e8vcs8._.js:776
[  223123ms] [LOG] [Fast Refresh] done in 44ms @ http://localhost:3001/_next/static/chunks/node_modules_next_dist_1e8vcs8._.js:776
[  223173ms] [LOG] [Fast Refresh] done in 44ms @ http://localhost:3001/_next/static/chunks/node_modules_next_dist_1e8vcs8._.js:776
[  223223ms] [LOG] [Fast Refresh] done in 44ms @ http://localhost:3001/_next/static/chunks/node_modules_next_dist_1e8vcs8._.js:776
[  223274ms] [LOG] [Fast Refresh] done in 44ms @ http://localhost:3001/_next/static/chunks/node_modules_next_dist_1e8vcs8._.js:776
[  223339ms] [LOG] [Fast Refresh] done in 44ms @ http://localhost:3001/_next/static/chunks/node_modules_next_dist_1e8vcs8._.js:776
[  223390ms] [LOG] [Fast Refresh] done in 44ms @ http://localhost:3001/_next/static/chunks/node_modules_next_dist_1e8vcs8._.js:776
[  223440ms] [LOG] [Fast Refresh] done in 44ms @ http://localhost:3001/_next/static/chunks/node_modules_next_dist_1e8vcs8._.js:776
[  223491ms] [LOG] [Fast Refresh] done in 44ms @ http://localhost:3001/_next/static/chunks/node_modules_next_dist_1e8vcs8._.js:776
[  223554ms] [LOG] [Fast Refresh] done in 44ms @ http://localhost:3001/_next/static/chunks/node_modules_next_dist_1e8vcs8._.js:776
[  223606ms] [LOG] [Fast Refresh] done in 44ms @ http://localhost:3001/_next/static/chunks/node_modules_next_dist_1e8vcs8._.js:776
[  223659ms] [LOG] [Fast Refresh] done in 44ms @ http://localhost:3001/_next/static/chunks/node_modules_next_dist_1e8vcs8._.js:776
[  223722ms] [LOG] [Fast Refresh] done in 44ms @ http://localhost:3001/_next/static/chunks/node_modules_next_dist_1e8vcs8._.js:776
[  223790ms] [LOG] [Fast Refresh] done in 44ms @ http://localhost:3001/_next/static/chunks/node_modules_next_dist_1e8vcs8._.js:776
[  223840ms] [LOG] [Fast Refresh] done in 44ms @ http://localhost:3001/_next/static/chunks/node_modules_next_dist_1e8vcs8._.js:776
[  223906ms] [LOG] [Fast Refresh] done in 44ms @ http://localhost:3001/_next/static/chunks/node_modules_next_dist_1e8vcs8._.js:776
[  223967ms] [LOG] [Fast Refresh] done in 44ms @ http://localhost:3001/_next/static/chunks/node_modules_next_dist_1e8vcs8._.js:776
[  224022ms] [LOG] [Fast Refresh] done in 44ms @ http://localhost:3001/_next/static/chunks/node_modules_next_dist_1e8vcs8._.js:776
[  224083ms] [LOG] [Fast Refresh] done in 44ms @ http://localhost:3001/_next/static/chunks/node_modules_next_dist_1e8vcs8._.js:776
[  224139ms] [LOG] [Fast Refresh] done in 44ms @ http://localhost:3001/_next/static/chunks/node_modules_next_dist_1e8vcs8._.js:776
[  224190ms] [LOG] [Fast Refresh] done in 44ms @ http://localhost:3001/_next/static/chunks/node_modules_next_dist_1e8vcs8._.js:776
[  224240ms] [LOG] [Fast Refresh] done in 44ms @ http://localhost:3001/_next/static/chunks/node_modules_next_dist_1e8vcs8._.js:776
[  224304ms] [LOG] [Fast Refresh] done in 44ms @ http://localhost:3001/_next/static/chunks/node_modules_next_dist_1e8vcs8._.js:776
[  224357ms] [LOG] [Fast Refresh] done in 44ms @ http://localhost:3001/_next/static/chunks/node_modules_next_dist_1e8vcs8._.js:776
[  224407ms] [LOG] [Fast Refresh] done in 44ms @ http://localhost:3001/_next/static/chunks/node_modules_next_dist_1e8vcs8._.js:776
[  224472ms] [LOG] [Fast Refresh] done in 44ms @ http://localhost:3001/_next/static/chunks/node_modules_next_dist_1e8vcs8._.js:776
[  224523ms] [LOG] [Fast Refresh] done in 44ms @ http://localhost:3001/_next/static/chunks/node_modules_next_dist_1e8vcs8._.js:776
[  224587ms] [LOG] [Fast Refresh] done in 44ms @ http://localhost:3001/_next/static/chunks/node_modules_next_dist_1e8vcs8._.js:776
[  224639ms] [LOG] [Fast Refresh] done in 44ms @ http://localhost:3001/_next/static/chunks/node_modules_next_dist_1e8vcs8._.js:776
[  224700ms] [LOG] [Fast Refresh] done in 44ms @ http://localhost:3001/_next/static/chunks/node_modules_next_dist_1e8vcs8._.js:776
[  224757ms] [LOG] [Fast Refresh] done in 44ms @ http://localhost:3001/_next/static/chunks/node_modules_next_dist_1e8vcs8._.js:776
[  224821ms] [LOG] [Fast Refresh] done in 44ms @ http://localhost:3001/_next/static/chunks/node_modules_next_dist_1e8vcs8._.js:776
[  224874ms] [LOG] [Fast Refresh] done in 44ms @ http://localhost:3001/_next/static/chunks/node_modules_next_dist_1e8vcs8._.js:776
[  224939ms] [LOG] [Fast Refresh] done in 44ms @ http://localhost:3001/_next/static/chunks/node_modules_next_dist_1e8vcs8._.js:776
[  224990ms] [LOG] [Fast Refresh] done in 44ms @ http://localhost:3001/_next/static/chunks/node_modules_next_dist_1e8vcs8._.js:776
[  225052ms] [LOG] [Fast Refresh] done in 44ms @ http://localhost:3001/_next/static/chunks/node_modules_next_dist_1e8vcs8._.js:776
[  225115ms] [LOG] [Fast Refresh] done in 44ms @ http://localhost:3001/_next/static/chunks/node_modules_next_dist_1e8vcs8._.js:776
[  225174ms] [LOG] [Fast Refresh] done in 44ms @ http://localhost:3001/_next/static/chunks/node_modules_next_dist_1e8vcs8._.js:776
[  225236ms] [LOG] [Fast Refresh] done in 44ms @ http://localhost:3001/_next/static/chunks/node_modules_next_dist_1e8vcs8._.js:776
[  225299ms] [LOG] [Fast Refresh] done in 44ms @ http://localhost:3001/_next/static/chunks/node_modules_next_dist_1e8vcs8._.js:776
[  225362ms] [LOG] [Fast Refresh] done in 44ms @ http://localhost:3001/_next/static/chunks/node_modules_next_dist_1e8vcs8._.js:776
[  225424ms] [LOG] [Fast Refresh] done in 44ms @ http://localhost:3001/_next/static/chunks/node_modules_next_dist_1e8vcs8._.js:776
[  225474ms] [LOG] [Fast Refresh] done in 44ms @ http://localhost:3001/_next/static/chunks/node_modules_next_dist_1e8vcs8._.js:776
[  225540ms] [LOG] [Fast Refresh] done in 44ms @ http://localhost:3001/_next/static/chunks/node_modules_next_dist_1e8vcs8._.js:776
[  225590ms] [LOG] [Fast Refresh] done in 44ms @ http://localhost:3001/_next/static/chunks/node_modules_next_dist_1e8vcs8._.js:776
[  225657ms] [LOG] [Fast Refresh] done in 44ms @ http://localhost:3001/_next/static/chunks/node_modules_next_dist_1e8vcs8._.js:776
[  225707ms] [LOG] [Fast Refresh] done in 44ms @ http://localhost:3001/_next/static/chunks/node_modules_next_dist_1e8vcs8._.js:776
[  225757ms] [LOG] [Fast Refresh] done in 44ms @ http://localhost:3001/_next/static/chunks/node_modules_next_dist_1e8vcs8._.js:776
[  225820ms] [LOG] [Fast Refresh] done in 44ms @ http://localhost:3001/_next/static/chunks/node_modules_next_dist_1e8vcs8._.js:776
[  225883ms] [LOG] [Fast Refresh] done in 44ms @ http://localhost:3001/_next/static/chunks/node_modules_next_dist_1e8vcs8._.js:776
[  225938ms] [LOG] [Fast Refresh] done in 44ms @ http://localhost:3001/_next/static/chunks/node_modules_next_dist_1e8vcs8._.js:776
[  226001ms] [LOG] [Fast Refresh] done in 44ms @ http://localhost:3001/_next/static/chunks/node_modules_next_dist_1e8vcs8._.js:776
[  226063ms] [LOG] [Fast Refresh] done in 44ms @ http://localhost:3001/_next/static/chunks/node_modules_next_dist_1e8vcs8._.js:776
[  226122ms] [LOG] [Fast Refresh] done in 44ms @ http://localhost:3001/_next/static/chunks/node_modules_next_dist_1e8vcs8._.js:776
[  226188ms] [LOG] [Fast Refresh] done in 44ms @ http://localhost:3001/_next/static/chunks/node_modules_next_dist_1e8vcs8._.js:776
[  226253ms] [LOG] [Fast Refresh] done in 44ms @ http://localhost:3001/_next/static/chunks/node_modules_next_dist_1e8vcs8._.js:776
[  226320ms] [LOG] [Fast Refresh] done in 44ms @ http://localhost:3001/_next/static/chunks/node_modules_next_dist_1e8vcs8._.js:776
[  226374ms] [LOG] [Fast Refresh] done in 44ms @ http://localhost:3001/_next/static/chunks/node_modules_next_dist_1e8vcs8._.js:776
[  226437ms] [LOG] [Fast Refresh] done in 44ms @ http://localhost:3001/_next/static/chunks/node_modules_next_dist_1e8vcs8._.js:776
[  226500ms] [LOG] [Fast Refresh] done in 44ms @ http://localhost:3001/_next/static/chunks/node_modules_next_dist_1e8vcs8._.js:776
[  226557ms] [LOG] [Fast Refresh] done in 44ms @ http://localhost:3001/_next/static/chunks/node_modules_next_dist_1e8vcs8._.js:776
[  226621ms] [LOG] [Fast Refresh] done in 44ms @ http://localhost:3001/_next/static/chunks/node_modules_next_dist_1e8vcs8._.js:776
[  226683ms] [LOG] [Fast Refresh] done in 44ms @ http://localhost:3001/_next/static/chunks/node_modules_next_dist_1e8vcs8._.js:776
[  226746ms] [LOG] [Fast Refresh] done in 44ms @ http://localhost:3001/_next/static/chunks/node_modules_next_dist_1e8vcs8._.js:776
[  226807ms] [LOG] [Fast Refresh] done in 44ms @ http://localhost:3001/_next/static/chunks/node_modules_next_dist_1e8vcs8._.js:776
[  226872ms] [LOG] [Fast Refresh] done in 44ms @ http://localhost:3001/_next/static/chunks/node_modules_next_dist_1e8vcs8._.js:776
[  226924ms] [LOG] [Fast Refresh] done in 44ms @ http://localhost:3001/_next/static/chunks/node_modules_next_dist_1e8vcs8._.js:776
[  226989ms] [LOG] [Fast Refresh] done in 44ms @ http://localhost:3001/_next/static/chunks/node_modules_next_dist_1e8vcs8._.js:776
[  227051ms] [LOG] [Fast Refresh] done in 44ms @ http://localhost:3001/_next/static/chunks/node_modules_next_dist_1e8vcs8._.js:776
[  227113ms] [LOG] [Fast Refresh] done in 44ms @ http://localhost:3001/_next/static/chunks/node_modules_next_dist_1e8vcs8._.js:776
[  227176ms] [LOG] [Fast Refresh] done in 44ms @ http://localhost:3001/_next/static/chunks/node_modules_next_dist_1e8vcs8._.js:776
[  227238ms] [LOG] [Fast Refresh] done in 44ms @ http://localhost:3001/_next/static/chunks/node_modules_next_dist_1e8vcs8._.js:776
[  227290ms] [LOG] [Fast Refresh] done in 44ms @ http://localhost:3001/_next/static/chunks/node_modules_next_dist_1e8vcs8._.js:776
[  227340ms] [LOG] [Fast Refresh] done in 44ms @ http://localhost:3001/_next/static/chunks/node_modules_next_dist_1e8vcs8._.js:776
[  227406ms] [LOG] [Fast Refresh] done in 44ms @ http://localhost:3001/_next/static/chunks/node_modules_next_dist_1e8vcs8._.js:776
[  227467ms] [LOG] [Fast Refresh] done in 44ms @ http://localhost:3001/_next/static/chunks/node_modules_next_dist_1e8vcs8._.js:776
[  227521ms] [LOG] [Fast Refresh] done in 44ms @ http://localhost:3001/_next/static/chunks/node_modules_next_dist_1e8vcs8._.js:776
[  227574ms] [LOG] [Fast Refresh] done in 44ms @ http://localhost:3001/_next/static/chunks/node_modules_next_dist_1e8vcs8._.js:776
[  227635ms] [LOG] [Fast Refresh] done in 44ms @ http://localhost:3001/_next/static/chunks/node_modules_next_dist_1e8vcs8._.js:776
[  227698ms] [LOG] [Fast Refresh] done in 44ms @ http://localhost:3001/_next/static/chunks/node_modules_next_dist_1e8vcs8._.js:776
[  227762ms] [LOG] [Fast Refresh] done in 44ms @ http://localhost:3001/_next/static/chunks/node_modules_next_dist_1e8vcs8._.js:776
[  227825ms] [LOG] [Fast Refresh] done in 44ms @ http://localhost:3001/_next/static/chunks/node_modules_next_dist_1e8vcs8._.js:776
[  227886ms] [LOG] [Fast Refresh] done in 44ms @ http://localhost:3001/_next/static/chunks/node_modules_next_dist_1e8vcs8._.js:776
[  227948ms] [LOG] [Fast Refresh] done in 44ms @ http://localhost:3001/_next/static/chunks/node_modules_next_dist_1e8vcs8._.js:776
[  228007ms] [LOG] [Fast Refresh] done in 44ms @ http://localhost:3001/_next/static/chunks/node_modules_next_dist_1e8vcs8._.js:776
[  228070ms] [LOG] [Fast Refresh] done in 44ms @ http://localhost:3001/_next/static/chunks/node_modules_next_dist_1e8vcs8._.js:776
[  228134ms] [LOG] [Fast Refresh] done in 44ms @ http://localhost:3001/_next/static/chunks/node_modules_next_dist_1e8vcs8._.js:776
[  228189ms] [LOG] [Fast Refresh] done in 44ms @ http://localhost:3001/_next/static/chunks/node_modules_next_dist_1e8vcs8._.js:776
[  228252ms] [LOG] [Fast Refresh] done in 44ms @ http://localhost:3001/_next/static/chunks/node_modules_next_dist_1e8vcs8._.js:776
[  228314ms] [LOG] [Fast Refresh] done in 44ms @ http://localhost:3001/_next/static/chunks/node_modules_next_dist_1e8vcs8._.js:776
[  228373ms] [LOG] [Fast Refresh] done in 44ms @ http://localhost:3001/_next/static/chunks/node_modules_next_dist_1e8vcs8._.js:776
[  228437ms] [LOG] [Fast Refresh] done in 44ms @ http://localhost:3001/_next/static/chunks/node_modules_next_dist_1e8vcs8._.js:776
[  228491ms] [LOG] [Fast Refresh] done in 44ms @ http://localhost:3001/_next/static/chunks/node_modules_next_dist_1e8vcs8._.js:776
[  228541ms] [LOG] [Fast Refresh] done in 44ms @ http://localhost:3001/_next/static/chunks/node_modules_next_dist_1e8vcs8._.js:776
[  228591ms] [LOG] [Fast Refresh] done in 44ms @ http://localhost:3001/_next/static/chunks/node_modules_next_dist_1e8vcs8._.js:776
[  228656ms] [LOG] [Fast Refresh] done in 44ms @ http://localhost:3001/_next/static/chunks/node_modules_next_dist_1e8vcs8._.js:776
[  228707ms] [LOG] [Fast Refresh] done in 44ms @ http://localhost:3001/_next/static/chunks/node_modules_next_dist_1e8vcs8._.js:776
[  228770ms] [LOG] [Fast Refresh] done in 44ms @ http://localhost:3001/_next/static/chunks/node_modules_next_dist_1e8vcs8._.js:776
[  228831ms] [LOG] [Fast Refresh] done in 44ms @ http://localhost:3001/_next/static/chunks/node_modules_next_dist_1e8vcs8._.js:776
[  228894ms] [LOG] [Fast Refresh] done in 44ms @ http://localhost:3001/_next/static/chunks/node_modules_next_dist_1e8vcs8._.js:776
[  228957ms] [LOG] [Fast Refresh] done in 44ms @ http://localhost:3001/_next/static/chunks/node_modules_next_dist_1e8vcs8._.js:776
[  229019ms] [LOG] [Fast Refresh] done in 44ms @ http://localhost:3001/_next/static/chunks/node_modules_next_dist_1e8vcs8._.js:776
[  229073ms] [LOG] [Fast Refresh] done in 44ms @ http://localhost:3001/_next/static/chunks/node_modules_next_dist_1e8vcs8._.js:776
[  229138ms] [LOG] [Fast Refresh] done in 44ms @ http://localhost:3001/_next/static/chunks/node_modules_next_dist_1e8vcs8._.js:776
[  229199ms] [LOG] [Fast Refresh] done in 44ms @ http://localhost:3001/_next/static/chunks/node_modules_next_dist_1e8vcs8._.js:776
[  229262ms] [LOG] [Fast Refresh] done in 44ms @ http://localhost:3001/_next/static/chunks/node_modules_next_dist_1e8vcs8._.js:776
[  229326ms] [LOG] [Fast Refresh] done in 44ms @ http://localhost:3001/_next/static/chunks/node_modules_next_dist_1e8vcs8._.js:776
[  229388ms] [LOG] [Fast Refresh] done in 44ms @ http://localhost:3001/_next/static/chunks/node_modules_next_dist_1e8vcs8._.js:776
[  229449ms] [LOG] [Fast Refresh] done in 44ms @ http://localhost:3001/_next/static/chunks/node_modules_next_dist_1e8vcs8._.js:776
[  229516ms] [LOG] [Fast Refresh] done in 44ms @ http://localhost:3001/_next/static/chunks/node_modules_next_dist_1e8vcs8._.js:776
[  229589ms] [LOG] [Fast Refresh] done in 44ms @ http://localhost:3001/_next/static/chunks/node_modules_next_dist_1e8vcs8._.js:776
[  229653ms] [LOG] [Fast Refresh] done in 44ms @ http://localhost:3001/_next/static/chunks/node_modules_next_dist_1e8vcs8._.js:776
[  229706ms] [LOG] [Fast Refresh] done in 44ms @ http://localhost:3001/_next/static/chunks/node_modules_next_dist_1e8vcs8._.js:776
[  229756ms] [LOG] [Fast Refresh] done in 44ms @ http://localhost:3001/_next/static/chunks/node_modules_next_dist_1e8vcs8._.js:776
[  229807ms] [LOG] [Fast Refresh] done in 44ms @ http://localhost:3001/_next/static/chunks/node_modules_next_dist_1e8vcs8._.js:776
[  229858ms] [LOG] [Fast Refresh] done in 44ms @ http://localhost:3001/_next/static/chunks/node_modules_next_dist_1e8vcs8._.js:776
[  229921ms] [LOG] [Fast Refresh] done in 44ms @ http://localhost:3001/_next/static/chunks/node_modules_next_dist_1e8vcs8._.js:776
[  229983ms] [LOG] [Fast Refresh] done in 44ms @ http://localhost:3001/_next/static/chunks/node_modules_next_dist_1e8vcs8._.js:776
[  230046ms] [LOG] [Fast Refresh] done in 44ms @ http://localhost:3001/_next/static/chunks/node_modules_next_dist_1e8vcs8._.js:776
[  230109ms] [LOG] [Fast Refresh] done in 44ms @ http://localhost:3001/_next/static/chunks/node_modules_next_dist_1e8vcs8._.js:776
[  230170ms] [LOG] [Fast Refresh] done in 44ms @ http://localhost:3001/_next/static/chunks/node_modules_next_dist_1e8vcs8._.js:776
[  230223ms] [LOG] [Fast Refresh] done in 44ms @ http://localhost:3001/_next/static/chunks/node_modules_next_dist_1e8vcs8._.js:776
[  230274ms] [LOG] [Fast Refresh] done in 44ms @ http://localhost:3001/_next/static/chunks/node_modules_next_dist_1e8vcs8._.js:776
[  230324ms] [LOG] [Fast Refresh] done in 44ms @ http://localhost:3001/_next/static/chunks/node_modules_next_dist_1e8vcs8._.js:776
[  230387ms] [LOG] [Fast Refresh] done in 44ms @ http://localhost:3001/_next/static/chunks/node_modules_next_dist_1e8vcs8._.js:776
[  230441ms] [LOG] [Fast Refresh] done in 44ms @ http://localhost:3001/_next/static/chunks/node_modules_next_dist_1e8vcs8._.js:776
[  230505ms] [LOG] [Fast Refresh] done in 44ms @ http://localhost:3001/_next/static/chunks/node_modules_next_dist_1e8vcs8._.js:776
[  230566ms] [LOG] [Fast Refresh] done in 44ms @ http://localhost:3001/_next/static/chunks/node_modules_next_dist_1e8vcs8._.js:776
[  230630ms] [LOG] [Fast Refresh] done in 44ms @ http://localhost:3001/_next/static/chunks/node_modules_next_dist_1e8vcs8._.js:776
[  230692ms] [LOG] [Fast Refresh] done in 44ms @ http://localhost:3001/_next/static/chunks/node_modules_next_dist_1e8vcs8._.js:776
[  230756ms] [LOG] [Fast Refresh] done in 44ms @ http://localhost:3001/_next/static/chunks/node_modules_next_dist_1e8vcs8._.js:776
[  230822ms] [LOG] [Fast Refresh] done in 44ms @ http://localhost:3001/_next/static/chunks/node_modules_next_dist_1e8vcs8._.js:776
[  230885ms] [LOG] [Fast Refresh] done in 44ms @ http://localhost:3001/_next/static/chunks/node_modules_next_dist_1e8vcs8._.js:776
[  230947ms] [LOG] [Fast Refresh] done in 44ms @ http://localhost:3001/_next/static/chunks/node_modules_next_dist_1e8vcs8._.js:776
[  231011ms] [LOG] [Fast Refresh] done in 44ms @ http://localhost:3001/_next/static/chunks/node_modules_next_dist_1e8vcs8._.js:776
[  231074ms] [LOG] [Fast Refresh] done in 44ms @ http://localhost:3001/_next/static/chunks/node_modules_next_dist_1e8vcs8._.js:776
[  231123ms] [LOG] [Fast Refresh] done in 44ms @ http://localhost:3001/_next/static/chunks/node_modules_next_dist_1e8vcs8._.js:776
[  231186ms] [LOG] [Fast Refresh] done in 44ms @ http://localhost:3001/_next/static/chunks/node_modules_next_dist_1e8vcs8._.js:776
[  231250ms] [LOG] [Fast Refresh] done in 44ms @ http://localhost:3001/_next/static/chunks/node_modules_next_dist_1e8vcs8._.js:776
[  231313ms] [LOG] [Fast Refresh] done in 44ms @ http://localhost:3001/_next/static/chunks/node_modules_next_dist_1e8vcs8._.js:776
[  231371ms] [LOG] [Fast Refresh] done in 44ms @ http://localhost:3001/_next/static/chunks/node_modules_next_dist_1e8vcs8._.js:776
[  231433ms] [LOG] [Fast Refresh] done in 44ms @ http://localhost:3001/_next/static/chunks/node_modules_next_dist_1e8vcs8._.js:776
[  231496ms] [LOG] [Fast Refresh] done in 44ms @ http://localhost:3001/_next/static/chunks/node_modules_next_dist_1e8vcs8._.js:776
[  231559ms] [LOG] [Fast Refresh] done in 44ms @ http://localhost:3001/_next/static/chunks/node_modules_next_dist_1e8vcs8._.js:776
[  231624ms] [LOG] [Fast Refresh] done in 44ms @ http://localhost:3001/_next/static/chunks/node_modules_next_dist_1e8vcs8._.js:776
[  231686ms] [LOG] [Fast Refresh] done in 44ms @ http://localhost:3001/_next/static/chunks/node_modules_next_dist_1e8vcs8._.js:776
[  231741ms] [LOG] [Fast Refresh] done in 44ms @ http://localhost:3001/_next/static/chunks/node_modules_next_dist_1e8vcs8._.js:776
[  231803ms] [LOG] [Fast Refresh] done in 44ms @ http://localhost:3001/_next/static/chunks/node_modules_next_dist_1e8vcs8._.js:776
[  231867ms] [LOG] [Fast Refresh] done in 44ms @ http://localhost:3001/_next/static/chunks/node_modules_next_dist_1e8vcs8._.js:776
[  231923ms] [LOG] [Fast Refresh] done in 44ms @ http://localhost:3001/_next/static/chunks/node_modules_next_dist_1e8vcs8._.js:776
[  231975ms] [LOG] [Fast Refresh] done in 44ms @ http://localhost:3001/_next/static/chunks/node_modules_next_dist_1e8vcs8._.js:776
[  232024ms] [LOG] [Fast Refresh] done in 44ms @ http://localhost:3001/_next/static/chunks/node_modules_next_dist_1e8vcs8._.js:776
[  232087ms] [LOG] [Fast Refresh] done in 44ms @ http://localhost:3001/_next/static/chunks/node_modules_next_dist_1e8vcs8._.js:776
[  232150ms] [LOG] [Fast Refresh] done in 44ms @ http://localhost:3001/_next/static/chunks/node_modules_next_dist_1e8vcs8._.js:776
[  232212ms] [LOG] [Fast Refresh] done in 44ms @ http://localhost:3001/_next/static/chunks/node_modules_next_dist_1e8vcs8._.js:776
[  232273ms] [LOG] [Fast Refresh] done in 44ms @ http://localhost:3001/_next/static/chunks/node_modules_next_dist_1e8vcs8._.js:776
[  232335ms] [LOG] [Fast Refresh] done in 44ms @ http://localhost:3001/_next/static/chunks/node_modules_next_dist_1e8vcs8._.js:776
[  232390ms] [LOG] [Fast Refresh] done in 44ms @ http://localhost:3001/_next/static/chunks/node_modules_next_dist_1e8vcs8._.js:776
[  232439ms] [LOG] [Fast Refresh] done in 44ms @ http://localhost:3001/_next/static/chunks/node_modules_next_dist_1e8vcs8._.js:776
[  232490ms] [LOG] [Fast Refresh] done in 44ms @ http://localhost:3001/_next/static/chunks/node_modules_next_dist_1e8vcs8._.js:776
[  232542ms] [LOG] [Fast Refresh] done in 44ms @ http://localhost:3001/_next/static/chunks/node_modules_next_dist_1e8vcs8._.js:776
[  232605ms] [LOG] [Fast Refresh] done in 44ms @ http://localhost:3001/_next/static/chunks/node_modules_next_dist_1e8vcs8._.js:776
[  232658ms] [LOG] [Fast Refresh] done in 44ms @ http://localhost:3001/_next/static/chunks/node_modules_next_dist_1e8vcs8._.js:776
[  232708ms] [LOG] [Fast Refresh] done in 44ms @ http://localhost:3001/_next/static/chunks/node_modules_next_dist_1e8vcs8._.js:776
[  232757ms] [LOG] [Fast Refresh] done in 44ms @ http://localhost:3001/_next/static/chunks/node_modules_next_dist_1e8vcs8._.js:776
[  232820ms] [LOG] [Fast Refresh] done in 44ms @ http://localhost:3001/_next/static/chunks/node_modules_next_dist_1e8vcs8._.js:776
[  232872ms] [LOG] [Fast Refresh] done in 44ms @ http://localhost:3001/_next/static/chunks/node_modules_next_dist_1e8vcs8._.js:776
[  232925ms] [LOG] [Fast Refresh] done in 44ms @ http://localhost:3001/_next/static/chunks/node_modules_next_dist_1e8vcs8._.js:776
[  232986ms] [LOG] [Fast Refresh] done in 44ms @ http://localhost:3001/_next/static/chunks/node_modules_next_dist_1e8vcs8._.js:776
[  233040ms] [LOG] [Fast Refresh] done in 44ms @ http://localhost:3001/_next/static/chunks/node_modules_next_dist_1e8vcs8._.js:776
[  233106ms] [LOG] [Fast Refresh] done in 44ms @ http://localhost:3001/_next/static/chunks/node_modules_next_dist_1e8vcs8._.js:776
[  233172ms] [LOG] [Fast Refresh] done in 44ms @ http://localhost:3001/_next/static/chunks/node_modules_next_dist_1e8vcs8._.js:776
[  233238ms] [LOG] [Fast Refresh] done in 44ms @ http://localhost:3001/_next/static/chunks/node_modules_next_dist_1e8vcs8._.js:776
[  233303ms] [LOG] [Fast Refresh] done in 44ms @ http://localhost:3001/_next/static/chunks/node_modules_next_dist_1e8vcs8._.js:776
[  233355ms] [LOG] [Fast Refresh] done in 44ms @ http://localhost:3001/_next/static/chunks/node_modules_next_dist_1e8vcs8._.js:776
[  233423ms] [LOG] [Fast Refresh] done in 44ms @ http://localhost:3001/_next/static/chunks/node_modules_next_dist_1e8vcs8._.js:776
[  233473ms] [LOG] [Fast Refresh] done in 44ms @ http://localhost:3001/_next/static/chunks/node_modules_next_dist_1e8vcs8._.js:776
[  233524ms] [LOG] [Fast Refresh] done in 44ms @ http://localhost:3001/_next/static/chunks/node_modules_next_dist_1e8vcs8._.js:776
[  233589ms] [LOG] [Fast Refresh] done in 44ms @ http://localhost:3001/_next/static/chunks/node_modules_next_dist_1e8vcs8._.js:776
[  233654ms] [LOG] [Fast Refresh] done in 44ms @ http://localhost:3001/_next/static/chunks/node_modules_next_dist_1e8vcs8._.js:776
[  233707ms] [LOG] [Fast Refresh] done in 44ms @ http://localhost:3001/_next/static/chunks/node_modules_next_dist_1e8vcs8._.js:776
[  233757ms] [LOG] [Fast Refresh] done in 44ms @ http://localhost:3001/_next/static/chunks/node_modules_next_dist_1e8vcs8._.js:776
[  233808ms] [LOG] [Fast Refresh] done in 44ms @ http://localhost:3001/_next/static/chunks/node_modules_next_dist_1e8vcs8._.js:776
[  233856ms] [LOG] [Fast Refresh] done in 44ms @ http://localhost:3001/_next/static/chunks/node_modules_next_dist_1e8vcs8._.js:776
[  233920ms] [LOG] [Fast Refresh] done in 44ms @ http://localhost:3001/_next/static/chunks/node_modules_next_dist_1e8vcs8._.js:776
[  233975ms] [LOG] [Fast Refresh] done in 44ms @ http://localhost:3001/_next/static/chunks/node_modules_next_dist_1e8vcs8._.js:776
[  234038ms] [LOG] [Fast Refresh] done in 44ms @ http://localhost:3001/_next/static/chunks/node_modules_next_dist_1e8vcs8._.js:776
[  234089ms] [LOG] [Fast Refresh] done in 44ms @ http://localhost:3001/_next/static/chunks/node_modules_next_dist_1e8vcs8._.js:776
[  234155ms] [LOG] [Fast Refresh] done in 44ms @ http://localhost:3001/_next/static/chunks/node_modules_next_dist_1e8vcs8._.js:776
[  234218ms] [LOG] [Fast Refresh] done in 44ms @ http://localhost:3001/_next/static/chunks/node_modules_next_dist_1e8vcs8._.js:776
[  234279ms] [LOG] [Fast Refresh] done in 44ms @ http://localhost:3001/_next/static/chunks/node_modules_next_dist_1e8vcs8._.js:776
[  234339ms] [LOG] [Fast Refresh] done in 44ms @ http://localhost:3001/_next/static/chunks/node_modules_next_dist_1e8vcs8._.js:776
[  234391ms] [LOG] [Fast Refresh] done in 44ms @ http://localhost:3001/_next/static/chunks/node_modules_next_dist_1e8vcs8._.js:776
[  234456ms] [LOG] [Fast Refresh] done in 44ms @ http://localhost:3001/_next/static/chunks/node_modules_next_dist_1e8vcs8._.js:776
[  234507ms] [LOG] [Fast Refresh] done in 44ms @ http://localhost:3001/_next/static/chunks/node_modules_next_dist_1e8vcs8._.js:776
[  234569ms] [LOG] [Fast Refresh] done in 44ms @ http://localhost:3001/_next/static/chunks/node_modules_next_dist_1e8vcs8._.js:776
[  234632ms] [LOG] [Fast Refresh] done in 44ms @ http://localhost:3001/_next/static/chunks/node_modules_next_dist_1e8vcs8._.js:776
[  234694ms] [LOG] [Fast Refresh] done in 44ms @ http://localhost:3001/_next/static/chunks/node_modules_next_dist_1e8vcs8._.js:776
[  234756ms] [LOG] [Fast Refresh] done in 44ms @ http://localhost:3001/_next/static/chunks/node_modules_next_dist_1e8vcs8._.js:776
[  234807ms] [LOG] [Fast Refresh] done in 44ms @ http://localhost:3001/_next/static/chunks/node_modules_next_dist_1e8vcs8._.js:776
[  234870ms] [LOG] [Fast Refresh] done in 44ms @ http://localhost:3001/_next/static/chunks/node_modules_next_dist_1e8vcs8._.js:776
[  234923ms] [LOG] [Fast Refresh] done in 44ms @ http://localhost:3001/_next/static/chunks/node_modules_next_dist_1e8vcs8._.js:776
[  234974ms] [LOG] [Fast Refresh] done in 44ms @ http://localhost:3001/_next/static/chunks/node_modules_next_dist_1e8vcs8._.js:776
[  235024ms] [LOG] [Fast Refresh] done in 44ms @ http://localhost:3001/_next/static/chunks/node_modules_next_dist_1e8vcs8._.js:776
[  235091ms] [LOG] [Fast Refresh] done in 44ms @ http://localhost:3001/_next/static/chunks/node_modules_next_dist_1e8vcs8._.js:776
[  235140ms] [LOG] [Fast Refresh] done in 44ms @ http://localhost:3001/_next/static/chunks/node_modules_next_dist_1e8vcs8._.js:776
[  235191ms] [LOG] [Fast Refresh] done in 44ms @ http://localhost:3001/_next/static/chunks/node_modules_next_dist_1e8vcs8._.js:776
[  235255ms] [LOG] [Fast Refresh] done in 44ms @ http://localhost:3001/_next/static/chunks/node_modules_next_dist_1e8vcs8._.js:776
[  235321ms] [LOG] [Fast Refresh] done in 44ms @ http://localhost:3001/_next/static/chunks/node_modules_next_dist_1e8vcs8._.js:776
[  235374ms] [LOG] [Fast Refresh] done in 44ms @ http://localhost:3001/_next/static/chunks/node_modules_next_dist_1e8vcs8._.js:776
[  235439ms] [LOG] [Fast Refresh] done in 44ms @ http://localhost:3001/_next/static/chunks/node_modules_next_dist_1e8vcs8._.js:776
[  235489ms] [LOG] [Fast Refresh] done in 44ms @ http://localhost:3001/_next/static/chunks/node_modules_next_dist_1e8vcs8._.js:776
[  235540ms] [LOG] [Fast Refresh] done in 44ms @ http://localhost:3001/_next/static/chunks/node_modules_next_dist_1e8vcs8._.js:776
[  235590ms] [LOG] [Fast Refresh] done in 44ms @ http://localhost:3001/_next/static/chunks/node_modules_next_dist_1e8vcs8._.js:776
[  235657ms] [LOG] [Fast Refresh] done in 44ms @ http://localhost:3001/_next/static/chunks/node_modules_next_dist_1e8vcs8._.js:776
[  235723ms] [LOG] [Fast Refresh] done in 44ms @ http://localhost:3001/_next/static/chunks/node_modules_next_dist_1e8vcs8._.js:776
[  235772ms] [LOG] [Fast Refresh] done in 44ms @ http://localhost:3001/_next/static/chunks/node_modules_next_dist_1e8vcs8._.js:776
[  235823ms] [LOG] [Fast Refresh] done in 44ms @ http://localhost:3001/_next/static/chunks/node_modules_next_dist_1e8vcs8._.js:776
[  235874ms] [LOG] [Fast Refresh] done in 44ms @ http://localhost:3001/_next/static/chunks/node_modules_next_dist_1e8vcs8._.js:776
[  235923ms] [LOG] [Fast Refresh] done in 44ms @ http://localhost:3001/_next/static/chunks/node_modules_next_dist_1e8vcs8._.js:776
[  235989ms] [LOG] [Fast Refresh] done in 44ms @ http://localhost:3001/_next/static/chunks/node_modules_next_dist_1e8vcs8._.js:776
[  236040ms] [LOG] [Fast Refresh] done in 44ms @ http://localhost:3001/_next/static/chunks/node_modules_next_dist_1e8vcs8._.js:776
[  236090ms] [LOG] [Fast Refresh] done in 44ms @ http://localhost:3001/_next/static/chunks/node_modules_next_dist_1e8vcs8._.js:776
[  236141ms] [LOG] [Fast Refresh] done in 44ms @ http://localhost:3001/_next/static/chunks/node_modules_next_dist_1e8vcs8._.js:776
[  236204ms] [LOG] [Fast Refresh] done in 44ms @ http://localhost:3001/_next/static/chunks/node_modules_next_dist_1e8vcs8._.js:776
[  236256ms] [LOG] [Fast Refresh] done in 44ms @ http://localhost:3001/_next/static/chunks/node_modules_next_dist_1e8vcs8._.js:776
[  236323ms] [LOG] [Fast Refresh] done in 44ms @ http://localhost:3001/_next/static/chunks/node_modules_next_dist_1e8vcs8._.js:776
[  236373ms] [LOG] [Fast Refresh] done in 44ms @ http://localhost:3001/_next/static/chunks/node_modules_next_dist_1e8vcs8._.js:776
[  236438ms] [LOG] [Fast Refresh] done in 44ms @ http://localhost:3001/_next/static/chunks/node_modules_next_dist_1e8vcs8._.js:776
[  236490ms] [LOG] [Fast Refresh] done in 44ms @ http://localhost:3001/_next/static/chunks/node_modules_next_dist_1e8vcs8._.js:776
[  236554ms] [LOG] [Fast Refresh] done in 44ms @ http://localhost:3001/_next/static/chunks/node_modules_next_dist_1e8vcs8._.js:776
[  236607ms] [LOG] [Fast Refresh] done in 44ms @ http://localhost:3001/_next/static/chunks/node_modules_next_dist_1e8vcs8._.js:776
[  236672ms] [LOG] [Fast Refresh] done in 44ms @ http://localhost:3001/_next/static/chunks/node_modules_next_dist_1e8vcs8._.js:776
[  236723ms] [LOG] [Fast Refresh] done in 44ms @ http://localhost:3001/_next/static/chunks/node_modules_next_dist_1e8vcs8._.js:776
[  236789ms] [LOG] [Fast Refresh] done in 44ms @ http://localhost:3001/_next/static/chunks/node_modules_next_dist_1e8vcs8._.js:776
[  236840ms] [LOG] [Fast Refresh] done in 44ms @ http://localhost:3001/_next/static/chunks/node_modules_next_dist_1e8vcs8._.js:776
[  236904ms] [LOG] [Fast Refresh] done in 44ms @ http://localhost:3001/_next/static/chunks/node_modules_next_dist_1e8vcs8._.js:776
[  236956ms] [LOG] [Fast Refresh] done in 44ms @ http://localhost:3001/_next/static/chunks/node_modules_next_dist_1e8vcs8._.js:776
[  237010ms] [LOG] [Fast Refresh] done in 44ms @ http://localhost:3001/_next/static/chunks/node_modules_next_dist_1e8vcs8._.js:776
[  237076ms] [LOG] [Fast Refresh] done in 44ms @ http://localhost:3001/_next/static/chunks/node_modules_next_dist_1e8vcs8._.js:776
[  237139ms] [LOG] [Fast Refresh] done in 44ms @ http://localhost:3001/_next/static/chunks/node_modules_next_dist_1e8vcs8._.js:776
[  237190ms] [LOG] [Fast Refresh] done in 44ms @ http://localhost:3001/_next/static/chunks/node_modules_next_dist_1e8vcs8._.js:776
[  237240ms] [LOG] [Fast Refresh] done in 44ms @ http://localhost:3001/_next/static/chunks/node_modules_next_dist_1e8vcs8._.js:776
[  237291ms] [LOG] [Fast Refresh] done in 44ms @ http://localhost:3001/_next/static/chunks/node_modules_next_dist_1e8vcs8._.js:776
[  237341ms] [LOG] [Fast Refresh] done in 44ms @ http://localhost:3001/_next/static/chunks/node_modules_next_dist_1e8vcs8._.js:776
[  237407ms] [LOG] [Fast Refresh] done in 44ms @ http://localhost:3001/_next/static/chunks/node_modules_next_dist_1e8vcs8._.js:776
[  237458ms] [LOG] [Fast Refresh] done in 44ms @ http://localhost:3001/_next/static/chunks/node_modules_next_dist_1e8vcs8._.js:776
[  237523ms] [LOG] [Fast Refresh] done in 44ms @ http://localhost:3001/_next/static/chunks/node_modules_next_dist_1e8vcs8._.js:776
[  237589ms] [LOG] [Fast Refresh] done in 44ms @ http://localhost:3001/_next/static/chunks/node_modules_next_dist_1e8vcs8._.js:776
[  237656ms] [LOG] [Fast Refresh] done in 44ms @ http://localhost:3001/_next/static/chunks/node_modules_next_dist_1e8vcs8._.js:776
[  237719ms] [LOG] [Fast Refresh] done in 44ms @ http://localhost:3001/_next/static/chunks/node_modules_next_dist_1e8vcs8._.js:776
[  237789ms] [LOG] [Fast Refresh] done in 44ms @ http://localhost:3001/_next/static/chunks/node_modules_next_dist_1e8vcs8._.js:776
[  237850ms] [LOG] [Fast Refresh] done in 44ms @ http://localhost:3001/_next/static/chunks/node_modules_next_dist_1e8vcs8._.js:776
[  237906ms] [LOG] [Fast Refresh] done in 44ms @ http://localhost:3001/_next/static/chunks/node_modules_next_dist_1e8vcs8._.js:776
[  237955ms] [LOG] [Fast Refresh] done in 44ms @ http://localhost:3001/_next/static/chunks/node_modules_next_dist_1e8vcs8._.js:776
[  238007ms] [LOG] [Fast Refresh] done in 44ms @ http://localhost:3001/_next/static/chunks/node_modules_next_dist_1e8vcs8._.js:776
[  238058ms] [LOG] [Fast Refresh] done in 44ms @ http://localhost:3001/_next/static/chunks/node_modules_next_dist_1e8vcs8._.js:776
[  238120ms] [LOG] [Fast Refresh] done in 44ms @ http://localhost:3001/_next/static/chunks/node_modules_next_dist_1e8vcs8._.js:776
[  238174ms] [LOG] [Fast Refresh] done in 44ms @ http://localhost:3001/_next/static/chunks/node_modules_next_dist_1e8vcs8._.js:776
[  238223ms] [LOG] [Fast Refresh] done in 44ms @ http://localhost:3001/_next/static/chunks/node_modules_next_dist_1e8vcs8._.js:776
[  238274ms] [LOG] [Fast Refresh] done in 44ms @ http://localhost:3001/_next/static/chunks/node_modules_next_dist_1e8vcs8._.js:776
[  238336ms] [LOG] [Fast Refresh] done in 44ms @ http://localhost:3001/_next/static/chunks/node_modules_next_dist_1e8vcs8._.js:776
[  238391ms] [LOG] [Fast Refresh] done in 44ms @ http://localhost:3001/_next/static/chunks/node_modules_next_dist_1e8vcs8._.js:776
[  238441ms] [LOG] [Fast Refresh] done in 44ms @ http://localhost:3001/_next/static/chunks/node_modules_next_dist_1e8vcs8._.js:776
[  238503ms] [LOG] [Fast Refresh] done in 44ms @ http://localhost:3001/_next/static/chunks/node_modules_next_dist_1e8vcs8._.js:776
[  238556ms] [LOG] [Fast Refresh] done in 44ms @ http://localhost:3001/_next/static/chunks/node_modules_next_dist_1e8vcs8._.js:776
[  238606ms] [LOG] [Fast Refresh] done in 44ms @ http://localhost:3001/_next/static/chunks/node_modules_next_dist_1e8vcs8._.js:776
[  238669ms] [LOG] [Fast Refresh] done in 44ms @ http://localhost:3001/_next/static/chunks/node_modules_next_dist_1e8vcs8._.js:776
[  238732ms] [LOG] [Fast Refresh] done in 44ms @ http://localhost:3001/_next/static/chunks/node_modules_next_dist_1e8vcs8._.js:776
[  238791ms] [LOG] [Fast Refresh] done in 44ms @ http://localhost:3001/_next/static/chunks/node_modules_next_dist_1e8vcs8._.js:776
[  238854ms] [LOG] [Fast Refresh] done in 44ms @ http://localhost:3001/_next/static/chunks/node_modules_next_dist_1e8vcs8._.js:776
[  238908ms] [LOG] [Fast Refresh] done in 44ms @ http://localhost:3001/_next/static/chunks/node_modules_next_dist_1e8vcs8._.js:776
[  238956ms] [LOG] [Fast Refresh] done in 44ms @ http://localhost:3001/_next/static/chunks/node_modules_next_dist_1e8vcs8._.js:776
[  239007ms] [LOG] [Fast Refresh] done in 44ms @ http://localhost:3001/_next/static/chunks/node_modules_next_dist_1e8vcs8._.js:776
[  239072ms] [LOG] [Fast Refresh] done in 44ms @ http://localhost:3001/_next/static/chunks/node_modules_next_dist_1e8vcs8._.js:776
[  239140ms] [LOG] [Fast Refresh] done in 44ms @ http://localhost:3001/_next/static/chunks/node_modules_next_dist_1e8vcs8._.js:776
[  239190ms] [LOG] [Fast Refresh] done in 44ms @ http://localhost:3001/_next/static/chunks/node_modules_next_dist_1e8vcs8._.js:776
[  239256ms] [LOG] [Fast Refresh] done in 44ms @ http://localhost:3001/_next/static/chunks/node_modules_next_dist_1e8vcs8._.js:776
[  239316ms] [LOG] [Fast Refresh] done in 44ms @ http://localhost:3001/_next/static/chunks/node_modules_next_dist_1e8vcs8._.js:776
[  239374ms] [LOG] [Fast Refresh] done in 44ms @ http://localhost:3001/_next/static/chunks/node_modules_next_dist_1e8vcs8._.js:776
[  239424ms] [LOG] [Fast Refresh] done in 44ms @ http://localhost:3001/_next/static/chunks/node_modules_next_dist_1e8vcs8._.js:776
[  239490ms] [LOG] [Fast Refresh] done in 44ms @ http://localhost:3001/_next/static/chunks/node_modules_next_dist_1e8vcs8._.js:776
[  239540ms] [LOG] [Fast Refresh] done in 44ms @ http://localhost:3001/_next/static/chunks/node_modules_next_dist_1e8vcs8._.js:776
[  239590ms] [LOG] [Fast Refresh] done in 44ms @ http://localhost:3001/_next/static/chunks/node_modules_next_dist_1e8vcs8._.js:776
[  239657ms] [LOG] [Fast Refresh] done in 44ms @ http://localhost:3001/_next/static/chunks/node_modules_next_dist_1e8vcs8._.js:776
[  239707ms] [LOG] [Fast Refresh] done in 44ms @ http://localhost:3001/_next/static/chunks/node_modules_next_dist_1e8vcs8._.js:776
[  239774ms] [LOG] [Fast Refresh] done in 44ms @ http://localhost:3001/_next/static/chunks/node_modules_next_dist_1e8vcs8._.js:776
[  239833ms] [LOG] [Fast Refresh] done in 44ms @ http://localhost:3001/_next/static/chunks/node_modules_next_dist_1e8vcs8._.js:776
[  239890ms] [LOG] [Fast Refresh] done in 44ms @ http://localhost:3001/_next/static/chunks/node_modules_next_dist_1e8vcs8._.js:776
[  239941ms] [LOG] [Fast Refresh] done in 44ms @ http://localhost:3001/_next/static/chunks/node_modules_next_dist_1e8vcs8._.js:776
[  240004ms] [LOG] [Fast Refresh] done in 44ms @ http://localhost:3001/_next/static/chunks/node_modules_next_dist_1e8vcs8._.js:776
[  240056ms] [LOG] [Fast Refresh] done in 44ms @ http://localhost:3001/_next/static/chunks/node_modules_next_dist_1e8vcs8._.js:776
[  240122ms] [LOG] [Fast Refresh] done in 44ms @ http://localhost:3001/_next/static/chunks/node_modules_next_dist_1e8vcs8._.js:776
[  240173ms] [LOG] [Fast Refresh] done in 44ms @ http://localhost:3001/_next/static/chunks/node_modules_next_dist_1e8vcs8._.js:776
[  240224ms] [LOG] [Fast Refresh] done in 44ms @ http://localhost:3001/_next/static/chunks/node_modules_next_dist_1e8vcs8._.js:776
[  240274ms] [LOG] [Fast Refresh] done in 44ms @ http://localhost:3001/_next/static/chunks/node_modules_next_dist_1e8vcs8._.js:776
[  240338ms] [LOG] [Fast Refresh] done in 44ms @ http://localhost:3001/_next/static/chunks/node_modules_next_dist_1e8vcs8._.js:776
[  240390ms] [LOG] [Fast Refresh] done in 44ms @ http://localhost:3001/_next/static/chunks/node_modules_next_dist_1e8vcs8._.js:776
[  240453ms] [LOG] [Fast Refresh] done in 44ms @ http://localhost:3001/_next/static/chunks/node_modules_next_dist_1e8vcs8._.js:776
[  240521ms] [LOG] [Fast Refresh] done in 44ms @ http://localhost:3001/_next/static/chunks/node_modules_next_dist_1e8vcs8._.js:776
[  240585ms] [LOG] [Fast Refresh] done in 44ms @ http://localhost:3001/_next/static/chunks/node_modules_next_dist_1e8vcs8._.js:776
[  240648ms] [LOG] [Fast Refresh] done in 44ms @ http://localhost:3001/_next/static/chunks/node_modules_next_dist_1e8vcs8._.js:776
[  240710ms] [LOG] [Fast Refresh] done in 44ms @ http://localhost:3001/_next/static/chunks/node_modules_next_dist_1e8vcs8._.js:776
[  240774ms] [LOG] [Fast Refresh] done in 44ms @ http://localhost:3001/_next/static/chunks/node_modules_next_dist_1e8vcs8._.js:776
[  240835ms] [LOG] [Fast Refresh] done in 44ms @ http://localhost:3001/_next/static/chunks/node_modules_next_dist_1e8vcs8._.js:776
[  240897ms] [LOG] [Fast Refresh] done in 44ms @ http://localhost:3001/_next/static/chunks/node_modules_next_dist_1e8vcs8._.js:776
[  240961ms] [LOG] [Fast Refresh] done in 44ms @ http://localhost:3001/_next/static/chunks/node_modules_next_dist_1e8vcs8._.js:776
[  241023ms] [LOG] [Fast Refresh] done in 44ms @ http://localhost:3001/_next/static/chunks/node_modules_next_dist_1e8vcs8._.js:776
[  241083ms] [LOG] [Fast Refresh] done in 44ms @ http://localhost:3001/_next/static/chunks/node_modules_next_dist_1e8vcs8._.js:776
[  241146ms] [LOG] [Fast Refresh] done in 44ms @ http://localhost:3001/_next/static/chunks/node_modules_next_dist_1e8vcs8._.js:776
[  241209ms] [LOG] [Fast Refresh] done in 44ms @ http://localhost:3001/_next/static/chunks/node_modules_next_dist_1e8vcs8._.js:776
[  241270ms] [LOG] [Fast Refresh] done in 44ms @ http://localhost:3001/_next/static/chunks/node_modules_next_dist_1e8vcs8._.js:776
[  241324ms] [LOG] [Fast Refresh] done in 44ms @ http://localhost:3001/_next/static/chunks/node_modules_next_dist_1e8vcs8._.js:776
[  241385ms] [LOG] [Fast Refresh] done in 44ms @ http://localhost:3001/_next/static/chunks/node_modules_next_dist_1e8vcs8._.js:776
[  241441ms] [LOG] [Fast Refresh] done in 44ms @ http://localhost:3001/_next/static/chunks/node_modules_next_dist_1e8vcs8._.js:776
[  241507ms] [LOG] [Fast Refresh] done in 44ms @ http://localhost:3001/_next/static/chunks/node_modules_next_dist_1e8vcs8._.js:776
[  241570ms] [LOG] [Fast Refresh] done in 44ms @ http://localhost:3001/_next/static/chunks/node_modules_next_dist_1e8vcs8._.js:776
[  241623ms] [LOG] [Fast Refresh] done in 44ms @ http://localhost:3001/_next/static/chunks/node_modules_next_dist_1e8vcs8._.js:776
[  241688ms] [LOG] [Fast Refresh] done in 44ms @ http://localhost:3001/_next/static/chunks/node_modules_next_dist_1e8vcs8._.js:776
[  241751ms] [LOG] [Fast Refresh] done in 44ms @ http://localhost:3001/_next/static/chunks/node_modules_next_dist_1e8vcs8._.js:776
[  241813ms] [LOG] [Fast Refresh] done in 44ms @ http://localhost:3001/_next/static/chunks/node_modules_next_dist_1e8vcs8._.js:776
[  241875ms] [LOG] [Fast Refresh] done in 44ms @ http://localhost:3001/_next/static/chunks/node_modules_next_dist_1e8vcs8._.js:776
[  241938ms] [LOG] [Fast Refresh] done in 44ms @ http://localhost:3001/_next/static/chunks/node_modules_next_dist_1e8vcs8._.js:776
[  242001ms] [LOG] [Fast Refresh] done in 44ms @ http://localhost:3001/_next/static/chunks/node_modules_next_dist_1e8vcs8._.js:776
[  242063ms] [LOG] [Fast Refresh] done in 44ms @ http://localhost:3001/_next/static/chunks/node_modules_next_dist_1e8vcs8._.js:776
[  242124ms] [LOG] [Fast Refresh] done in 44ms @ http://localhost:3001/_next/static/chunks/node_modules_next_dist_1e8vcs8._.js:776
[  242185ms] [LOG] [Fast Refresh] done in 44ms @ http://localhost:3001/_next/static/chunks/node_modules_next_dist_1e8vcs8._.js:776
[  242240ms] [LOG] [Fast Refresh] done in 44ms @ http://localhost:3001/_next/static/chunks/node_modules_next_dist_1e8vcs8._.js:776
[  242305ms] [LOG] [Fast Refresh] done in 44ms @ http://localhost:3001/_next/static/chunks/node_modules_next_dist_1e8vcs8._.js:776
[  242368ms] [LOG] [Fast Refresh] done in 44ms @ http://localhost:3001/_next/static/chunks/node_modules_next_dist_1e8vcs8._.js:776
[  242424ms] [LOG] [Fast Refresh] done in 44ms @ http://localhost:3001/_next/static/chunks/node_modules_next_dist_1e8vcs8._.js:776
[  242474ms] [LOG] [Fast Refresh] done in 44ms @ http://localhost:3001/_next/static/chunks/node_modules_next_dist_1e8vcs8._.js:776
[  242524ms] [LOG] [Fast Refresh] done in 44ms @ http://localhost:3001/_next/static/chunks/node_modules_next_dist_1e8vcs8._.js:776
[  242589ms] [LOG] [Fast Refresh] done in 44ms @ http://localhost:3001/_next/static/chunks/node_modules_next_dist_1e8vcs8._.js:776
[  242640ms] [LOG] [Fast Refresh] done in 44ms @ http://localhost:3001/_next/static/chunks/node_modules_next_dist_1e8vcs8._.js:776
[  242705ms] [LOG] [Fast Refresh] done in 44ms @ http://localhost:3001/_next/static/chunks/node_modules_next_dist_1e8vcs8._.js:776
[  242756ms] [LOG] [Fast Refresh] done in 44ms @ http://localhost:3001/_next/static/chunks/node_modules_next_dist_1e8vcs8._.js:776
[  242806ms] [LOG] [Fast Refresh] done in 44ms @ http://localhost:3001/_next/static/chunks/node_modules_next_dist_1e8vcs8._.js:776
[  242858ms] [LOG] [Fast Refresh] done in 44ms @ http://localhost:3001/_next/static/chunks/node_modules_next_dist_1e8vcs8._.js:776
[  242924ms] [LOG] [Fast Refresh] done in 44ms @ http://localhost:3001/_next/static/chunks/node_modules_next_dist_1e8vcs8._.js:776
[  242984ms] [LOG] [Fast Refresh] done in 44ms @ http://localhost:3001/_next/static/chunks/node_modules_next_dist_1e8vcs8._.js:776
[  243048ms] [LOG] [Fast Refresh] done in 44ms @ http://localhost:3001/_next/static/chunks/node_modules_next_dist_1e8vcs8._.js:776
[  243111ms] [LOG] [Fast Refresh] done in 44ms @ http://localhost:3001/_next/static/chunks/node_modules_next_dist_1e8vcs8._.js:776
[  243174ms] [LOG] [Fast Refresh] done in 44ms @ http://localhost:3001/_next/static/chunks/node_modules_next_dist_1e8vcs8._.js:776
[  243237ms] [LOG] [Fast Refresh] done in 44ms @ http://localhost:3001/_next/static/chunks/node_modules_next_dist_1e8vcs8._.js:776
[  243301ms] [LOG] [Fast Refresh] done in 44ms @ http://localhost:3001/_next/static/chunks/node_modules_next_dist_1e8vcs8._.js:776
[  243363ms] [LOG] [Fast Refresh] done in 44ms @ http://localhost:3001/_next/static/chunks/node_modules_next_dist_1e8vcs8._.js:776
[  243423ms] [LOG] [Fast Refresh] done in 44ms @ http://localhost:3001/_next/static/chunks/node_modules_next_dist_1e8vcs8._.js:776
[  243487ms] [LOG] [Fast Refresh] done in 44ms @ http://localhost:3001/_next/static/chunks/node_modules_next_dist_1e8vcs8._.js:776
[  243540ms] [LOG] [Fast Refresh] done in 44ms @ http://localhost:3001/_next/static/chunks/node_modules_next_dist_1e8vcs8._.js:776
[  243605ms] [LOG] [Fast Refresh] done in 44ms @ http://localhost:3001/_next/static/chunks/node_modules_next_dist_1e8vcs8._.js:776
[  243656ms] [LOG] [Fast Refresh] done in 44ms @ http://localhost:3001/_next/static/chunks/node_modules_next_dist_1e8vcs8._.js:776
[  243721ms] [LOG] [Fast Refresh] done in 44ms @ http://localhost:3001/_next/static/chunks/node_modules_next_dist_1e8vcs8._.js:776
[  243783ms] [LOG] [Fast Refresh] done in 44ms @ http://localhost:3001/_next/static/chunks/node_modules_next_dist_1e8vcs8._.js:776
[  243845ms] [LOG] [Fast Refresh] done in 44ms @ http://localhost:3001/_next/static/chunks/node_modules_next_dist_1e8vcs8._.js:776
[  243907ms] [LOG] [Fast Refresh] done in 44ms @ http://localhost:3001/_next/static/chunks/node_modules_next_dist_1e8vcs8._.js:776
[  243972ms] [LOG] [Fast Refresh] done in 44ms @ http://localhost:3001/_next/static/chunks/node_modules_next_dist_1e8vcs8._.js:776
[  244025ms] [LOG] [Fast Refresh] done in 44ms @ http://localhost:3001/_next/static/chunks/node_modules_next_dist_1e8vcs8._.js:776
[  244091ms] [LOG] [Fast Refresh] done in 44ms @ http://localhost:3001/_next/static/chunks/node_modules_next_dist_1e8vcs8._.js:776
[  244141ms] [LOG] [Fast Refresh] done in 44ms @ http://localhost:3001/_next/static/chunks/node_modules_next_dist_1e8vcs8._.js:776
[  244203ms] [LOG] [Fast Refresh] done in 44ms @ http://localhost:3001/_next/static/chunks/node_modules_next_dist_1e8vcs8._.js:776
[  244257ms] [LOG] [Fast Refresh] done in 44ms @ http://localhost:3001/_next/static/chunks/node_modules_next_dist_1e8vcs8._.js:776
[  244322ms] [LOG] [Fast Refresh] done in 44ms @ http://localhost:3001/_next/static/chunks/node_modules_next_dist_1e8vcs8._.js:776
[  244385ms] [LOG] [Fast Refresh] done in 44ms @ http://localhost:3001/_next/static/chunks/node_modules_next_dist_1e8vcs8._.js:776
[  244443ms] [LOG] [Fast Refresh] done in 44ms @ http://localhost:3001/_next/static/chunks/node_modules_next_dist_1e8vcs8._.js:776
[  244507ms] [LOG] [Fast Refresh] done in 44ms @ http://localhost:3001/_next/static/chunks/node_modules_next_dist_1e8vcs8._.js:776
[  244566ms] [LOG] [Fast Refresh] done in 44ms @ http://localhost:3001/_next/static/chunks/node_modules_next_dist_1e8vcs8._.js:776
[  244629ms] [LOG] [Fast Refresh] done in 44ms @ http://localhost:3001/_next/static/chunks/node_modules_next_dist_1e8vcs8._.js:776
[  244692ms] [LOG] [Fast Refresh] done in 44ms @ http://localhost:3001/_next/static/chunks/node_modules_next_dist_1e8vcs8._.js:776
[  244755ms] [LOG] [Fast Refresh] done in 44ms @ http://localhost:3001/_next/static/chunks/node_modules_next_dist_1e8vcs8._.js:776
[  244817ms] [LOG] [Fast Refresh] done in 44ms @ http://localhost:3001/_next/static/chunks/node_modules_next_dist_1e8vcs8._.js:776
[  244879ms] [LOG] [Fast Refresh] done in 44ms @ http://localhost:3001/_next/static/chunks/node_modules_next_dist_1e8vcs8._.js:776
[  244942ms] [LOG] [Fast Refresh] done in 44ms @ http://localhost:3001/_next/static/chunks/node_modules_next_dist_1e8vcs8._.js:776
[  245004ms] [LOG] [Fast Refresh] done in 44ms @ http://localhost:3001/_next/static/chunks/node_modules_next_dist_1e8vcs8._.js:776
[  245066ms] [LOG] [Fast Refresh] done in 44ms @ http://localhost:3001/_next/static/chunks/node_modules_next_dist_1e8vcs8._.js:776
[  245130ms] [LOG] [Fast Refresh] done in 44ms @ http://localhost:3001/_next/static/chunks/node_modules_next_dist_1e8vcs8._.js:776
[  245187ms] [LOG] [Fast Refresh] done in 44ms @ http://localhost:3001/_next/static/chunks/node_modules_next_dist_1e8vcs8._.js:776
[  245240ms] [LOG] [Fast Refresh] done in 44ms @ http://localhost:3001/_next/static/chunks/node_modules_next_dist_1e8vcs8._.js:776
[  245290ms] [LOG] [Fast Refresh] done in 44ms @ http://localhost:3001/_next/static/chunks/node_modules_next_dist_1e8vcs8._.js:776
[  245353ms] [LOG] [Fast Refresh] done in 44ms @ http://localhost:3001/_next/static/chunks/node_modules_next_dist_1e8vcs8._.js:776
[  245407ms] [LOG] [Fast Refresh] done in 44ms @ http://localhost:3001/_next/static/chunks/node_modules_next_dist_1e8vcs8._.js:776
[  245470ms] [LOG] [Fast Refresh] done in 44ms @ http://localhost:3001/_next/static/chunks/node_modules_next_dist_1e8vcs8._.js:776
[  245533ms] [LOG] [Fast Refresh] done in 44ms @ http://localhost:3001/_next/static/chunks/node_modules_next_dist_1e8vcs8._.js:776
[  245597ms] [LOG] [Fast Refresh] done in 44ms @ http://localhost:3001/_next/static/chunks/node_modules_next_dist_1e8vcs8._.js:776
[  245655ms] [LOG] [Fast Refresh] done in 44ms @ http://localhost:3001/_next/static/chunks/node_modules_next_dist_1e8vcs8._.js:776
[  245706ms] [LOG] [Fast Refresh] done in 44ms @ http://localhost:3001/_next/static/chunks/node_modules_next_dist_1e8vcs8._.js:776
[  245772ms] [LOG] [Fast Refresh] done in 44ms @ http://localhost:3001/_next/static/chunks/node_modules_next_dist_1e8vcs8._.js:776
[  245838ms] [LOG] [Fast Refresh] done in 44ms @ http://localhost:3001/_next/static/chunks/node_modules_next_dist_1e8vcs8._.js:776
[  245906ms] [LOG] [Fast Refresh] done in 44ms @ http://localhost:3001/_next/static/chunks/node_modules_next_dist_1e8vcs8._.js:776
[  245971ms] [LOG] [Fast Refresh] done in 44ms @ http://localhost:3001/_next/static/chunks/node_modules_next_dist_1e8vcs8._.js:776
[  246022ms] [LOG] [Fast Refresh] done in 44ms @ http://localhost:3001/_next/static/chunks/node_modules_next_dist_1e8vcs8._.js:776
[  246075ms] [LOG] [Fast Refresh] done in 44ms @ http://localhost:3001/_next/static/chunks/node_modules_next_dist_1e8vcs8._.js:776
[  246123ms] [LOG] [Fast Refresh] done in 44ms @ http://localhost:3001/_next/static/chunks/node_modules_next_dist_1e8vcs8._.js:776
[  246186ms] [LOG] [Fast Refresh] done in 44ms @ http://localhost:3001/_next/static/chunks/node_modules_next_dist_1e8vcs8._.js:776
[  246240ms] [LOG] [Fast Refresh] done in 44ms @ http://localhost:3001/_next/static/chunks/node_modules_next_dist_1e8vcs8._.js:776
[  246290ms] [LOG] [Fast Refresh] done in 44ms @ http://localhost:3001/_next/static/chunks/node_modules_next_dist_1e8vcs8._.js:776
[  246341ms] [LOG] [Fast Refresh] done in 44ms @ http://localhost:3001/_next/static/chunks/node_modules_next_dist_1e8vcs8._.js:776
[  246391ms] [LOG] [Fast Refresh] done in 44ms @ http://localhost:3001/_next/static/chunks/node_modules_next_dist_1e8vcs8._.js:776
[  246441ms] [LOG] [Fast Refresh] done in 44ms @ http://localhost:3001/_next/static/chunks/node_modules_next_dist_1e8vcs8._.js:776
[  246503ms] [LOG] [Fast Refresh] done in 44ms @ http://localhost:3001/_next/static/chunks/node_modules_next_dist_1e8vcs8._.js:776
[  246572ms] [LOG] [Fast Refresh] done in 44ms @ http://localhost:3001/_next/static/chunks/node_modules_next_dist_1e8vcs8._.js:776
[  246638ms] [LOG] [Fast Refresh] done in 44ms @ http://localhost:3001/_next/static/chunks/node_modules_next_dist_1e8vcs8._.js:776
[  246691ms] [LOG] [Fast Refresh] done in 44ms @ http://localhost:3001/_next/static/chunks/node_modules_next_dist_1e8vcs8._.js:776
[  246756ms] [LOG] [Fast Refresh] done in 44ms @ http://localhost:3001/_next/static/chunks/node_modules_next_dist_1e8vcs8._.js:776
[  246818ms] [LOG] [Fast Refresh] done in 44ms @ http://localhost:3001/_next/static/chunks/node_modules_next_dist_1e8vcs8._.js:776
[  246873ms] [LOG] [Fast Refresh] done in 44ms @ http://localhost:3001/_next/static/chunks/node_modules_next_dist_1e8vcs8._.js:776
[  246941ms] [LOG] [Fast Refresh] done in 44ms @ http://localhost:3001/_next/static/chunks/node_modules_next_dist_1e8vcs8._.js:776
[  246991ms] [LOG] [Fast Refresh] done in 44ms @ http://localhost:3001/_next/static/chunks/node_modules_next_dist_1e8vcs8._.js:776
[  247058ms] [LOG] [Fast Refresh] done in 44ms @ http://localhost:3001/_next/static/chunks/node_modules_next_dist_1e8vcs8._.js:776
[  247110ms] [LOG] [Fast Refresh] done in 44ms @ http://localhost:3001/_next/static/chunks/node_modules_next_dist_1e8vcs8._.js:776
[  247173ms] [LOG] [Fast Refresh] done in 44ms @ http://localhost:3001/_next/static/chunks/node_modules_next_dist_1e8vcs8._.js:776
[  247222ms] [LOG] [Fast Refresh] done in 44ms @ http://localhost:3001/_next/static/chunks/node_modules_next_dist_1e8vcs8._.js:776
[  247274ms] [LOG] [Fast Refresh] done in 44ms @ http://localhost:3001/_next/static/chunks/node_modules_next_dist_1e8vcs8._.js:776
[  247337ms] [LOG] [Fast Refresh] done in 44ms @ http://localhost:3001/_next/static/chunks/node_modules_next_dist_1e8vcs8._.js:776
[  247389ms] [LOG] [Fast Refresh] done in 44ms @ http://localhost:3001/_next/static/chunks/node_modules_next_dist_1e8vcs8._.js:776
[  247455ms] [LOG] [Fast Refresh] done in 44ms @ http://localhost:3001/_next/static/chunks/node_modules_next_dist_1e8vcs8._.js:776
[  247508ms] [LOG] [Fast Refresh] done in 44ms @ http://localhost:3001/_next/static/chunks/node_modules_next_dist_1e8vcs8._.js:776
[  247559ms] [LOG] [Fast Refresh] done in 44ms @ http://localhost:3001/_next/static/chunks/node_modules_next_dist_1e8vcs8._.js:776
[  247624ms] [LOG] [Fast Refresh] done in 44ms @ http://localhost:3001/_next/static/chunks/node_modules_next_dist_1e8vcs8._.js:776
[  247688ms] [LOG] [Fast Refresh] done in 44ms @ http://localhost:3001/_next/static/chunks/node_modules_next_dist_1e8vcs8._.js:776
[  247741ms] [LOG] [Fast Refresh] done in 44ms @ http://localhost:3001/_next/static/chunks/node_modules_next_dist_1e8vcs8._.js:776
[  247790ms] [LOG] [Fast Refresh] done in 44ms @ http://localhost:3001/_next/static/chunks/node_modules_next_dist_1e8vcs8._.js:776
[  247857ms] [LOG] [Fast Refresh] done in 44ms @ http://localhost:3001/_next/static/chunks/node_modules_next_dist_1e8vcs8._.js:776
[  247921ms] [LOG] [Fast Refresh] done in 44ms @ http://localhost:3001/_next/static/chunks/node_modules_next_dist_1e8vcs8._.js:776
[  247984ms] [LOG] [Fast Refresh] done in 44ms @ http://localhost:3001/_next/static/chunks/node_modules_next_dist_1e8vcs8._.js:776
[  248047ms] [LOG] [Fast Refresh] done in 44ms @ http://localhost:3001/_next/static/chunks/node_modules_next_dist_1e8vcs8._.js:776
[  248106ms] [LOG] [Fast Refresh] done in 44ms @ http://localhost:3001/_next/static/chunks/node_modules_next_dist_1e8vcs8._.js:776
[  248173ms] [LOG] [Fast Refresh] done in 44ms @ http://localhost:3001/_next/static/chunks/node_modules_next_dist_1e8vcs8._.js:776
[  248234ms] [LOG] [Fast Refresh] done in 44ms @ http://localhost:3001/_next/static/chunks/node_modules_next_dist_1e8vcs8._.js:776
[  248297ms] [LOG] [Fast Refresh] done in 44ms @ http://localhost:3001/_next/static/chunks/node_modules_next_dist_1e8vcs8._.js:776
[  248360ms] [LOG] [Fast Refresh] done in 44ms @ http://localhost:3001/_next/static/chunks/node_modules_next_dist_1e8vcs8._.js:776
[  248424ms] [LOG] [Fast Refresh] done in 44ms @ http://localhost:3001/_next/static/chunks/node_modules_next_dist_1e8vcs8._.js:776
[  248486ms] [LOG] [Fast Refresh] done in 44ms @ http://localhost:3001/_next/static/chunks/node_modules_next_dist_1e8vcs8._.js:776
[  248540ms] [LOG] [Fast Refresh] done in 44ms @ http://localhost:3001/_next/static/chunks/node_modules_next_dist_1e8vcs8._.js:776
[  248604ms] [LOG] [Fast Refresh] done in 44ms @ http://localhost:3001/_next/static/chunks/node_modules_next_dist_1e8vcs8._.js:776
[  248657ms] [LOG] [Fast Refresh] done in 44ms @ http://localhost:3001/_next/static/chunks/node_modules_next_dist_1e8vcs8._.js:776
[  248722ms] [LOG] [Fast Refresh] done in 44ms @ http://localhost:3001/_next/static/chunks/node_modules_next_dist_1e8vcs8._.js:776
[  248784ms] [LOG] [Fast Refresh] done in 44ms @ http://localhost:3001/_next/static/chunks/node_modules_next_dist_1e8vcs8._.js:776
[  248847ms] [LOG] [Fast Refresh] done in 44ms @ http://localhost:3001/_next/static/chunks/node_modules_next_dist_1e8vcs8._.js:776
[  248909ms] [LOG] [Fast Refresh] done in 44ms @ http://localhost:3001/_next/static/chunks/node_modules_next_dist_1e8vcs8._.js:776
[  248972ms] [LOG] [Fast Refresh] done in 44ms @ http://localhost:3001/_next/static/chunks/node_modules_next_dist_1e8vcs8._.js:776
[  249024ms] [LOG] [Fast Refresh] done in 44ms @ http://localhost:3001/_next/static/chunks/node_modules_next_dist_1e8vcs8._.js:776
[  249074ms] [LOG] [Fast Refresh] done in 44ms @ http://localhost:3001/_next/static/chunks/node_modules_next_dist_1e8vcs8._.js:776
[  249138ms] [LOG] [Fast Refresh] done in 44ms @ http://localhost:3001/_next/static/chunks/node_modules_next_dist_1e8vcs8._.js:776
[  249201ms] [LOG] [Fast Refresh] done in 44ms @ http://localhost:3001/_next/static/chunks/node_modules_next_dist_1e8vcs8._.js:776
[  249264ms] [LOG] [Fast Refresh] done in 44ms @ http://localhost:3001/_next/static/chunks/node_modules_next_dist_1e8vcs8._.js:776
[  249327ms] [LOG] [Fast Refresh] done in 44ms @ http://localhost:3001/_next/static/chunks/node_modules_next_dist_1e8vcs8._.js:776
[  249390ms] [LOG] [Fast Refresh] done in 44ms @ http://localhost:3001/_next/static/chunks/node_modules_next_dist_1e8vcs8._.js:776
[  249457ms] [LOG] [Fast Refresh] done in 44ms @ http://localhost:3001/_next/static/chunks/node_modules_next_dist_1e8vcs8._.js:776
[  249507ms] [LOG] [Fast Refresh] done in 44ms @ http://localhost:3001/_next/static/chunks/node_modules_next_dist_1e8vcs8._.js:776
[  249556ms] [LOG] [Fast Refresh] done in 44ms @ http://localhost:3001/_next/static/chunks/node_modules_next_dist_1e8vcs8._.js:776
[  249623ms] [LOG] [Fast Refresh] done in 44ms @ http://localhost:3001/_next/static/chunks/node_modules_next_dist_1e8vcs8._.js:776
[  249690ms] [LOG] [Fast Refresh] done in 44ms @ http://localhost:3001/_next/static/chunks/node_modules_next_dist_1e8vcs8._.js:776
[  249751ms] [LOG] [Fast Refresh] done in 44ms @ http://localhost:3001/_next/static/chunks/node_modules_next_dist_1e8vcs8._.js:776
[  249806ms] [LOG] [Fast Refresh] done in 44ms @ http://localhost:3001/_next/static/chunks/node_modules_next_dist_1e8vcs8._.js:776
[  249872ms] [LOG] [Fast Refresh] done in 44ms @ http://localhost:3001/_next/static/chunks/node_modules_next_dist_1e8vcs8._.js:776
[  249936ms] [LOG] [Fast Refresh] done in 44ms @ http://localhost:3001/_next/static/chunks/node_modules_next_dist_1e8vcs8._.js:776
[  249997ms] [LOG] [Fast Refresh] done in 44ms @ http://localhost:3001/_next/static/chunks/node_modules_next_dist_1e8vcs8._.js:776
[  250061ms] [LOG] [Fast Refresh] done in 44ms @ http://localhost:3001/_next/static/chunks/node_modules_next_dist_1e8vcs8._.js:776
[  250124ms] [LOG] [Fast Refresh] done in 44ms @ http://localhost:3001/_next/static/chunks/node_modules_next_dist_1e8vcs8._.js:776
[  250186ms] [LOG] [Fast Refresh] done in 44ms @ http://localhost:3001/_next/static/chunks/node_modules_next_dist_1e8vcs8._.js:776
[  250256ms] [LOG] [Fast Refresh] done in 44ms @ http://localhost:3001/_next/static/chunks/node_modules_next_dist_1e8vcs8._.js:776
[  250317ms] [LOG] [Fast Refresh] done in 44ms @ http://localhost:3001/_next/static/chunks/node_modules_next_dist_1e8vcs8._.js:776
[  250374ms] [LOG] [Fast Refresh] done in 44ms @ http://localhost:3001/_next/static/chunks/node_modules_next_dist_1e8vcs8._.js:776
[  250424ms] [LOG] [Fast Refresh] done in 44ms @ http://localhost:3001/_next/static/chunks/node_modules_next_dist_1e8vcs8._.js:776
[  250488ms] [LOG] [Fast Refresh] done in 44ms @ http://localhost:3001/_next/static/chunks/node_modules_next_dist_1e8vcs8._.js:776
[  250541ms] [LOG] [Fast Refresh] done in 44ms @ http://localhost:3001/_next/static/chunks/node_modules_next_dist_1e8vcs8._.js:776
[  250602ms] [LOG] [Fast Refresh] done in 44ms @ http://localhost:3001/_next/static/chunks/node_modules_next_dist_1e8vcs8._.js:776
[  250664ms] [LOG] [Fast Refresh] done in 44ms @ http://localhost:3001/_next/static/chunks/node_modules_next_dist_1e8vcs8._.js:776
[  250722ms] [LOG] [Fast Refresh] done in 44ms @ http://localhost:3001/_next/static/chunks/node_modules_next_dist_1e8vcs8._.js:776
[  250786ms] [LOG] [Fast Refresh] done in 44ms @ http://localhost:3001/_next/static/chunks/node_modules_next_dist_1e8vcs8._.js:776
[  250856ms] [LOG] [Fast Refresh] done in 44ms @ http://localhost:3001/_next/static/chunks/node_modules_next_dist_1e8vcs8._.js:776
[  250919ms] [LOG] [Fast Refresh] done in 44ms @ http://localhost:3001/_next/static/chunks/node_modules_next_dist_1e8vcs8._.js:776
[  250982ms] [LOG] [Fast Refresh] done in 44ms @ http://localhost:3001/_next/static/chunks/node_modules_next_dist_1e8vcs8._.js:776
[  251042ms] [LOG] [Fast Refresh] done in 44ms @ http://localhost:3001/_next/static/chunks/node_modules_next_dist_1e8vcs8._.js:776
[  251107ms] [LOG] [Fast Refresh] done in 44ms @ http://localhost:3001/_next/static/chunks/node_modules_next_dist_1e8vcs8._.js:776
[  251169ms] [LOG] [Fast Refresh] done in 44ms @ http://localhost:3001/_next/static/chunks/node_modules_next_dist_1e8vcs8._.js:776
[  251223ms] [LOG] [Fast Refresh] done in 44ms @ http://localhost:3001/_next/static/chunks/node_modules_next_dist_1e8vcs8._.js:776
[  251274ms] [LOG] [Fast Refresh] done in 44ms @ http://localhost:3001/_next/static/chunks/node_modules_next_dist_1e8vcs8._.js:776
[  251324ms] [LOG] [Fast Refresh] done in 44ms @ http://localhost:3001/_next/static/chunks/node_modules_next_dist_1e8vcs8._.js:776
[  251390ms] [LOG] [Fast Refresh] done in 44ms @ http://localhost:3001/_next/static/chunks/node_modules_next_dist_1e8vcs8._.js:776
[  251440ms] [LOG] [Fast Refresh] done in 44ms @ http://localhost:3001/_next/static/chunks/node_modules_next_dist_1e8vcs8._.js:776
[  251506ms] [LOG] [Fast Refresh] done in 44ms @ http://localhost:3001/_next/static/chunks/node_modules_next_dist_1e8vcs8._.js:776
[  251558ms] [LOG] [Fast Refresh] done in 44ms @ http://localhost:3001/_next/static/chunks/node_modules_next_dist_1e8vcs8._.js:776
[  251607ms] [LOG] [Fast Refresh] done in 44ms @ http://localhost:3001/_next/static/chunks/node_modules_next_dist_1e8vcs8._.js:776
[  251657ms] [LOG] [Fast Refresh] done in 44ms @ http://localhost:3001/_next/static/chunks/node_modules_next_dist_1e8vcs8._.js:776
[  251719ms] [LOG] [Fast Refresh] done in 44ms @ http://localhost:3001/_next/static/chunks/node_modules_next_dist_1e8vcs8._.js:776
[  251789ms] [LOG] [Fast Refresh] done in 44ms @ http://localhost:3001/_next/static/chunks/node_modules_next_dist_1e8vcs8._.js:776
[  251861ms] [LOG] [Fast Refresh] done in 44ms @ http://localhost:3001/_next/static/chunks/node_modules_next_dist_1e8vcs8._.js:776
[  251927ms] [LOG] [Fast Refresh] done in 44ms @ http://localhost:3001/_next/static/chunks/node_modules_next_dist_1e8vcs8._.js:776
[  251989ms] [LOG] [Fast Refresh] done in 44ms @ http://localhost:3001/_next/static/chunks/node_modules_next_dist_1e8vcs8._.js:776
[  252040ms] [LOG] [Fast Refresh] done in 44ms @ http://localhost:3001/_next/static/chunks/node_modules_next_dist_1e8vcs8._.js:776
[  252102ms] [LOG] [Fast Refresh] done in 44ms @ http://localhost:3001/_next/static/chunks/node_modules_next_dist_1e8vcs8._.js:776
[  252157ms] [LOG] [Fast Refresh] done in 44ms @ http://localhost:3001/_next/static/chunks/node_modules_next_dist_1e8vcs8._.js:776
[  252222ms] [LOG] [Fast Refresh] done in 44ms @ http://localhost:3001/_next/static/chunks/node_modules_next_dist_1e8vcs8._.js:776
[  252272ms] [LOG] [Fast Refresh] done in 44ms @ http://localhost:3001/_next/static/chunks/node_modules_next_dist_1e8vcs8._.js:776
[  252324ms] [LOG] [Fast Refresh] done in 44ms @ http://localhost:3001/_next/static/chunks/node_modules_next_dist_1e8vcs8._.js:776
[  252375ms] [LOG] [Fast Refresh] done in 44ms @ http://localhost:3001/_next/static/chunks/node_modules_next_dist_1e8vcs8._.js:776
[  252424ms] [LOG] [Fast Refresh] done in 44ms @ http://localhost:3001/_next/static/chunks/node_modules_next_dist_1e8vcs8._.js:776
[  252486ms] [LOG] [Fast Refresh] done in 44ms @ http://localhost:3001/_next/static/chunks/node_modules_next_dist_1e8vcs8._.js:776
[  252556ms] [LOG] [Fast Refresh] done in 44ms @ http://localhost:3001/_next/static/chunks/node_modules_next_dist_1e8vcs8._.js:776
[  252619ms] [LOG] [Fast Refresh] done in 44ms @ http://localhost:3001/_next/static/chunks/node_modules_next_dist_1e8vcs8._.js:776
[  252682ms] [LOG] [Fast Refresh] done in 44ms @ http://localhost:3001/_next/static/chunks/node_modules_next_dist_1e8vcs8._.js:776
[  252741ms] [LOG] [Fast Refresh] done in 44ms @ http://localhost:3001/_next/static/chunks/node_modules_next_dist_1e8vcs8._.js:776
[  252806ms] [LOG] [Fast Refresh] done in 44ms @ http://localhost:3001/_next/static/chunks/node_modules_next_dist_1e8vcs8._.js:776
[  252857ms] [LOG] [Fast Refresh] done in 44ms @ http://localhost:3001/_next/static/chunks/node_modules_next_dist_1e8vcs8._.js:776
[  252908ms] [LOG] [Fast Refresh] done in 44ms @ http://localhost:3001/_next/static/chunks/node_modules_next_dist_1e8vcs8._.js:776
[  252971ms] [LOG] [Fast Refresh] done in 44ms @ http://localhost:3001/_next/static/chunks/node_modules_next_dist_1e8vcs8._.js:776
[  253023ms] [LOG] [Fast Refresh] done in 44ms @ http://localhost:3001/_next/static/chunks/node_modules_next_dist_1e8vcs8._.js:776
[  253073ms] [LOG] [Fast Refresh] done in 44ms @ http://localhost:3001/_next/static/chunks/node_modules_next_dist_1e8vcs8._.js:776
[  253141ms] [LOG] [Fast Refresh] done in 44ms @ http://localhost:3001/_next/static/chunks/node_modules_next_dist_1e8vcs8._.js:776
[  253190ms] [LOG] [Fast Refresh] done in 44ms @ http://localhost:3001/_next/static/chunks/node_modules_next_dist_1e8vcs8._.js:776
[  253241ms] [LOG] [Fast Refresh] done in 44ms @ http://localhost:3001/_next/static/chunks/node_modules_next_dist_1e8vcs8._.js:776
[  253291ms] [LOG] [Fast Refresh] done in 44ms @ http://localhost:3001/_next/static/chunks/node_modules_next_dist_1e8vcs8._.js:776
[  253341ms] [LOG] [Fast Refresh] done in 44ms @ http://localhost:3001/_next/static/chunks/node_modules_next_dist_1e8vcs8._.js:776
[  253405ms] [LOG] [Fast Refresh] done in 44ms @ http://localhost:3001/_next/static/chunks/node_modules_next_dist_1e8vcs8._.js:776
[  253458ms] [LOG] [Fast Refresh] done in 44ms @ http://localhost:3001/_next/static/chunks/node_modules_next_dist_1e8vcs8._.js:776
[  253507ms] [LOG] [Fast Refresh] done in 44ms @ http://localhost:3001/_next/static/chunks/node_modules_next_dist_1e8vcs8._.js:776
[  253557ms] [LOG] [Fast Refresh] done in 44ms @ http://localhost:3001/_next/static/chunks/node_modules_next_dist_1e8vcs8._.js:776
[  253622ms] [LOG] [Fast Refresh] done in 44ms @ http://localhost:3001/_next/static/chunks/node_modules_next_dist_1e8vcs8._.js:776
[  253673ms] [LOG] [Fast Refresh] done in 44ms @ http://localhost:3001/_next/static/chunks/node_modules_next_dist_1e8vcs8._.js:776
[  253723ms] [LOG] [Fast Refresh] done in 44ms @ http://localhost:3001/_next/static/chunks/node_modules_next_dist_1e8vcs8._.js:776
[  253787ms] [LOG] [Fast Refresh] done in 44ms @ http://localhost:3001/_next/static/chunks/node_modules_next_dist_1e8vcs8._.js:776
[  253838ms] [LOG] [Fast Refresh] done in 44ms @ http://localhost:3001/_next/static/chunks/node_modules_next_dist_1e8vcs8._.js:776
[  253902ms] [LOG] [Fast Refresh] done in 44ms @ http://localhost:3001/_next/static/chunks/node_modules_next_dist_1e8vcs8._.js:776
[  253966ms] [LOG] [Fast Refresh] done in 44ms @ http://localhost:3001/_next/static/chunks/node_modules_next_dist_1e8vcs8._.js:776
[  254007ms] [LOG] [Fast Refresh] done in 44ms @ http://localhost:3001/_next/static/chunks/node_modules_next_dist_1e8vcs8._.js:776
[  254056ms] [LOG] [Fast Refresh] done in 44ms @ http://localhost:3001/_next/static/chunks/node_modules_next_dist_1e8vcs8._.js:776
[  254108ms] [LOG] [Fast Refresh] done in 44ms @ http://localhost:3001/_next/static/chunks/node_modules_next_dist_1e8vcs8._.js:776
[  254157ms] [LOG] [Fast Refresh] done in 44ms @ http://localhost:3001/_next/static/chunks/node_modules_next_dist_1e8vcs8._.js:776
[  254222ms] [LOG] [Fast Refresh] done in 44ms @ http://localhost:3001/_next/static/chunks/node_modules_next_dist_1e8vcs8._.js:776
[  254273ms] [LOG] [Fast Refresh] done in 44ms @ http://localhost:3001/_next/static/chunks/node_modules_next_dist_1e8vcs8._.js:776
[  254323ms] [LOG] [Fast Refresh] done in 44ms @ http://localhost:3001/_next/static/chunks/node_modules_next_dist_1e8vcs8._.js:776
[  254389ms] [LOG] [Fast Refresh] done in 44ms @ http://localhost:3001/_next/static/chunks/node_modules_next_dist_1e8vcs8._.js:776
[  254454ms] [LOG] [Fast Refresh] done in 44ms @ http://localhost:3001/_next/static/chunks/node_modules_next_dist_1e8vcs8._.js:776
[  254507ms] [LOG] [Fast Refresh] done in 44ms @ http://localhost:3001/_next/static/chunks/node_modules_next_dist_1e8vcs8._.js:776
[  254572ms] [LOG] [Fast Refresh] done in 44ms @ http://localhost:3001/_next/static/chunks/node_modules_next_dist_1e8vcs8._.js:776
[  254624ms] [LOG] [Fast Refresh] done in 44ms @ http://localhost:3001/_next/static/chunks/node_modules_next_dist_1e8vcs8._.js:776
[  254675ms] [LOG] [Fast Refresh] done in 44ms @ http://localhost:3001/_next/static/chunks/node_modules_next_dist_1e8vcs8._.js:776
[  254724ms] [LOG] [Fast Refresh] done in 44ms @ http://localhost:3001/_next/static/chunks/node_modules_next_dist_1e8vcs8._.js:776
[  254786ms] [LOG] [Fast Refresh] done in 44ms @ http://localhost:3001/_next/static/chunks/node_modules_next_dist_1e8vcs8._.js:776
[  254856ms] [LOG] [Fast Refresh] done in 44ms @ http://localhost:3001/_next/static/chunks/node_modules_next_dist_1e8vcs8._.js:776
[  254920ms] [LOG] [Fast Refresh] done in 44ms @ http://localhost:3001/_next/static/chunks/node_modules_next_dist_1e8vcs8._.js:776
[  254984ms] [LOG] [Fast Refresh] done in 44ms @ http://localhost:3001/_next/static/chunks/node_modules_next_dist_1e8vcs8._.js:776
[  255047ms] [LOG] [Fast Refresh] done in 44ms @ http://localhost:3001/_next/static/chunks/node_modules_next_dist_1e8vcs8._.js:776
[  255108ms] [LOG] [Fast Refresh] done in 44ms @ http://localhost:3001/_next/static/chunks/node_modules_next_dist_1e8vcs8._.js:776
[  255173ms] [LOG] [Fast Refresh] done in 44ms @ http://localhost:3001/_next/static/chunks/node_modules_next_dist_1e8vcs8._.js:776
[  255224ms] [LOG] [Fast Refresh] done in 44ms @ http://localhost:3001/_next/static/chunks/node_modules_next_dist_1e8vcs8._.js:776
[  255286ms] [LOG] [Fast Refresh] done in 44ms @ http://localhost:3001/_next/static/chunks/node_modules_next_dist_1e8vcs8._.js:776
[  255348ms] [LOG] [Fast Refresh] done in 44ms @ http://localhost:3001/_next/static/chunks/node_modules_next_dist_1e8vcs8._.js:776
[  255411ms] [LOG] [Fast Refresh] done in 44ms @ http://localhost:3001/_next/static/chunks/node_modules_next_dist_1e8vcs8._.js:776
[  255475ms] [LOG] [Fast Refresh] done in 44ms @ http://localhost:3001/_next/static/chunks/node_modules_next_dist_1e8vcs8._.js:776
[  255539ms] [LOG] [Fast Refresh] done in 44ms @ http://localhost:3001/_next/static/chunks/node_modules_next_dist_1e8vcs8._.js:776
[  255602ms] [LOG] [Fast Refresh] done in 44ms @ http://localhost:3001/_next/static/chunks/node_modules_next_dist_1e8vcs8._.js:776
[  255665ms] [LOG] [Fast Refresh] done in 44ms @ http://localhost:3001/_next/static/chunks/node_modules_next_dist_1e8vcs8._.js:776
[  255728ms] [LOG] [Fast Refresh] done in 44ms @ http://localhost:3001/_next/static/chunks/node_modules_next_dist_1e8vcs8._.js:776
[  255792ms] [LOG] [Fast Refresh] done in 44ms @ http://localhost:3001/_next/static/chunks/node_modules_next_dist_1e8vcs8._.js:776
[  255857ms] [LOG] [Fast Refresh] done in 44ms @ http://localhost:3001/_next/static/chunks/node_modules_next_dist_1e8vcs8._.js:776
[  255921ms] [LOG] [Fast Refresh] done in 44ms @ http://localhost:3001/_next/static/chunks/node_modules_next_dist_1e8vcs8._.js:776
[  255984ms] [LOG] [Fast Refresh] done in 44ms @ http://localhost:3001/_next/static/chunks/node_modules_next_dist_1e8vcs8._.js:776
[  256045ms] [LOG] [Fast Refresh] done in 44ms @ http://localhost:3001/_next/static/chunks/node_modules_next_dist_1e8vcs8._.js:776
[  256104ms] [LOG] [Fast Refresh] done in 44ms @ http://localhost:3001/_next/static/chunks/node_modules_next_dist_1e8vcs8._.js:776
[  256167ms] [LOG] [Fast Refresh] done in 44ms @ http://localhost:3001/_next/static/chunks/node_modules_next_dist_1e8vcs8._.js:776
[  256223ms] [LOG] [Fast Refresh] done in 44ms @ http://localhost:3001/_next/static/chunks/node_modules_next_dist_1e8vcs8._.js:776
[  256289ms] [LOG] [Fast Refresh] done in 44ms @ http://localhost:3001/_next/static/chunks/node_modules_next_dist_1e8vcs8._.js:776
[  256339ms] [LOG] [Fast Refresh] done in 44ms @ http://localhost:3001/_next/static/chunks/node_modules_next_dist_1e8vcs8._.js:776
[  256403ms] [LOG] [Fast Refresh] done in 44ms @ http://localhost:3001/_next/static/chunks/node_modules_next_dist_1e8vcs8._.js:776
[  256457ms] [LOG] [Fast Refresh] done in 44ms @ http://localhost:3001/_next/static/chunks/node_modules_next_dist_1e8vcs8._.js:776
[  256519ms] [LOG] [Fast Refresh] done in 44ms @ http://localhost:3001/_next/static/chunks/node_modules_next_dist_1e8vcs8._.js:776
[  256572ms] [LOG] [Fast Refresh] done in 44ms @ http://localhost:3001/_next/static/chunks/node_modules_next_dist_1e8vcs8._.js:776
[  256641ms] [LOG] [Fast Refresh] done in 44ms @ http://localhost:3001/_next/static/chunks/node_modules_next_dist_1e8vcs8._.js:776
[  256704ms] [LOG] [Fast Refresh] done in 44ms @ http://localhost:3001/_next/static/chunks/node_modules_next_dist_1e8vcs8._.js:776
[  256759ms] [LOG] [Fast Refresh] done in 44ms @ http://localhost:3001/_next/static/chunks/node_modules_next_dist_1e8vcs8._.js:776
[  256821ms] [LOG] [Fast Refresh] done in 44ms @ http://localhost:3001/_next/static/chunks/node_modules_next_dist_1e8vcs8._.js:776
[  256873ms] [LOG] [Fast Refresh] done in 44ms @ http://localhost:3001/_next/static/chunks/node_modules_next_dist_1e8vcs8._.js:776
[  256940ms] [LOG] [Fast Refresh] done in 44ms @ http://localhost:3001/_next/static/chunks/node_modules_next_dist_1e8vcs8._.js:776
[  257005ms] [LOG] [Fast Refresh] done in 44ms @ http://localhost:3001/_next/static/chunks/node_modules_next_dist_1e8vcs8._.js:776
[  257057ms] [LOG] [Fast Refresh] done in 44ms @ http://localhost:3001/_next/static/chunks/node_modules_next_dist_1e8vcs8._.js:776
[  257107ms] [LOG] [Fast Refresh] done in 44ms @ http://localhost:3001/_next/static/chunks/node_modules_next_dist_1e8vcs8._.js:776
[  257172ms] [LOG] [Fast Refresh] done in 44ms @ http://localhost:3001/_next/static/chunks/node_modules_next_dist_1e8vcs8._.js:776
[  257234ms] [LOG] [Fast Refresh] done in 44ms @ http://localhost:3001/_next/static/chunks/node_modules_next_dist_1e8vcs8._.js:776
[  257290ms] [LOG] [Fast Refresh] done in 44ms @ http://localhost:3001/_next/static/chunks/node_modules_next_dist_1e8vcs8._.js:776
[  257341ms] [LOG] [Fast Refresh] done in 44ms @ http://localhost:3001/_next/static/chunks/node_modules_next_dist_1e8vcs8._.js:776
[  257404ms] [LOG] [Fast Refresh] done in 44ms @ http://localhost:3001/_next/static/chunks/node_modules_next_dist_1e8vcs8._.js:776
[  257460ms] [LOG] [Fast Refresh] done in 44ms @ http://localhost:3001/_next/static/chunks/node_modules_next_dist_1e8vcs8._.js:776
[  257518ms] [LOG] [Fast Refresh] done in 44ms @ http://localhost:3001/_next/static/chunks/node_modules_next_dist_1e8vcs8._.js:776
[  257581ms] [LOG] [Fast Refresh] done in 44ms @ http://localhost:3001/_next/static/chunks/node_modules_next_dist_1e8vcs8._.js:776
[  257643ms] [LOG] [Fast Refresh] done in 44ms @ http://localhost:3001/_next/static/chunks/node_modules_next_dist_1e8vcs8._.js:776
[  257705ms] [LOG] [Fast Refresh] done in 44ms @ http://localhost:3001/_next/static/chunks/node_modules_next_dist_1e8vcs8._.js:776
[  257769ms] [LOG] [Fast Refresh] done in 44ms @ http://localhost:3001/_next/static/chunks/node_modules_next_dist_1e8vcs8._.js:776
[  257824ms] [LOG] [Fast Refresh] done in 44ms @ http://localhost:3001/_next/static/chunks/node_modules_next_dist_1e8vcs8._.js:776
[  257874ms] [LOG] [Fast Refresh] done in 44ms @ http://localhost:3001/_next/static/chunks/node_modules_next_dist_1e8vcs8._.js:776
[  257936ms] [LOG] [Fast Refresh] done in 44ms @ http://localhost:3001/_next/static/chunks/node_modules_next_dist_1e8vcs8._.js:776
[  257999ms] [LOG] [Fast Refresh] done in 44ms @ http://localhost:3001/_next/static/chunks/node_modules_next_dist_1e8vcs8._.js:776
[  258062ms] [LOG] [Fast Refresh] done in 44ms @ http://localhost:3001/_next/static/chunks/node_modules_next_dist_1e8vcs8._.js:776
[  258126ms] [LOG] [Fast Refresh] done in 44ms @ http://localhost:3001/_next/static/chunks/node_modules_next_dist_1e8vcs8._.js:776
[  258188ms] [LOG] [Fast Refresh] done in 44ms @ http://localhost:3001/_next/static/chunks/node_modules_next_dist_1e8vcs8._.js:776
[  258240ms] [LOG] [Fast Refresh] done in 44ms @ http://localhost:3001/_next/static/chunks/node_modules_next_dist_1e8vcs8._.js:776
[  258291ms] [LOG] [Fast Refresh] done in 44ms @ http://localhost:3001/_next/static/chunks/node_modules_next_dist_1e8vcs8._.js:776
[  258353ms] [LOG] [Fast Refresh] done in 44ms @ http://localhost:3001/_next/static/chunks/node_modules_next_dist_1e8vcs8._.js:776
[  258415ms] [LOG] [Fast Refresh] done in 44ms @ http://localhost:3001/_next/static/chunks/node_modules_next_dist_1e8vcs8._.js:776
[  258477ms] [LOG] [Fast Refresh] done in 44ms @ http://localhost:3001/_next/static/chunks/node_modules_next_dist_1e8vcs8._.js:776
[  258540ms] [LOG] [Fast Refresh] done in 44ms @ http://localhost:3001/_next/static/chunks/node_modules_next_dist_1e8vcs8._.js:776
[  258589ms] [LOG] [Fast Refresh] done in 44ms @ http://localhost:3001/_next/static/chunks/node_modules_next_dist_1e8vcs8._.js:776
[  258654ms] [LOG] [Fast Refresh] done in 44ms @ http://localhost:3001/_next/static/chunks/node_modules_next_dist_1e8vcs8._.js:776
[  258718ms] [LOG] [Fast Refresh] done in 44ms @ http://localhost:3001/_next/static/chunks/node_modules_next_dist_1e8vcs8._.js:776
[  258781ms] [LOG] [Fast Refresh] done in 44ms @ http://localhost:3001/_next/static/chunks/node_modules_next_dist_1e8vcs8._.js:776
[  258843ms] [LOG] [Fast Refresh] done in 44ms @ http://localhost:3001/_next/static/chunks/node_modules_next_dist_1e8vcs8._.js:776
[  258907ms] [LOG] [Fast Refresh] done in 44ms @ http://localhost:3001/_next/static/chunks/node_modules_next_dist_1e8vcs8._.js:776
[  258957ms] [LOG] [Fast Refresh] done in 44ms @ http://localhost:3001/_next/static/chunks/node_modules_next_dist_1e8vcs8._.js:776
[  259007ms] [LOG] [Fast Refresh] done in 44ms @ http://localhost:3001/_next/static/chunks/node_modules_next_dist_1e8vcs8._.js:776
[  259070ms] [LOG] [Fast Refresh] done in 44ms @ http://localhost:3001/_next/static/chunks/node_modules_next_dist_1e8vcs8._.js:776
[  259124ms] [LOG] [Fast Refresh] done in 44ms @ http://localhost:3001/_next/static/chunks/node_modules_next_dist_1e8vcs8._.js:776
[  259174ms] [LOG] [Fast Refresh] done in 44ms @ http://localhost:3001/_next/static/chunks/node_modules_next_dist_1e8vcs8._.js:776
[  259223ms] [LOG] [Fast Refresh] done in 44ms @ http://localhost:3001/_next/static/chunks/node_modules_next_dist_1e8vcs8._.js:776
[  259317ms] [LOG] [Fast Refresh] done in 44ms @ http://localhost:3001/_next/static/chunks/node_modules_next_dist_1e8vcs8._.js:776
[  259390ms] [LOG] [Fast Refresh] done in 44ms @ http://localhost:3001/_next/static/chunks/node_modules_next_dist_1e8vcs8._.js:776
[  259453ms] [LOG] [Fast Refresh] done in 44ms @ http://localhost:3001/_next/static/chunks/node_modules_next_dist_1e8vcs8._.js:776
[  259505ms] [LOG] [Fast Refresh] done in 44ms @ http://localhost:3001/_next/static/chunks/node_modules_next_dist_1e8vcs8._.js:776
[  259572ms] [LOG] [Fast Refresh] done in 44ms @ http://localhost:3001/_next/static/chunks/node_modules_next_dist_1e8vcs8._.js:776
[  259624ms] [LOG] [Fast Refresh] done in 44ms @ http://localhost:3001/_next/static/chunks/node_modules_next_dist_1e8vcs8._.js:776
[  259675ms] [LOG] [Fast Refresh] done in 44ms @ http://localhost:3001/_next/static/chunks/node_modules_next_dist_1e8vcs8._.js:776
[  259723ms] [LOG] [Fast Refresh] done in 44ms @ http://localhost:3001/_next/static/chunks/node_modules_next_dist_1e8vcs8._.js:776
[  259773ms] [LOG] [Fast Refresh] done in 44ms @ http://localhost:3001/_next/static/chunks/node_modules_next_dist_1e8vcs8._.js:776
[  259836ms] [LOG] [Fast Refresh] done in 44ms @ http://localhost:3001/_next/static/chunks/node_modules_next_dist_1e8vcs8._.js:776
[  259890ms] [LOG] [Fast Refresh] done in 44ms @ http://localhost:3001/_next/static/chunks/node_modules_next_dist_1e8vcs8._.js:776
[  259959ms] [LOG] [Fast Refresh] done in 44ms @ http://localhost:3001/_next/static/chunks/node_modules_next_dist_1e8vcs8._.js:776
[  260025ms] [LOG] [Fast Refresh] done in 44ms @ http://localhost:3001/_next/static/chunks/node_modules_next_dist_1e8vcs8._.js:776
[  260090ms] [LOG] [Fast Refresh] done in 44ms @ http://localhost:3001/_next/static/chunks/node_modules_next_dist_1e8vcs8._.js:776
[  260139ms] [LOG] [Fast Refresh] done in 44ms @ http://localhost:3001/_next/static/chunks/node_modules_next_dist_1e8vcs8._.js:776
[  260205ms] [LOG] [Fast Refresh] done in 44ms @ http://localhost:3001/_next/static/chunks/node_modules_next_dist_1e8vcs8._.js:776
[  260267ms] [LOG] [Fast Refresh] done in 44ms @ http://localhost:3001/_next/static/chunks/node_modules_next_dist_1e8vcs8._.js:776
[  260331ms] [LOG] [Fast Refresh] done in 44ms @ http://localhost:3001/_next/static/chunks/node_modules_next_dist_1e8vcs8._.js:776
[  260391ms] [LOG] [Fast Refresh] done in 44ms @ http://localhost:3001/_next/static/chunks/node_modules_next_dist_1e8vcs8._.js:776
[  260457ms] [LOG] [Fast Refresh] done in 44ms @ http://localhost:3001/_next/static/chunks/node_modules_next_dist_1e8vcs8._.js:776
[  260518ms] [LOG] [Fast Refresh] done in 44ms @ http://localhost:3001/_next/static/chunks/node_modules_next_dist_1e8vcs8._.js:776
[  260588ms] [LOG] [Fast Refresh] done in 44ms @ http://localhost:3001/_next/static/chunks/node_modules_next_dist_1e8vcs8._.js:776
[  260650ms] [LOG] [Fast Refresh] done in 44ms @ http://localhost:3001/_next/static/chunks/node_modules_next_dist_1e8vcs8._.js:776
[  260712ms] [LOG] [Fast Refresh] done in 44ms @ http://localhost:3001/_next/static/chunks/node_modules_next_dist_1e8vcs8._.js:776
[  260771ms] [LOG] [Fast Refresh] done in 44ms @ http://localhost:3001/_next/static/chunks/node_modules_next_dist_1e8vcs8._.js:776
[  260834ms] [LOG] [Fast Refresh] done in 44ms @ http://localhost:3001/_next/static/chunks/node_modules_next_dist_1e8vcs8._.js:776
[  260897ms] [LOG] [Fast Refresh] done in 44ms @ http://localhost:3001/_next/static/chunks/node_modules_next_dist_1e8vcs8._.js:776
[  260954ms] [LOG] [Fast Refresh] done in 44ms @ http://localhost:3001/_next/static/chunks/node_modules_next_dist_1e8vcs8._.js:776
[  261023ms] [LOG] [Fast Refresh] done in 44ms @ http://localhost:3001/_next/static/chunks/node_modules_next_dist_1e8vcs8._.js:776
[  261073ms] [LOG] [Fast Refresh] done in 44ms @ http://localhost:3001/_next/static/chunks/node_modules_next_dist_1e8vcs8._.js:776
[  261138ms] [LOG] [Fast Refresh] done in 44ms @ http://localhost:3001/_next/static/chunks/node_modules_next_dist_1e8vcs8._.js:776
[  261191ms] [LOG] [Fast Refresh] done in 44ms @ http://localhost:3001/_next/static/chunks/node_modules_next_dist_1e8vcs8._.js:776
[  261257ms] [LOG] [Fast Refresh] done in 44ms @ http://localhost:3001/_next/static/chunks/node_modules_next_dist_1e8vcs8._.js:776
[  261308ms] [LOG] [Fast Refresh] done in 44ms @ http://localhost:3001/_next/static/chunks/node_modules_next_dist_1e8vcs8._.js:776
[  261371ms] [LOG] [Fast Refresh] done in 44ms @ http://localhost:3001/_next/static/chunks/node_modules_next_dist_1e8vcs8._.js:776
[  261440ms] [LOG] [Fast Refresh] done in 44ms @ http://localhost:3001/_next/static/chunks/node_modules_next_dist_1e8vcs8._.js:776
[  261491ms] [LOG] [Fast Refresh] done in 44ms @ http://localhost:3001/_next/static/chunks/node_modules_next_dist_1e8vcs8._.js:776
[  261542ms] [LOG] [Fast Refresh] done in 44ms @ http://localhost:3001/_next/static/chunks/node_modules_next_dist_1e8vcs8._.js:776
[  261591ms] [LOG] [Fast Refresh] done in 44ms @ http://localhost:3001/_next/static/chunks/node_modules_next_dist_1e8vcs8._.js:776
[  261656ms] [LOG] [Fast Refresh] done in 44ms @ http://localhost:3001/_next/static/chunks/node_modules_next_dist_1e8vcs8._.js:776
[  261722ms] [LOG] [Fast Refresh] done in 44ms @ http://localhost:3001/_next/static/chunks/node_modules_next_dist_1e8vcs8._.js:776
[  261788ms] [LOG] [Fast Refresh] done in 44ms @ http://localhost:3001/_next/static/chunks/node_modules_next_dist_1e8vcs8._.js:776
[  261838ms] [LOG] [Fast Refresh] done in 44ms @ http://localhost:3001/_next/static/chunks/node_modules_next_dist_1e8vcs8._.js:776
[  261891ms] [LOG] [Fast Refresh] done in 44ms @ http://localhost:3001/_next/static/chunks/node_modules_next_dist_1e8vcs8._.js:776
[  261940ms] [LOG] [Fast Refresh] done in 44ms @ http://localhost:3001/_next/static/chunks/node_modules_next_dist_1e8vcs8._.js:776
[  262003ms] [LOG] [Fast Refresh] done in 44ms @ http://localhost:3001/_next/static/chunks/node_modules_next_dist_1e8vcs8._.js:776
[  262058ms] [LOG] [Fast Refresh] done in 44ms @ http://localhost:3001/_next/static/chunks/node_modules_next_dist_1e8vcs8._.js:776
[  262122ms] [LOG] [Fast Refresh] done in 44ms @ http://localhost:3001/_next/static/chunks/node_modules_next_dist_1e8vcs8._.js:776
[  262173ms] [LOG] [Fast Refresh] done in 44ms @ http://localhost:3001/_next/static/chunks/node_modules_next_dist_1e8vcs8._.js:776
[  262224ms] [LOG] [Fast Refresh] done in 44ms @ http://localhost:3001/_next/static/chunks/node_modules_next_dist_1e8vcs8._.js:776
[  262286ms] [LOG] [Fast Refresh] done in 44ms @ http://localhost:3001/_next/static/chunks/node_modules_next_dist_1e8vcs8._.js:776
[  262340ms] [LOG] [Fast Refresh] done in 44ms @ http://localhost:3001/_next/static/chunks/node_modules_next_dist_1e8vcs8._.js:776
[  262390ms] [LOG] [Fast Refresh] done in 44ms @ http://localhost:3001/_next/static/chunks/node_modules_next_dist_1e8vcs8._.js:776
[  262440ms] [LOG] [Fast Refresh] done in 44ms @ http://localhost:3001/_next/static/chunks/node_modules_next_dist_1e8vcs8._.js:776
[  262491ms] [LOG] [Fast Refresh] done in 44ms @ http://localhost:3001/_next/static/chunks/node_modules_next_dist_1e8vcs8._.js:776
[  262541ms] [LOG] [Fast Refresh] done in 44ms @ http://localhost:3001/_next/static/chunks/node_modules_next_dist_1e8vcs8._.js:776
[  262591ms] [LOG] [Fast Refresh] done in 44ms @ http://localhost:3001/_next/static/chunks/node_modules_next_dist_1e8vcs8._.js:776
[  262653ms] [LOG] [Fast Refresh] done in 44ms @ http://localhost:3001/_next/static/chunks/node_modules_next_dist_1e8vcs8._.js:776
[  262722ms] [LOG] [Fast Refresh] done in 44ms @ http://localhost:3001/_next/static/chunks/node_modules_next_dist_1e8vcs8._.js:776
[  262789ms] [LOG] [Fast Refresh] done in 44ms @ http://localhost:3001/_next/static/chunks/node_modules_next_dist_1e8vcs8._.js:776
[  262841ms] [LOG] [Fast Refresh] done in 44ms @ http://localhost:3001/_next/static/chunks/node_modules_next_dist_1e8vcs8._.js:776
[  262906ms] [LOG] [Fast Refresh] done in 44ms @ http://localhost:3001/_next/static/chunks/node_modules_next_dist_1e8vcs8._.js:776
[  262971ms] [LOG] [Fast Refresh] done in 44ms @ http://localhost:3001/_next/static/chunks/node_modules_next_dist_1e8vcs8._.js:776
[  263034ms] [LOG] [Fast Refresh] done in 44ms @ http://localhost:3001/_next/static/chunks/node_modules_next_dist_1e8vcs8._.js:776
[  263090ms] [LOG] [Fast Refresh] done in 44ms @ http://localhost:3001/_next/static/chunks/node_modules_next_dist_1e8vcs8._.js:776
[  263141ms] [LOG] [Fast Refresh] done in 44ms @ http://localhost:3001/_next/static/chunks/node_modules_next_dist_1e8vcs8._.js:776
[  263191ms] [LOG] [Fast Refresh] done in 44ms @ http://localhost:3001/_next/static/chunks/node_modules_next_dist_1e8vcs8._.js:776
[  263256ms] [LOG] [Fast Refresh] done in 44ms @ http://localhost:3001/_next/static/chunks/node_modules_next_dist_1e8vcs8._.js:776
[  263323ms] [LOG] [Fast Refresh] done in 44ms @ http://localhost:3001/_next/static/chunks/node_modules_next_dist_1e8vcs8._.js:776
[  263374ms] [LOG] [Fast Refresh] done in 44ms @ http://localhost:3001/_next/static/chunks/node_modules_next_dist_1e8vcs8._.js:776
[  263438ms] [LOG] [Fast Refresh] done in 44ms @ http://localhost:3001/_next/static/chunks/node_modules_next_dist_1e8vcs8._.js:776
[  263500ms] [LOG] [Fast Refresh] done in 44ms @ http://localhost:3001/_next/static/chunks/node_modules_next_dist_1e8vcs8._.js:776
[  263557ms] [LOG] [Fast Refresh] done in 44ms @ http://localhost:3001/_next/static/chunks/node_modules_next_dist_1e8vcs8._.js:776
[  263607ms] [LOG] [Fast Refresh] done in 44ms @ http://localhost:3001/_next/static/chunks/node_modules_next_dist_1e8vcs8._.js:776
[  263656ms] [LOG] [Fast Refresh] done in 44ms @ http://localhost:3001/_next/static/chunks/node_modules_next_dist_1e8vcs8._.js:776
[  263708ms] [LOG] [Fast Refresh] done in 44ms @ http://localhost:3001/_next/static/chunks/node_modules_next_dist_1e8vcs8._.js:776
[  263771ms] [LOG] [Fast Refresh] done in 44ms @ http://localhost:3001/_next/static/chunks/node_modules_next_dist_1e8vcs8._.js:776
[  263833ms] [LOG] [Fast Refresh] done in 44ms @ http://localhost:3001/_next/static/chunks/node_modules_next_dist_1e8vcs8._.js:776
[  263890ms] [LOG] [Fast Refresh] done in 44ms @ http://localhost:3001/_next/static/chunks/node_modules_next_dist_1e8vcs8._.js:776
[  263955ms] [LOG] [Fast Refresh] done in 44ms @ http://localhost:3001/_next/static/chunks/node_modules_next_dist_1e8vcs8._.js:776
[  264007ms] [LOG] [Fast Refresh] done in 44ms @ http://localhost:3001/_next/static/chunks/node_modules_next_dist_1e8vcs8._.js:776
[  264072ms] [LOG] [Fast Refresh] done in 44ms @ http://localhost:3001/_next/static/chunks/node_modules_next_dist_1e8vcs8._.js:776
[  264135ms] [LOG] [Fast Refresh] done in 44ms @ http://localhost:3001/_next/static/chunks/node_modules_next_dist_1e8vcs8._.js:776
[  264207ms] [LOG] [Fast Refresh] done in 44ms @ http://localhost:3001/_next/static/chunks/node_modules_next_dist_1e8vcs8._.js:776
[  264257ms] [LOG] [Fast Refresh] done in 44ms @ http://localhost:3001/_next/static/chunks/node_modules_next_dist_1e8vcs8._.js:776
[  264305ms] [LOG] [Fast Refresh] done in 44ms @ http://localhost:3001/_next/static/chunks/node_modules_next_dist_1e8vcs8._.js:776
[  264357ms] [LOG] [Fast Refresh] done in 44ms @ http://localhost:3001/_next/static/chunks/node_modules_next_dist_1e8vcs8._.js:776
[  264407ms] [LOG] [Fast Refresh] done in 44ms @ http://localhost:3001/_next/static/chunks/node_modules_next_dist_1e8vcs8._.js:776
[  264457ms] [LOG] [Fast Refresh] done in 44ms @ http://localhost:3001/_next/static/chunks/node_modules_next_dist_1e8vcs8._.js:776
[  264521ms] [LOG] [Fast Refresh] done in 44ms @ http://localhost:3001/_next/static/chunks/node_modules_next_dist_1e8vcs8._.js:776
[  264587ms] [LOG] [Fast Refresh] done in 44ms @ http://localhost:3001/_next/static/chunks/node_modules_next_dist_1e8vcs8._.js:776
[  264637ms] [LOG] [Fast Refresh] done in 44ms @ http://localhost:3001/_next/static/chunks/node_modules_next_dist_1e8vcs8._.js:776
[  264700ms] [LOG] [Fast Refresh] done in 44ms @ http://localhost:3001/_next/static/chunks/node_modules_next_dist_1e8vcs8._.js:776
[  264756ms] [LOG] [Fast Refresh] done in 44ms @ http://localhost:3001/_next/static/chunks/node_modules_next_dist_1e8vcs8._.js:776
[  264821ms] [LOG] [Fast Refresh] done in 44ms @ http://localhost:3001/_next/static/chunks/node_modules_next_dist_1e8vcs8._.js:776
[  264873ms] [LOG] [Fast Refresh] done in 44ms @ http://localhost:3001/_next/static/chunks/node_modules_next_dist_1e8vcs8._.js:776
[  264939ms] [LOG] [Fast Refresh] done in 44ms @ http://localhost:3001/_next/static/chunks/node_modules_next_dist_1e8vcs8._.js:776
[  264989ms] [LOG] [Fast Refresh] done in 44ms @ http://localhost:3001/_next/static/chunks/node_modules_next_dist_1e8vcs8._.js:776
[  265040ms] [LOG] [Fast Refresh] done in 44ms @ http://localhost:3001/_next/static/chunks/node_modules_next_dist_1e8vcs8._.js:776
[  265106ms] [LOG] [Fast Refresh] done in 44ms @ http://localhost:3001/_next/static/chunks/node_modules_next_dist_1e8vcs8._.js:776
[  265174ms] [LOG] [Fast Refresh] done in 44ms @ http://localhost:3001/_next/static/chunks/node_modules_next_dist_1e8vcs8._.js:776
[  265236ms] [LOG] [Fast Refresh] done in 44ms @ http://localhost:3001/_next/static/chunks/node_modules_next_dist_1e8vcs8._.js:776
[  265289ms] [LOG] [Fast Refresh] done in 44ms @ http://localhost:3001/_next/static/chunks/node_modules_next_dist_1e8vcs8._.js:776
[  265353ms] [LOG] [Fast Refresh] done in 44ms @ http://localhost:3001/_next/static/chunks/node_modules_next_dist_1e8vcs8._.js:776
[  265407ms] [LOG] [Fast Refresh] done in 44ms @ http://localhost:3001/_next/static/chunks/node_modules_next_dist_1e8vcs8._.js:776
[  265473ms] [LOG] [Fast Refresh] done in 44ms @ http://localhost:3001/_next/static/chunks/node_modules_next_dist_1e8vcs8._.js:776
[  265523ms] [LOG] [Fast Refresh] done in 44ms @ http://localhost:3001/_next/static/chunks/node_modules_next_dist_1e8vcs8._.js:776
[  265587ms] [LOG] [Fast Refresh] done in 44ms @ http://localhost:3001/_next/static/chunks/node_modules_next_dist_1e8vcs8._.js:776
[  265639ms] [LOG] [Fast Refresh] done in 44ms @ http://localhost:3001/_next/static/chunks/node_modules_next_dist_1e8vcs8._.js:776
[  265692ms] [LOG] [Fast Refresh] done in 44ms @ http://localhost:3001/_next/static/chunks/node_modules_next_dist_1e8vcs8._.js:776
[  265741ms] [LOG] [Fast Refresh] done in 44ms @ http://localhost:3001/_next/static/chunks/node_modules_next_dist_1e8vcs8._.js:776
[  265806ms] [LOG] [Fast Refresh] done in 44ms @ http://localhost:3001/_next/static/chunks/node_modules_next_dist_1e8vcs8._.js:776
[  265857ms] [LOG] [Fast Refresh] done in 44ms @ http://localhost:3001/_next/static/chunks/node_modules_next_dist_1e8vcs8._.js:776
[  265921ms] [LOG] [Fast Refresh] done in 44ms @ http://localhost:3001/_next/static/chunks/node_modules_next_dist_1e8vcs8._.js:776
[  265989ms] [LOG] [Fast Refresh] done in 44ms @ http://localhost:3001/_next/static/chunks/node_modules_next_dist_1e8vcs8._.js:776
[  266055ms] [LOG] [Fast Refresh] done in 44ms @ http://localhost:3001/_next/static/chunks/node_modules_next_dist_1e8vcs8._.js:776
[  266106ms] [LOG] [Fast Refresh] done in 44ms @ http://localhost:3001/_next/static/chunks/node_modules_next_dist_1e8vcs8._.js:776
[  266157ms] [LOG] [Fast Refresh] done in 44ms @ http://localhost:3001/_next/static/chunks/node_modules_next_dist_1e8vcs8._.js:776
[  266208ms] [LOG] [Fast Refresh] done in 44ms @ http://localhost:3001/_next/static/chunks/node_modules_next_dist_1e8vcs8._.js:776
[  266272ms] [LOG] [Fast Refresh] done in 44ms @ http://localhost:3001/_next/static/chunks/node_modules_next_dist_1e8vcs8._.js:776
[  266324ms] [LOG] [Fast Refresh] done in 44ms @ http://localhost:3001/_next/static/chunks/node_modules_next_dist_1e8vcs8._.js:776
[  266386ms] [LOG] [Fast Refresh] done in 44ms @ http://localhost:3001/_next/static/chunks/node_modules_next_dist_1e8vcs8._.js:776
[  266440ms] [LOG] [Fast Refresh] done in 44ms @ http://localhost:3001/_next/static/chunks/node_modules_next_dist_1e8vcs8._.js:776
[  266490ms] [LOG] [Fast Refresh] done in 44ms @ http://localhost:3001/_next/static/chunks/node_modules_next_dist_1e8vcs8._.js:776
[  266554ms] [LOG] [Fast Refresh] done in 44ms @ http://localhost:3001/_next/static/chunks/node_modules_next_dist_1e8vcs8._.js:776
[  266622ms] [LOG] [Fast Refresh] done in 44ms @ http://localhost:3001/_next/static/chunks/node_modules_next_dist_1e8vcs8._.js:776
[  266674ms] [LOG] [Fast Refresh] done in 44ms @ http://localhost:3001/_next/static/chunks/node_modules_next_dist_1e8vcs8._.js:776
[  266724ms] [LOG] [Fast Refresh] done in 44ms @ http://localhost:3001/_next/static/chunks/node_modules_next_dist_1e8vcs8._.js:776
[  266790ms] [LOG] [Fast Refresh] done in 44ms @ http://localhost:3001/_next/static/chunks/node_modules_next_dist_1e8vcs8._.js:776
[  266855ms] [LOG] [Fast Refresh] done in 44ms @ http://localhost:3001/_next/static/chunks/node_modules_next_dist_1e8vcs8._.js:776
[  266906ms] [LOG] [Fast Refresh] done in 44ms @ http://localhost:3001/_next/static/chunks/node_modules_next_dist_1e8vcs8._.js:776
[  266957ms] [LOG] [Fast Refresh] done in 44ms @ http://localhost:3001/_next/static/chunks/node_modules_next_dist_1e8vcs8._.js:776
[  267007ms] [LOG] [Fast Refresh] done in 44ms @ http://localhost:3001/_next/static/chunks/node_modules_next_dist_1e8vcs8._.js:776
[  267074ms] [LOG] [Fast Refresh] done in 44ms @ http://localhost:3001/_next/static/chunks/node_modules_next_dist_1e8vcs8._.js:776
[  267135ms] [LOG] [Fast Refresh] done in 44ms @ http://localhost:3001/_next/static/chunks/node_modules_next_dist_1e8vcs8._.js:776
[  267206ms] [LOG] [Fast Refresh] done in 44ms @ http://localhost:3001/_next/static/chunks/node_modules_next_dist_1e8vcs8._.js:776
[  267257ms] [LOG] [Fast Refresh] done in 44ms @ http://localhost:3001/_next/static/chunks/node_modules_next_dist_1e8vcs8._.js:776
[  267324ms] [LOG] [Fast Refresh] done in 44ms @ http://localhost:3001/_next/static/chunks/node_modules_next_dist_1e8vcs8._.js:776
[  267373ms] [LOG] [Fast Refresh] done in 44ms @ http://localhost:3001/_next/static/chunks/node_modules_next_dist_1e8vcs8._.js:776
[  267439ms] [LOG] [Fast Refresh] done in 44ms @ http://localhost:3001/_next/static/chunks/node_modules_next_dist_1e8vcs8._.js:776
[  267491ms] [LOG] [Fast Refresh] done in 44ms @ http://localhost:3001/_next/static/chunks/node_modules_next_dist_1e8vcs8._.js:776
[  267555ms] [LOG] [Fast Refresh] done in 44ms @ http://localhost:3001/_next/static/chunks/node_modules_next_dist_1e8vcs8._.js:776
[  267617ms] [LOG] [Fast Refresh] done in 44ms @ http://localhost:3001/_next/static/chunks/node_modules_next_dist_1e8vcs8._.js:776
[  267680ms] [LOG] [Fast Refresh] done in 44ms @ http://localhost:3001/_next/static/chunks/node_modules_next_dist_1e8vcs8._.js:776
[  267741ms] [LOG] [Fast Refresh] done in 44ms @ http://localhost:3001/_next/static/chunks/node_modules_next_dist_1e8vcs8._.js:776
[  267806ms] [LOG] [Fast Refresh] done in 44ms @ http://localhost:3001/_next/static/chunks/node_modules_next_dist_1e8vcs8._.js:776
[  267856ms] [LOG] [Fast Refresh] done in 44ms @ http://localhost:3001/_next/static/chunks/node_modules_next_dist_1e8vcs8._.js:776
[  267908ms] [LOG] [Fast Refresh] done in 44ms @ http://localhost:3001/_next/static/chunks/node_modules_next_dist_1e8vcs8._.js:776
[  267974ms] [LOG] [Fast Refresh] done in 44ms @ http://localhost:3001/_next/static/chunks/node_modules_next_dist_1e8vcs8._.js:776
[  268038ms] [LOG] [Fast Refresh] done in 44ms @ http://localhost:3001/_next/static/chunks/node_modules_next_dist_1e8vcs8._.js:776
[  268095ms] [LOG] [Fast Refresh] done in 44ms @ http://localhost:3001/_next/static/chunks/node_modules_next_dist_1e8vcs8._.js:776
[  268173ms] [LOG] [Fast Refresh] done in 44ms @ http://localhost:3001/_next/static/chunks/node_modules_next_dist_1e8vcs8._.js:776
[  268242ms] [LOG] [Fast Refresh] done in 44ms @ http://localhost:3001/_next/static/chunks/node_modules_next_dist_1e8vcs8._.js:776
[  268306ms] [LOG] [Fast Refresh] done in 44ms @ http://localhost:3001/_next/static/chunks/node_modules_next_dist_1e8vcs8._.js:776
[  268370ms] [LOG] [Fast Refresh] done in 44ms @ http://localhost:3001/_next/static/chunks/node_modules_next_dist_1e8vcs8._.js:776
[  268439ms] [LOG] [Fast Refresh] done in 44ms @ http://localhost:3001/_next/static/chunks/node_modules_next_dist_1e8vcs8._.js:776
[  268490ms] [LOG] [Fast Refresh] done in 44ms @ http://localhost:3001/_next/static/chunks/node_modules_next_dist_1e8vcs8._.js:776
[  268540ms] [LOG] [Fast Refresh] done in 44ms @ http://localhost:3001/_next/static/chunks/node_modules_next_dist_1e8vcs8._.js:776
[  268602ms] [LOG] [Fast Refresh] done in 44ms @ http://localhost:3001/_next/static/chunks/node_modules_next_dist_1e8vcs8._.js:776
[  268664ms] [LOG] [Fast Refresh] done in 44ms @ http://localhost:3001/_next/static/chunks/node_modules_next_dist_1e8vcs8._.js:776
[  268722ms] [LOG] [Fast Refresh] done in 44ms @ http://localhost:3001/_next/static/chunks/node_modules_next_dist_1e8vcs8._.js:776
[  268772ms] [LOG] [Fast Refresh] done in 44ms @ http://localhost:3001/_next/static/chunks/node_modules_next_dist_1e8vcs8._.js:776
[  268824ms] [LOG] [Fast Refresh] done in 44ms @ http://localhost:3001/_next/static/chunks/node_modules_next_dist_1e8vcs8._.js:776
[  268887ms] [LOG] [Fast Refresh] done in 44ms @ http://localhost:3001/_next/static/chunks/node_modules_next_dist_1e8vcs8._.js:776
[  268937ms] [LOG] [Fast Refresh] done in 44ms @ http://localhost:3001/_next/static/chunks/node_modules_next_dist_1e8vcs8._.js:776
[  268999ms] [LOG] [Fast Refresh] done in 44ms @ http://localhost:3001/_next/static/chunks/node_modules_next_dist_1e8vcs8._.js:776
[  269057ms] [LOG] [Fast Refresh] done in 44ms @ http://localhost:3001/_next/static/chunks/node_modules_next_dist_1e8vcs8._.js:776
[  269123ms] [LOG] [Fast Refresh] done in 44ms @ http://localhost:3001/_next/static/chunks/node_modules_next_dist_1e8vcs8._.js:776
[  269189ms] [LOG] [Fast Refresh] done in 44ms @ http://localhost:3001/_next/static/chunks/node_modules_next_dist_1e8vcs8._.js:776
[  269255ms] [LOG] [Fast Refresh] done in 44ms @ http://localhost:3001/_next/static/chunks/node_modules_next_dist_1e8vcs8._.js:776
[  269323ms] [LOG] [Fast Refresh] done in 44ms @ http://localhost:3001/_next/static/chunks/node_modules_next_dist_1e8vcs8._.js:776
[  269374ms] [LOG] [Fast Refresh] done in 44ms @ http://localhost:3001/_next/static/chunks/node_modules_next_dist_1e8vcs8._.js:776
[  269435ms] [LOG] [Fast Refresh] done in 44ms @ http://localhost:3001/_next/static/chunks/node_modules_next_dist_1e8vcs8._.js:776
[  269507ms] [LOG] [Fast Refresh] done in 44ms @ http://localhost:3001/_next/static/chunks/node_modules_next_dist_1e8vcs8._.js:776
[  269573ms] [LOG] [Fast Refresh] done in 44ms @ http://localhost:3001/_next/static/chunks/node_modules_next_dist_1e8vcs8._.js:776
[  269625ms] [LOG] [Fast Refresh] done in 44ms @ http://localhost:3001/_next/static/chunks/node_modules_next_dist_1e8vcs8._.js:776
[  269688ms] [LOG] [Fast Refresh] done in 44ms @ http://localhost:3001/_next/static/chunks/node_modules_next_dist_1e8vcs8._.js:776
[  269739ms] [LOG] [Fast Refresh] done in 44ms @ http://localhost:3001/_next/static/chunks/node_modules_next_dist_1e8vcs8._.js:776
[  269806ms] [LOG] [Fast Refresh] done in 44ms @ http://localhost:3001/_next/static/chunks/node_modules_next_dist_1e8vcs8._.js:776
[  269856ms] [LOG] [Fast Refresh] done in 44ms @ http://localhost:3001/_next/static/chunks/node_modules_next_dist_1e8vcs8._.js:776
[  269907ms] [LOG] [Fast Refresh] done in 44ms @ http://localhost:3001/_next/static/chunks/node_modules_next_dist_1e8vcs8._.js:776
[  269973ms] [LOG] [Fast Refresh] done in 44ms @ http://localhost:3001/_next/static/chunks/node_modules_next_dist_1e8vcs8._.js:776
[  270036ms] [LOG] [Fast Refresh] done in 44ms @ http://localhost:3001/_next/static/chunks/node_modules_next_dist_1e8vcs8._.js:776
[  270091ms] [LOG] [Fast Refresh] done in 44ms @ http://localhost:3001/_next/static/chunks/node_modules_next_dist_1e8vcs8._.js:776
[  270141ms] [LOG] [Fast Refresh] done in 44ms @ http://localhost:3001/_next/static/chunks/node_modules_next_dist_1e8vcs8._.js:776
[  270191ms] [LOG] [Fast Refresh] done in 44ms @ http://localhost:3001/_next/static/chunks/node_modules_next_dist_1e8vcs8._.js:776
[  270255ms] [LOG] [Fast Refresh] done in 44ms @ http://localhost:3001/_next/static/chunks/node_modules_next_dist_1e8vcs8._.js:776
[  270319ms] [LOG] [Fast Refresh] done in 44ms @ http://localhost:3001/_next/static/chunks/node_modules_next_dist_1e8vcs8._.js:776
[  270382ms] [LOG] [Fast Refresh] done in 44ms @ http://localhost:3001/_next/static/chunks/node_modules_next_dist_1e8vcs8._.js:776
[  270442ms] [LOG] [Fast Refresh] done in 44ms @ http://localhost:3001/_next/static/chunks/node_modules_next_dist_1e8vcs8._.js:776
[  270505ms] [LOG] [Fast Refresh] done in 44ms @ http://localhost:3001/_next/static/chunks/node_modules_next_dist_1e8vcs8._.js:776
[  270556ms] [LOG] [Fast Refresh] done in 44ms @ http://localhost:3001/_next/static/chunks/node_modules_next_dist_1e8vcs8._.js:776
[  270617ms] [LOG] [Fast Refresh] done in 44ms @ http://localhost:3001/_next/static/chunks/node_modules_next_dist_1e8vcs8._.js:776
[  270681ms] [LOG] [Fast Refresh] done in 44ms @ http://localhost:3001/_next/static/chunks/node_modules_next_dist_1e8vcs8._.js:776
[  270738ms] [LOG] [Fast Refresh] done in 44ms @ http://localhost:3001/_next/static/chunks/node_modules_next_dist_1e8vcs8._.js:776
[  270802ms] [LOG] [Fast Refresh] done in 44ms @ http://localhost:3001/_next/static/chunks/node_modules_next_dist_1e8vcs8._.js:776
[  270871ms] [LOG] [Fast Refresh] done in 44ms @ http://localhost:3001/_next/static/chunks/node_modules_next_dist_1e8vcs8._.js:776
[  270934ms] [LOG] [Fast Refresh] done in 44ms @ http://localhost:3001/_next/static/chunks/node_modules_next_dist_1e8vcs8._.js:776
[  271006ms] [LOG] [Fast Refresh] done in 44ms @ http://localhost:3001/_next/static/chunks/node_modules_next_dist_1e8vcs8._.js:776
[  271056ms] [LOG] [Fast Refresh] done in 44ms @ http://localhost:3001/_next/static/chunks/node_modules_next_dist_1e8vcs8._.js:776
[  271107ms] [LOG] [Fast Refresh] done in 44ms @ http://localhost:3001/_next/static/chunks/node_modules_next_dist_1e8vcs8._.js:776
[  271170ms] [LOG] [Fast Refresh] done in 44ms @ http://localhost:3001/_next/static/chunks/node_modules_next_dist_1e8vcs8._.js:776
[  271240ms] [LOG] [Fast Refresh] done in 44ms @ http://localhost:3001/_next/static/chunks/node_modules_next_dist_1e8vcs8._.js:776
[  271307ms] [LOG] [Fast Refresh] done in 44ms @ http://localhost:3001/_next/static/chunks/node_modules_next_dist_1e8vcs8._.js:776
[  271356ms] [LOG] [Fast Refresh] done in 44ms @ http://localhost:3001/_next/static/chunks/node_modules_next_dist_1e8vcs8._.js:776
[  271407ms] [LOG] [Fast Refresh] done in 44ms @ http://localhost:3001/_next/static/chunks/node_modules_next_dist_1e8vcs8._.js:776
[  271473ms] [LOG] [Fast Refresh] done in 44ms @ http://localhost:3001/_next/static/chunks/node_modules_next_dist_1e8vcs8._.js:776
[  271523ms] [LOG] [Fast Refresh] done in 44ms @ http://localhost:3001/_next/static/chunks/node_modules_next_dist_1e8vcs8._.js:776
[  271573ms] [LOG] [Fast Refresh] done in 44ms @ http://localhost:3001/_next/static/chunks/node_modules_next_dist_1e8vcs8._.js:776
[  271636ms] [LOG] [Fast Refresh] done in 44ms @ http://localhost:3001/_next/static/chunks/node_modules_next_dist_1e8vcs8._.js:776
[  271692ms] [LOG] [Fast Refresh] done in 44ms @ http://localhost:3001/_next/static/chunks/node_modules_next_dist_1e8vcs8._.js:776
[  271753ms] [LOG] [Fast Refresh] done in 44ms @ http://localhost:3001/_next/static/chunks/node_modules_next_dist_1e8vcs8._.js:776
[  271807ms] [LOG] [Fast Refresh] done in 44ms @ http://localhost:3001/_next/static/chunks/node_modules_next_dist_1e8vcs8._.js:776
[  271873ms] [LOG] [Fast Refresh] done in 44ms @ http://localhost:3001/_next/static/chunks/node_modules_next_dist_1e8vcs8._.js:776
[  271935ms] [LOG] [Fast Refresh] done in 44ms @ http://localhost:3001/_next/static/chunks/node_modules_next_dist_1e8vcs8._.js:776
[  271998ms] [LOG] [Fast Refresh] done in 44ms @ http://localhost:3001/_next/static/chunks/node_modules_next_dist_1e8vcs8._.js:776
[  272056ms] [LOG] [Fast Refresh] done in 44ms @ http://localhost:3001/_next/static/chunks/node_modules_next_dist_1e8vcs8._.js:776
[  272122ms] [LOG] [Fast Refresh] done in 44ms @ http://localhost:3001/_next/static/chunks/node_modules_next_dist_1e8vcs8._.js:776
[  272174ms] [LOG] [Fast Refresh] done in 44ms @ http://localhost:3001/_next/static/chunks/node_modules_next_dist_1e8vcs8._.js:776
[  272224ms] [LOG] [Fast Refresh] done in 44ms @ http://localhost:3001/_next/static/chunks/node_modules_next_dist_1e8vcs8._.js:776
[  272287ms] [LOG] [Fast Refresh] done in 44ms @ http://localhost:3001/_next/static/chunks/node_modules_next_dist_1e8vcs8._.js:776
[  272350ms] [LOG] [Fast Refresh] done in 44ms @ http://localhost:3001/_next/static/chunks/node_modules_next_dist_1e8vcs8._.js:776
[  272406ms] [LOG] [Fast Refresh] done in 44ms @ http://localhost:3001/_next/static/chunks/node_modules_next_dist_1e8vcs8._.js:776
[  272472ms] [LOG] [Fast Refresh] done in 44ms @ http://localhost:3001/_next/static/chunks/node_modules_next_dist_1e8vcs8._.js:776
[  272524ms] [LOG] [Fast Refresh] done in 44ms @ http://localhost:3001/_next/static/chunks/node_modules_next_dist_1e8vcs8._.js:776
[  272590ms] [LOG] [Fast Refresh] done in 44ms @ http://localhost:3001/_next/static/chunks/node_modules_next_dist_1e8vcs8._.js:776
[  272640ms] [LOG] [Fast Refresh] done in 44ms @ http://localhost:3001/_next/static/chunks/node_modules_next_dist_1e8vcs8._.js:776
[  272703ms] [LOG] [Fast Refresh] done in 44ms @ http://localhost:3001/_next/static/chunks/node_modules_next_dist_1e8vcs8._.js:776
[  272755ms] [LOG] [Fast Refresh] done in 44ms @ http://localhost:3001/_next/static/chunks/node_modules_next_dist_1e8vcs8._.js:776
[  272821ms] [LOG] [Fast Refresh] done in 44ms @ http://localhost:3001/_next/static/chunks/node_modules_next_dist_1e8vcs8._.js:776
[  272884ms] [LOG] [Fast Refresh] done in 44ms @ http://localhost:3001/_next/static/chunks/node_modules_next_dist_1e8vcs8._.js:776
[  272940ms] [LOG] [Fast Refresh] done in 44ms @ http://localhost:3001/_next/static/chunks/node_modules_next_dist_1e8vcs8._.js:776
[  272992ms] [LOG] [Fast Refresh] done in 44ms @ http://localhost:3001/_next/static/chunks/node_modules_next_dist_1e8vcs8._.js:776
[  273055ms] [LOG] [Fast Refresh] done in 44ms @ http://localhost:3001/_next/static/chunks/node_modules_next_dist_1e8vcs8._.js:776
[  273107ms] [LOG] [Fast Refresh] done in 44ms @ http://localhost:3001/_next/static/chunks/node_modules_next_dist_1e8vcs8._.js:776
[  273172ms] [LOG] [Fast Refresh] done in 44ms @ http://localhost:3001/_next/static/chunks/node_modules_next_dist_1e8vcs8._.js:776
[  273224ms] [LOG] [Fast Refresh] done in 44ms @ http://localhost:3001/_next/static/chunks/node_modules_next_dist_1e8vcs8._.js:776
[  273274ms] [LOG] [Fast Refresh] done in 44ms @ http://localhost:3001/_next/static/chunks/node_modules_next_dist_1e8vcs8._.js:776
[  273323ms] [LOG] [Fast Refresh] done in 44ms @ http://localhost:3001/_next/static/chunks/node_modules_next_dist_1e8vcs8._.js:776
[  273390ms] [LOG] [Fast Refresh] done in 44ms @ http://localhost:3001/_next/static/chunks/node_modules_next_dist_1e8vcs8._.js:776
[  273439ms] [LOG] [Fast Refresh] done in 44ms @ http://localhost:3001/_next/static/chunks/node_modules_next_dist_1e8vcs8._.js:776
[  273504ms] [LOG] [Fast Refresh] done in 44ms @ http://localhost:3001/_next/static/chunks/node_modules_next_dist_1e8vcs8._.js:776
[  273557ms] [LOG] [Fast Refresh] done in 44ms @ http://localhost:3001/_next/static/chunks/node_modules_next_dist_1e8vcs8._.js:776
[  273622ms] [LOG] [Fast Refresh] done in 44ms @ http://localhost:3001/_next/static/chunks/node_modules_next_dist_1e8vcs8._.js:776
[  273674ms] [LOG] [Fast Refresh] done in 44ms @ http://localhost:3001/_next/static/chunks/node_modules_next_dist_1e8vcs8._.js:776
[  273724ms] [LOG] [Fast Refresh] done in 44ms @ http://localhost:3001/_next/static/chunks/node_modules_next_dist_1e8vcs8._.js:776
[  273788ms] [LOG] [Fast Refresh] done in 44ms @ http://localhost:3001/_next/static/chunks/node_modules_next_dist_1e8vcs8._.js:776
[  273849ms] [LOG] [Fast Refresh] done in 44ms @ http://localhost:3001/_next/static/chunks/node_modules_next_dist_1e8vcs8._.js:776
[  273912ms] [LOG] [Fast Refresh] done in 44ms @ http://localhost:3001/_next/static/chunks/node_modules_next_dist_1e8vcs8._.js:776
[  273974ms] [LOG] [Fast Refresh] done in 44ms @ http://localhost:3001/_next/static/chunks/node_modules_next_dist_1e8vcs8._.js:776
[  274022ms] [LOG] [Fast Refresh] done in 44ms @ http://localhost:3001/_next/static/chunks/node_modules_next_dist_1e8vcs8._.js:776
[  274074ms] [LOG] [Fast Refresh] done in 44ms @ http://localhost:3001/_next/static/chunks/node_modules_next_dist_1e8vcs8._.js:776
[  274137ms] [LOG] [Fast Refresh] done in 44ms @ http://localhost:3001/_next/static/chunks/node_modules_next_dist_1e8vcs8._.js:776
[  274191ms] [LOG] [Fast Refresh] done in 44ms @ http://localhost:3001/_next/static/chunks/node_modules_next_dist_1e8vcs8._.js:776
[  274256ms] [LOG] [Fast Refresh] done in 44ms @ http://localhost:3001/_next/static/chunks/node_modules_next_dist_1e8vcs8._.js:776
[  274307ms] [LOG] [Fast Refresh] done in 44ms @ http://localhost:3001/_next/static/chunks/node_modules_next_dist_1e8vcs8._.js:776
[  274358ms] [LOG] [Fast Refresh] done in 44ms @ http://localhost:3001/_next/static/chunks/node_modules_next_dist_1e8vcs8._.js:776
[  274419ms] [LOG] [Fast Refresh] done in 44ms @ http://localhost:3001/_next/static/chunks/node_modules_next_dist_1e8vcs8._.js:776
[  274483ms] [LOG] [Fast Refresh] done in 44ms @ http://localhost:3001/_next/static/chunks/node_modules_next_dist_1e8vcs8._.js:776
[  274546ms] [LOG] [Fast Refresh] done in 44ms @ http://localhost:3001/_next/static/chunks/node_modules_next_dist_1e8vcs8._.js:776
[  274608ms] [LOG] [Fast Refresh] done in 44ms @ http://localhost:3001/_next/static/chunks/node_modules_next_dist_1e8vcs8._.js:776
[  274672ms] [LOG] [Fast Refresh] done in 44ms @ http://localhost:3001/_next/static/chunks/node_modules_next_dist_1e8vcs8._.js:776
[  274740ms] [LOG] [Fast Refresh] done in 44ms @ http://localhost:3001/_next/static/chunks/node_modules_next_dist_1e8vcs8._.js:776
[  274791ms] [LOG] [Fast Refresh] done in 44ms @ http://localhost:3001/_next/static/chunks/node_modules_next_dist_1e8vcs8._.js:776
[  274856ms] [LOG] [Fast Refresh] done in 44ms @ http://localhost:3001/_next/static/chunks/node_modules_next_dist_1e8vcs8._.js:776
[  274923ms] [LOG] [Fast Refresh] done in 44ms @ http://localhost:3001/_next/static/chunks/node_modules_next_dist_1e8vcs8._.js:776
[  274972ms] [LOG] [Fast Refresh] done in 44ms @ http://localhost:3001/_next/static/chunks/node_modules_next_dist_1e8vcs8._.js:776
[  275025ms] [LOG] [Fast Refresh] done in 44ms @ http://localhost:3001/_next/static/chunks/node_modules_next_dist_1e8vcs8._.js:776
[  275074ms] [LOG] [Fast Refresh] done in 44ms @ http://localhost:3001/_next/static/chunks/node_modules_next_dist_1e8vcs8._.js:776
[  275140ms] [LOG] [Fast Refresh] done in 44ms @ http://localhost:3001/_next/static/chunks/node_modules_next_dist_1e8vcs8._.js:776
[  275203ms] [LOG] [Fast Refresh] done in 44ms @ http://localhost:3001/_next/static/chunks/node_modules_next_dist_1e8vcs8._.js:776
[  275274ms] [LOG] [Fast Refresh] done in 44ms @ http://localhost:3001/_next/static/chunks/node_modules_next_dist_1e8vcs8._.js:776
[  275340ms] [LOG] [Fast Refresh] done in 44ms @ http://localhost:3001/_next/static/chunks/node_modules_next_dist_1e8vcs8._.js:776
[  275390ms] [LOG] [Fast Refresh] done in 44ms @ http://localhost:3001/_next/static/chunks/node_modules_next_dist_1e8vcs8._.js:776
[  275453ms] [LOG] [Fast Refresh] done in 44ms @ http://localhost:3001/_next/static/chunks/node_modules_next_dist_1e8vcs8._.js:776
[  275507ms] [LOG] [Fast Refresh] done in 44ms @ http://localhost:3001/_next/static/chunks/node_modules_next_dist_1e8vcs8._.js:776
[  275568ms] [LOG] [Fast Refresh] done in 44ms @ http://localhost:3001/_next/static/chunks/node_modules_next_dist_1e8vcs8._.js:776
[  275633ms] [LOG] [Fast Refresh] done in 44ms @ http://localhost:3001/_next/static/chunks/node_modules_next_dist_1e8vcs8._.js:776
[  275694ms] [LOG] [Fast Refresh] done in 44ms @ http://localhost:3001/_next/static/chunks/node_modules_next_dist_1e8vcs8._.js:776
[  275755ms] [LOG] [Fast Refresh] done in 44ms @ http://localhost:3001/_next/static/chunks/node_modules_next_dist_1e8vcs8._.js:776
[  275827ms] [LOG] [Fast Refresh] done in 44ms @ http://localhost:3001/_next/static/chunks/node_modules_next_dist_1e8vcs8._.js:776
[  275893ms] [LOG] [Fast Refresh] done in 44ms @ http://localhost:3001/_next/static/chunks/node_modules_next_dist_1e8vcs8._.js:776
[  275962ms] [LOG] [Fast Refresh] done in 44ms @ http://localhost:3001/_next/static/chunks/node_modules_next_dist_1e8vcs8._.js:776
[  276021ms] [LOG] [Fast Refresh] done in 44ms @ http://localhost:3001/_next/static/chunks/node_modules_next_dist_1e8vcs8._.js:776
[  276084ms] [LOG] [Fast Refresh] done in 44ms @ http://localhost:3001/_next/static/chunks/node_modules_next_dist_1e8vcs8._.js:776
[  276154ms] [LOG] [Fast Refresh] done in 44ms @ http://localhost:3001/_next/static/chunks/node_modules_next_dist_1e8vcs8._.js:776
[  276206ms] [LOG] [Fast Refresh] done in 44ms @ http://localhost:3001/_next/static/chunks/node_modules_next_dist_1e8vcs8._.js:776
[  276258ms] [LOG] [Fast Refresh] done in 44ms @ http://localhost:3001/_next/static/chunks/node_modules_next_dist_1e8vcs8._.js:776
[  276323ms] [LOG] [Fast Refresh] done in 44ms @ http://localhost:3001/_next/static/chunks/node_modules_next_dist_1e8vcs8._.js:776
[  276387ms] [LOG] [Fast Refresh] done in 44ms @ http://localhost:3001/_next/static/chunks/node_modules_next_dist_1e8vcs8._.js:776
[  276439ms] [LOG] [Fast Refresh] done in 44ms @ http://localhost:3001/_next/static/chunks/node_modules_next_dist_1e8vcs8._.js:776
[  276506ms] [LOG] [Fast Refresh] done in 44ms @ http://localhost:3001/_next/static/chunks/node_modules_next_dist_1e8vcs8._.js:776
[  276556ms] [LOG] [Fast Refresh] done in 44ms @ http://localhost:3001/_next/static/chunks/node_modules_next_dist_1e8vcs8._.js:776
[  276607ms] [LOG] [Fast Refresh] done in 44ms @ http://localhost:3001/_next/static/chunks/node_modules_next_dist_1e8vcs8._.js:776
[  276672ms] [LOG] [Fast Refresh] done in 44ms @ http://localhost:3001/_next/static/chunks/node_modules_next_dist_1e8vcs8._.js:776
[  276736ms] [LOG] [Fast Refresh] done in 44ms @ http://localhost:3001/_next/static/chunks/node_modules_next_dist_1e8vcs8._.js:776
[  276798ms] [LOG] [Fast Refresh] done in 44ms @ http://localhost:3001/_next/static/chunks/node_modules_next_dist_1e8vcs8._.js:776
[  276859ms] [LOG] [Fast Refresh] done in 44ms @ http://localhost:3001/_next/static/chunks/node_modules_next_dist_1e8vcs8._.js:776
[  276922ms] [LOG] [Fast Refresh] done in 44ms @ http://localhost:3001/_next/static/chunks/node_modules_next_dist_1e8vcs8._.js:776
[  276984ms] [LOG] [Fast Refresh] done in 44ms @ http://localhost:3001/_next/static/chunks/node_modules_next_dist_1e8vcs8._.js:776
[  277040ms] [LOG] [Fast Refresh] done in 44ms @ http://localhost:3001/_next/static/chunks/node_modules_next_dist_1e8vcs8._.js:776
[  277105ms] [LOG] [Fast Refresh] done in 44ms @ http://localhost:3001/_next/static/chunks/node_modules_next_dist_1e8vcs8._.js:776
[  277168ms] [LOG] [Fast Refresh] done in 44ms @ http://localhost:3001/_next/static/chunks/node_modules_next_dist_1e8vcs8._.js:776
[  277239ms] [LOG] [Fast Refresh] done in 44ms @ http://localhost:3001/_next/static/chunks/node_modules_next_dist_1e8vcs8._.js:776
[  277290ms] [LOG] [Fast Refresh] done in 44ms @ http://localhost:3001/_next/static/chunks/node_modules_next_dist_1e8vcs8._.js:776
[  277340ms] [LOG] [Fast Refresh] done in 44ms @ http://localhost:3001/_next/static/chunks/node_modules_next_dist_1e8vcs8._.js:776
[  277390ms] [LOG] [Fast Refresh] done in 44ms @ http://localhost:3001/_next/static/chunks/node_modules_next_dist_1e8vcs8._.js:776
[  277440ms] [LOG] [Fast Refresh] done in 44ms @ http://localhost:3001/_next/static/chunks/node_modules_next_dist_1e8vcs8._.js:776
[  277502ms] [LOG] [Fast Refresh] done in 44ms @ http://localhost:3001/_next/static/chunks/node_modules_next_dist_1e8vcs8._.js:776
[  277556ms] [LOG] [Fast Refresh] done in 44ms @ http://localhost:3001/_next/static/chunks/node_modules_next_dist_1e8vcs8._.js:776
[  277607ms] [LOG] [Fast Refresh] done in 44ms @ http://localhost:3001/_next/static/chunks/node_modules_next_dist_1e8vcs8._.js:776
[  277658ms] [LOG] [Fast Refresh] done in 44ms @ http://localhost:3001/_next/static/chunks/node_modules_next_dist_1e8vcs8._.js:776
[  277707ms] [LOG] [Fast Refresh] done in 44ms @ http://localhost:3001/_next/static/chunks/node_modules_next_dist_1e8vcs8._.js:776
[  277757ms] [LOG] [Fast Refresh] done in 44ms @ http://localhost:3001/_next/static/chunks/node_modules_next_dist_1e8vcs8._.js:776
[  277821ms] [LOG] [Fast Refresh] done in 44ms @ http://localhost:3001/_next/static/chunks/node_modules_next_dist_1e8vcs8._.js:776
[  277890ms] [LOG] [Fast Refresh] done in 44ms @ http://localhost:3001/_next/static/chunks/node_modules_next_dist_1e8vcs8._.js:776
[  277941ms] [LOG] [Fast Refresh] done in 44ms @ http://localhost:3001/_next/static/chunks/node_modules_next_dist_1e8vcs8._.js:776
[  278006ms] [LOG] [Fast Refresh] done in 44ms @ http://localhost:3001/_next/static/chunks/node_modules_next_dist_1e8vcs8._.js:776
[  278057ms] [LOG] [Fast Refresh] done in 44ms @ http://localhost:3001/_next/static/chunks/node_modules_next_dist_1e8vcs8._.js:776
[  278121ms] [LOG] [Fast Refresh] done in 44ms @ http://localhost:3001/_next/static/chunks/node_modules_next_dist_1e8vcs8._.js:776
[  278188ms] [LOG] [Fast Refresh] done in 44ms @ http://localhost:3001/_next/static/chunks/node_modules_next_dist_1e8vcs8._.js:776
[  278258ms] [LOG] [Fast Refresh] done in 44ms @ http://localhost:3001/_next/static/chunks/node_modules_next_dist_1e8vcs8._.js:776
[  278324ms] [LOG] [Fast Refresh] done in 44ms @ http://localhost:3001/_next/static/chunks/node_modules_next_dist_1e8vcs8._.js:776
[  278387ms] [LOG] [Fast Refresh] done in 44ms @ http://localhost:3001/_next/static/chunks/node_modules_next_dist_1e8vcs8._.js:776
[  278452ms] [LOG] [Fast Refresh] done in 44ms @ http://localhost:3001/_next/static/chunks/node_modules_next_dist_1e8vcs8._.js:776
[  278506ms] [LOG] [Fast Refresh] done in 44ms @ http://localhost:3001/_next/static/chunks/node_modules_next_dist_1e8vcs8._.js:776
[  278572ms] [LOG] [Fast Refresh] done in 44ms @ http://localhost:3001/_next/static/chunks/node_modules_next_dist_1e8vcs8._.js:776
[  278623ms] [LOG] [Fast Refresh] done in 44ms @ http://localhost:3001/_next/static/chunks/node_modules_next_dist_1e8vcs8._.js:776
[  278674ms] [LOG] [Fast Refresh] done in 44ms @ http://localhost:3001/_next/static/chunks/node_modules_next_dist_1e8vcs8._.js:776
[  278737ms] [LOG] [Fast Refresh] done in 44ms @ http://localhost:3001/_next/static/chunks/node_modules_next_dist_1e8vcs8._.js:776
[  278799ms] [LOG] [Fast Refresh] done in 44ms @ http://localhost:3001/_next/static/chunks/node_modules_next_dist_1e8vcs8._.js:776
[  278857ms] [LOG] [Fast Refresh] done in 44ms @ http://localhost:3001/_next/static/chunks/node_modules_next_dist_1e8vcs8._.js:776
[  278921ms] [LOG] [Fast Refresh] done in 44ms @ http://localhost:3001/_next/static/chunks/node_modules_next_dist_1e8vcs8._.js:776
[  278973ms] [LOG] [Fast Refresh] done in 44ms @ http://localhost:3001/_next/static/chunks/node_modules_next_dist_1e8vcs8._.js:776
[  279025ms] [LOG] [Fast Refresh] done in 44ms @ http://localhost:3001/_next/static/chunks/node_modules_next_dist_1e8vcs8._.js:776
[  279089ms] [LOG] [Fast Refresh] done in 44ms @ http://localhost:3001/_next/static/chunks/node_modules_next_dist_1e8vcs8._.js:776
[  279140ms] [LOG] [Fast Refresh] done in 44ms @ http://localhost:3001/_next/static/chunks/node_modules_next_dist_1e8vcs8._.js:776
[  279207ms] [LOG] [Fast Refresh] done in 44ms @ http://localhost:3001/_next/static/chunks/node_modules_next_dist_1e8vcs8._.js:776
[  279272ms] [LOG] [Fast Refresh] done in 44ms @ http://localhost:3001/_next/static/chunks/node_modules_next_dist_1e8vcs8._.js:776
[  279333ms] [LOG] [Fast Refresh] done in 44ms @ http://localhost:3001/_next/static/chunks/node_modules_next_dist_1e8vcs8._.js:776
[  279390ms] [LOG] [Fast Refresh] done in 44ms @ http://localhost:3001/_next/static/chunks/node_modules_next_dist_1e8vcs8._.js:776
[  279440ms] [LOG] [Fast Refresh] done in 44ms @ http://localhost:3001/_next/static/chunks/node_modules_next_dist_1e8vcs8._.js:776
[  279504ms] [LOG] [Fast Refresh] done in 44ms @ http://localhost:3001/_next/static/chunks/node_modules_next_dist_1e8vcs8._.js:776
[  279557ms] [LOG] [Fast Refresh] done in 44ms @ http://localhost:3001/_next/static/chunks/node_modules_next_dist_1e8vcs8._.js:776
[  279625ms] [LOG] [Fast Refresh] done in 44ms @ http://localhost:3001/_next/static/chunks/node_modules_next_dist_1e8vcs8._.js:776
[  279674ms] [LOG] [Fast Refresh] done in 44ms @ http://localhost:3001/_next/static/chunks/node_modules_next_dist_1e8vcs8._.js:776
[  279724ms] [LOG] [Fast Refresh] done in 44ms @ http://localhost:3001/_next/static/chunks/node_modules_next_dist_1e8vcs8._.js:776
[  279788ms] [LOG] [Fast Refresh] done in 44ms @ http://localhost:3001/_next/static/chunks/node_modules_next_dist_1e8vcs8._.js:776
[  279840ms] [LOG] [Fast Refresh] done in 44ms @ http://localhost:3001/_next/static/chunks/node_modules_next_dist_1e8vcs8._.js:776
[  279904ms] [LOG] [Fast Refresh] done in 44ms @ http://localhost:3001/_next/static/chunks/node_modules_next_dist_1e8vcs8._.js:776
[  279968ms] [LOG] [Fast Refresh] done in 44ms @ http://localhost:3001/_next/static/chunks/node_modules_next_dist_1e8vcs8._.js:776
[  280023ms] [LOG] [Fast Refresh] done in 44ms @ http://localhost:3001/_next/static/chunks/node_modules_next_dist_1e8vcs8._.js:776
[  280088ms] [LOG] [Fast Refresh] done in 44ms @ http://localhost:3001/_next/static/chunks/node_modules_next_dist_1e8vcs8._.js:776
[  280139ms] [LOG] [Fast Refresh] done in 44ms @ http://localhost:3001/_next/static/chunks/node_modules_next_dist_1e8vcs8._.js:776
[  280192ms] [LOG] [Fast Refresh] done in 44ms @ http://localhost:3001/_next/static/chunks/node_modules_next_dist_1e8vcs8._.js:776
[  280241ms] [LOG] [Fast Refresh] done in 44ms @ http://localhost:3001/_next/static/chunks/node_modules_next_dist_1e8vcs8._.js:776
[  280306ms] [LOG] [Fast Refresh] done in 44ms @ http://localhost:3001/_next/static/chunks/node_modules_next_dist_1e8vcs8._.js:776
[  280374ms] [LOG] [Fast Refresh] done in 44ms @ http://localhost:3001/_next/static/chunks/node_modules_next_dist_1e8vcs8._.js:776
[  280438ms] [LOG] [Fast Refresh] done in 44ms @ http://localhost:3001/_next/static/chunks/node_modules_next_dist_1e8vcs8._.js:776
[  280501ms] [LOG] [Fast Refresh] done in 44ms @ http://localhost:3001/_next/static/chunks/node_modules_next_dist_1e8vcs8._.js:776
[  280556ms] [LOG] [Fast Refresh] done in 44ms @ http://localhost:3001/_next/static/chunks/node_modules_next_dist_1e8vcs8._.js:776
[  280606ms] [LOG] [Fast Refresh] done in 44ms @ http://localhost:3001/_next/static/chunks/node_modules_next_dist_1e8vcs8._.js:776
[  280657ms] [LOG] [Fast Refresh] done in 44ms @ http://localhost:3001/_next/static/chunks/node_modules_next_dist_1e8vcs8._.js:776
[  280708ms] [LOG] [Fast Refresh] done in 44ms @ http://localhost:3001/_next/static/chunks/node_modules_next_dist_1e8vcs8._.js:776
[  280769ms] [LOG] [Fast Refresh] done in 44ms @ http://localhost:3001/_next/static/chunks/node_modules_next_dist_1e8vcs8._.js:776
[  280823ms] [LOG] [Fast Refresh] done in 44ms @ http://localhost:3001/_next/static/chunks/node_modules_next_dist_1e8vcs8._.js:776
[  280874ms] [LOG] [Fast Refresh] done in 44ms @ http://localhost:3001/_next/static/chunks/node_modules_next_dist_1e8vcs8._.js:776
[  280939ms] [LOG] [Fast Refresh] done in 44ms @ http://localhost:3001/_next/static/chunks/node_modules_next_dist_1e8vcs8._.js:776
[  280991ms] [LOG] [Fast Refresh] done in 44ms @ http://localhost:3001/_next/static/chunks/node_modules_next_dist_1e8vcs8._.js:776
[  281040ms] [LOG] [Fast Refresh] done in 44ms @ http://localhost:3001/_next/static/chunks/node_modules_next_dist_1e8vcs8._.js:776
[  281104ms] [LOG] [Fast Refresh] done in 44ms @ http://localhost:3001/_next/static/chunks/node_modules_next_dist_1e8vcs8._.js:776
[  281154ms] [LOG] [Fast Refresh] done in 44ms @ http://localhost:3001/_next/static/chunks/node_modules_next_dist_1e8vcs8._.js:776
[  281208ms] [LOG] [Fast Refresh] done in 44ms @ http://localhost:3001/_next/static/chunks/node_modules_next_dist_1e8vcs8._.js:776
[  281256ms] [LOG] [Fast Refresh] done in 44ms @ http://localhost:3001/_next/static/chunks/node_modules_next_dist_1e8vcs8._.js:776
[  281307ms] [LOG] [Fast Refresh] done in 44ms @ http://localhost:3001/_next/static/chunks/node_modules_next_dist_1e8vcs8._.js:776
[  281358ms] [LOG] [Fast Refresh] done in 44ms @ http://localhost:3001/_next/static/chunks/node_modules_next_dist_1e8vcs8._.js:776
[  281422ms] [LOG] [Fast Refresh] done in 44ms @ http://localhost:3001/_next/static/chunks/node_modules_next_dist_1e8vcs8._.js:776
[  281486ms] [LOG] [Fast Refresh] done in 44ms @ http://localhost:3001/_next/static/chunks/node_modules_next_dist_1e8vcs8._.js:776
[  281550ms] [LOG] [Fast Refresh] done in 44ms @ http://localhost:3001/_next/static/chunks/node_modules_next_dist_1e8vcs8._.js:776
[  281612ms] [LOG] [Fast Refresh] done in 44ms @ http://localhost:3001/_next/static/chunks/node_modules_next_dist_1e8vcs8._.js:776
[  281675ms] [LOG] [Fast Refresh] done in 44ms @ http://localhost:3001/_next/static/chunks/node_modules_next_dist_1e8vcs8._.js:776
[  281738ms] [LOG] [Fast Refresh] done in 44ms @ http://localhost:3001/_next/static/chunks/node_modules_next_dist_1e8vcs8._.js:776
[  281791ms] [LOG] [Fast Refresh] done in 44ms @ http://localhost:3001/_next/static/chunks/node_modules_next_dist_1e8vcs8._.js:776
[  281856ms] [LOG] [Fast Refresh] done in 44ms @ http://localhost:3001/_next/static/chunks/node_modules_next_dist_1e8vcs8._.js:776
[  281923ms] [LOG] [Fast Refresh] done in 44ms @ http://localhost:3001/_next/static/chunks/node_modules_next_dist_1e8vcs8._.js:776
[  281973ms] [LOG] [Fast Refresh] done in 44ms @ http://localhost:3001/_next/static/chunks/node_modules_next_dist_1e8vcs8._.js:776
[  282024ms] [LOG] [Fast Refresh] done in 44ms @ http://localhost:3001/_next/static/chunks/node_modules_next_dist_1e8vcs8._.js:776
[  282088ms] [LOG] [Fast Refresh] done in 44ms @ http://localhost:3001/_next/static/chunks/node_modules_next_dist_1e8vcs8._.js:776
[  282157ms] [LOG] [Fast Refresh] done in 44ms @ http://localhost:3001/_next/static/chunks/node_modules_next_dist_1e8vcs8._.js:776
[  282208ms] [LOG] [Fast Refresh] done in 44ms @ http://localhost:3001/_next/static/chunks/node_modules_next_dist_1e8vcs8._.js:776
[  282257ms] [LOG] [Fast Refresh] done in 44ms @ http://localhost:3001/_next/static/chunks/node_modules_next_dist_1e8vcs8._.js:776
[  282322ms] [LOG] [Fast Refresh] done in 44ms @ http://localhost:3001/_next/static/chunks/node_modules_next_dist_1e8vcs8._.js:776
[  282372ms] [LOG] [Fast Refresh] done in 44ms @ http://localhost:3001/_next/static/chunks/node_modules_next_dist_1e8vcs8._.js:776
[  282438ms] [LOG] [Fast Refresh] done in 44ms @ http://localhost:3001/_next/static/chunks/node_modules_next_dist_1e8vcs8._.js:776
[  282492ms] [LOG] [Fast Refresh] done in 44ms @ http://localhost:3001/_next/static/chunks/node_modules_next_dist_1e8vcs8._.js:776
[  282553ms] [LOG] [Fast Refresh] done in 44ms @ http://localhost:3001/_next/static/chunks/node_modules_next_dist_1e8vcs8._.js:776
[  282617ms] [LOG] [Fast Refresh] done in 44ms @ http://localhost:3001/_next/static/chunks/node_modules_next_dist_1e8vcs8._.js:776
[  282674ms] [LOG] [Fast Refresh] done in 44ms @ http://localhost:3001/_next/static/chunks/node_modules_next_dist_1e8vcs8._.js:776
[  282738ms] [LOG] [Fast Refresh] done in 44ms @ http://localhost:3001/_next/static/chunks/node_modules_next_dist_1e8vcs8._.js:776
[  282801ms] [LOG] [Fast Refresh] done in 44ms @ http://localhost:3001/_next/static/chunks/node_modules_next_dist_1e8vcs8._.js:776
[  282863ms] [LOG] [Fast Refresh] done in 44ms @ http://localhost:3001/_next/static/chunks/node_modules_next_dist_1e8vcs8._.js:776
[  282923ms] [LOG] [Fast Refresh] done in 44ms @ http://localhost:3001/_next/static/chunks/node_modules_next_dist_1e8vcs8._.js:776
[  282973ms] [LOG] [Fast Refresh] done in 44ms @ http://localhost:3001/_next/static/chunks/node_modules_next_dist_1e8vcs8._.js:776
[  283023ms] [LOG] [Fast Refresh] done in 44ms @ http://localhost:3001/_next/static/chunks/node_modules_next_dist_1e8vcs8._.js:776
[  283088ms] [LOG] [Fast Refresh] done in 44ms @ http://localhost:3001/_next/static/chunks/node_modules_next_dist_1e8vcs8._.js:776
[  283140ms] [LOG] [Fast Refresh] done in 44ms @ http://localhost:3001/_next/static/chunks/node_modules_next_dist_1e8vcs8._.js:776
[  283189ms] [LOG] [Fast Refresh] done in 44ms @ http://localhost:3001/_next/static/chunks/node_modules_next_dist_1e8vcs8._.js:776
[  283241ms] [LOG] [Fast Refresh] done in 44ms @ http://localhost:3001/_next/static/chunks/node_modules_next_dist_1e8vcs8._.js:776
[  283290ms] [LOG] [Fast Refresh] done in 44ms @ http://localhost:3001/_next/static/chunks/node_modules_next_dist_1e8vcs8._.js:776
[  283342ms] [LOG] [Fast Refresh] done in 44ms @ http://localhost:3001/_next/static/chunks/node_modules_next_dist_1e8vcs8._.js:776
[  283406ms] [LOG] [Fast Refresh] done in 44ms @ http://localhost:3001/_next/static/chunks/node_modules_next_dist_1e8vcs8._.js:776
[  283467ms] [LOG] [Fast Refresh] done in 44ms @ http://localhost:3001/_next/static/chunks/node_modules_next_dist_1e8vcs8._.js:776
[  283524ms] [LOG] [Fast Refresh] done in 44ms @ http://localhost:3001/_next/static/chunks/node_modules_next_dist_1e8vcs8._.js:776
[  283587ms] [LOG] [Fast Refresh] done in 44ms @ http://localhost:3001/_next/static/chunks/node_modules_next_dist_1e8vcs8._.js:776
[  283649ms] [LOG] [Fast Refresh] done in 44ms @ http://localhost:3001/_next/static/chunks/node_modules_next_dist_1e8vcs8._.js:776
[  283711ms] [LOG] [Fast Refresh] done in 44ms @ http://localhost:3001/_next/static/chunks/node_modules_next_dist_1e8vcs8._.js:776
[  283775ms] [LOG] [Fast Refresh] done in 44ms @ http://localhost:3001/_next/static/chunks/node_modules_next_dist_1e8vcs8._.js:776
[  283836ms] [LOG] [Fast Refresh] done in 44ms @ http://localhost:3001/_next/static/chunks/node_modules_next_dist_1e8vcs8._.js:776
[  283900ms] [LOG] [Fast Refresh] done in 44ms @ http://localhost:3001/_next/static/chunks/node_modules_next_dist_1e8vcs8._.js:776
[  283962ms] [LOG] [Fast Refresh] done in 44ms @ http://localhost:3001/_next/static/chunks/node_modules_next_dist_1e8vcs8._.js:776
[  284026ms] [LOG] [Fast Refresh] done in 44ms @ http://localhost:3001/_next/static/chunks/node_modules_next_dist_1e8vcs8._.js:776
[  284090ms] [LOG] [Fast Refresh] done in 44ms @ http://localhost:3001/_next/static/chunks/node_modules_next_dist_1e8vcs8._.js:776
[  284152ms] [LOG] [Fast Refresh] done in 44ms @ http://localhost:3001/_next/static/chunks/node_modules_next_dist_1e8vcs8._.js:776
[  284214ms] [LOG] [Fast Refresh] done in 44ms @ http://localhost:3001/_next/static/chunks/node_modules_next_dist_1e8vcs8._.js:776
[  284278ms] [LOG] [Fast Refresh] done in 44ms @ http://localhost:3001/_next/static/chunks/node_modules_next_dist_1e8vcs8._.js:776
[  284340ms] [LOG] [Fast Refresh] done in 44ms @ http://localhost:3001/_next/static/chunks/node_modules_next_dist_1e8vcs8._.js:776
[  284408ms] [LOG] [Fast Refresh] done in 44ms @ http://localhost:3001/_next/static/chunks/node_modules_next_dist_1e8vcs8._.js:776
[  284467ms] [LOG] [Fast Refresh] done in 44ms @ http://localhost:3001/_next/static/chunks/node_modules_next_dist_1e8vcs8._.js:776
[  284527ms] [LOG] [Fast Refresh] done in 44ms @ http://localhost:3001/_next/static/chunks/node_modules_next_dist_1e8vcs8._.js:776
[  284591ms] [LOG] [Fast Refresh] done in 44ms @ http://localhost:3001/_next/static/chunks/node_modules_next_dist_1e8vcs8._.js:776
[  284652ms] [LOG] [Fast Refresh] done in 44ms @ http://localhost:3001/_next/static/chunks/node_modules_next_dist_1e8vcs8._.js:776
[  284715ms] [LOG] [Fast Refresh] done in 44ms @ http://localhost:3001/_next/static/chunks/node_modules_next_dist_1e8vcs8._.js:776
[  284773ms] [LOG] [Fast Refresh] done in 44ms @ http://localhost:3001/_next/static/chunks/node_modules_next_dist_1e8vcs8._.js:776
[  284837ms] [LOG] [Fast Refresh] done in 44ms @ http://localhost:3001/_next/static/chunks/node_modules_next_dist_1e8vcs8._.js:776
[  284889ms] [LOG] [Fast Refresh] done in 44ms @ http://localhost:3001/_next/static/chunks/node_modules_next_dist_1e8vcs8._.js:776
[  284951ms] [LOG] [Fast Refresh] done in 44ms @ http://localhost:3001/_next/static/chunks/node_modules_next_dist_1e8vcs8._.js:776
[  285015ms] [LOG] [Fast Refresh] done in 44ms @ http://localhost:3001/_next/static/chunks/node_modules_next_dist_1e8vcs8._.js:776
[  285078ms] [LOG] [Fast Refresh] done in 44ms @ http://localhost:3001/_next/static/chunks/node_modules_next_dist_1e8vcs8._.js:776
[  285140ms] [LOG] [Fast Refresh] done in 44ms @ http://localhost:3001/_next/static/chunks/node_modules_next_dist_1e8vcs8._.js:776
[  285206ms] [LOG] [Fast Refresh] done in 44ms @ http://localhost:3001/_next/static/chunks/node_modules_next_dist_1e8vcs8._.js:776
[  285257ms] [LOG] [Fast Refresh] done in 44ms @ http://localhost:3001/_next/static/chunks/node_modules_next_dist_1e8vcs8._.js:776
[  285322ms] [LOG] [Fast Refresh] done in 44ms @ http://localhost:3001/_next/static/chunks/node_modules_next_dist_1e8vcs8._.js:776
[  285389ms] [LOG] [Fast Refresh] done in 44ms @ http://localhost:3001/_next/static/chunks/node_modules_next_dist_1e8vcs8._.js:776
[  285456ms] [LOG] [Fast Refresh] done in 44ms @ http://localhost:3001/_next/static/chunks/node_modules_next_dist_1e8vcs8._.js:776
[  285522ms] [LOG] [Fast Refresh] done in 44ms @ http://localhost:3001/_next/static/chunks/node_modules_next_dist_1e8vcs8._.js:776
[  285574ms] [LOG] [Fast Refresh] done in 44ms @ http://localhost:3001/_next/static/chunks/node_modules_next_dist_1e8vcs8._.js:776
[  285640ms] [LOG] [Fast Refresh] done in 44ms @ http://localhost:3001/_next/static/chunks/node_modules_next_dist_1e8vcs8._.js:776
[  285703ms] [LOG] [Fast Refresh] done in 44ms @ http://localhost:3001/_next/static/chunks/node_modules_next_dist_1e8vcs8._.js:776
[  285768ms] [LOG] [Fast Refresh] done in 44ms @ http://localhost:3001/_next/static/chunks/node_modules_next_dist_1e8vcs8._.js:776
[  285824ms] [LOG] [Fast Refresh] done in 44ms @ http://localhost:3001/_next/static/chunks/node_modules_next_dist_1e8vcs8._.js:776
[  285874ms] [LOG] [Fast Refresh] done in 44ms @ http://localhost:3001/_next/static/chunks/node_modules_next_dist_1e8vcs8._.js:776
[  285923ms] [LOG] [Fast Refresh] done in 44ms @ http://localhost:3001/_next/static/chunks/node_modules_next_dist_1e8vcs8._.js:776
[  285973ms] [LOG] [Fast Refresh] done in 44ms @ http://localhost:3001/_next/static/chunks/node_modules_next_dist_1e8vcs8._.js:776
[  286035ms] [LOG] [Fast Refresh] done in 44ms @ http://localhost:3001/_next/static/chunks/node_modules_next_dist_1e8vcs8._.js:776
[  286090ms] [LOG] [Fast Refresh] done in 44ms @ http://localhost:3001/_next/static/chunks/node_modules_next_dist_1e8vcs8._.js:776
[  286140ms] [LOG] [Fast Refresh] done in 44ms @ http://localhost:3001/_next/static/chunks/node_modules_next_dist_1e8vcs8._.js:776
[  286190ms] [LOG] [Fast Refresh] done in 44ms @ http://localhost:3001/_next/static/chunks/node_modules_next_dist_1e8vcs8._.js:776
[  286241ms] [LOG] [Fast Refresh] done in 44ms @ http://localhost:3001/_next/static/chunks/node_modules_next_dist_1e8vcs8._.js:776
[  286304ms] [LOG] [Fast Refresh] done in 44ms @ http://localhost:3001/_next/static/chunks/node_modules_next_dist_1e8vcs8._.js:776
[  286357ms] [LOG] [Fast Refresh] done in 44ms @ http://localhost:3001/_next/static/chunks/node_modules_next_dist_1e8vcs8._.js:776
[  286420ms] [LOG] [Fast Refresh] done in 44ms @ http://localhost:3001/_next/static/chunks/node_modules_next_dist_1e8vcs8._.js:776
[  286487ms] [LOG] [Fast Refresh] done in 44ms @ http://localhost:3001/_next/static/chunks/node_modules_next_dist_1e8vcs8._.js:776
[  286540ms] [LOG] [Fast Refresh] done in 44ms @ http://localhost:3001/_next/static/chunks/node_modules_next_dist_1e8vcs8._.js:776
[  286605ms] [LOG] [Fast Refresh] done in 44ms @ http://localhost:3001/_next/static/chunks/node_modules_next_dist_1e8vcs8._.js:776
[  286656ms] [LOG] [Fast Refresh] done in 44ms @ http://localhost:3001/_next/static/chunks/node_modules_next_dist_1e8vcs8._.js:776
[  286707ms] [LOG] [Fast Refresh] done in 44ms @ http://localhost:3001/_next/static/chunks/node_modules_next_dist_1e8vcs8._.js:776
[  286772ms] [LOG] [Fast Refresh] done in 44ms @ http://localhost:3001/_next/static/chunks/node_modules_next_dist_1e8vcs8._.js:776
[  286837ms] [LOG] [Fast Refresh] done in 44ms @ http://localhost:3001/_next/static/chunks/node_modules_next_dist_1e8vcs8._.js:776
[  286899ms] [LOG] [Fast Refresh] done in 44ms @ http://localhost:3001/_next/static/chunks/node_modules_next_dist_1e8vcs8._.js:776
[  286961ms] [LOG] [Fast Refresh] done in 44ms @ http://localhost:3001/_next/static/chunks/node_modules_next_dist_1e8vcs8._.js:776
[  287024ms] [LOG] [Fast Refresh] done in 44ms @ http://localhost:3001/_next/static/chunks/node_modules_next_dist_1e8vcs8._.js:776
[  287073ms] [LOG] [Fast Refresh] done in 44ms @ http://localhost:3001/_next/static/chunks/node_modules_next_dist_1e8vcs8._.js:776
[  287123ms] [LOG] [Fast Refresh] done in 44ms @ http://localhost:3001/_next/static/chunks/node_modules_next_dist_1e8vcs8._.js:776
[  287190ms] [LOG] [Fast Refresh] done in 44ms @ http://localhost:3001/_next/static/chunks/node_modules_next_dist_1e8vcs8._.js:776
[  287241ms] [LOG] [Fast Refresh] done in 44ms @ http://localhost:3001/_next/static/chunks/node_modules_next_dist_1e8vcs8._.js:776
[  287291ms] [LOG] [Fast Refresh] done in 44ms @ http://localhost:3001/_next/static/chunks/node_modules_next_dist_1e8vcs8._.js:776
[  287341ms] [LOG] [Fast Refresh] done in 44ms @ http://localhost:3001/_next/static/chunks/node_modules_next_dist_1e8vcs8._.js:776
[  287405ms] [LOG] [Fast Refresh] done in 44ms @ http://localhost:3001/_next/static/chunks/node_modules_next_dist_1e8vcs8._.js:776
[  287472ms] [LOG] [Fast Refresh] done in 44ms @ http://localhost:3001/_next/static/chunks/node_modules_next_dist_1e8vcs8._.js:776
[  287534ms] [LOG] [Fast Refresh] done in 44ms @ http://localhost:3001/_next/static/chunks/node_modules_next_dist_1e8vcs8._.js:776
[  287596ms] [LOG] [Fast Refresh] done in 44ms @ http://localhost:3001/_next/static/chunks/node_modules_next_dist_1e8vcs8._.js:776
[  287658ms] [LOG] [Fast Refresh] done in 44ms @ http://localhost:3001/_next/static/chunks/node_modules_next_dist_1e8vcs8._.js:776
[  287721ms] [LOG] [Fast Refresh] done in 44ms @ http://localhost:3001/_next/static/chunks/node_modules_next_dist_1e8vcs8._.js:776
[  287783ms] [LOG] [Fast Refresh] done in 44ms @ http://localhost:3001/_next/static/chunks/node_modules_next_dist_1e8vcs8._.js:776
[  287840ms] [LOG] [Fast Refresh] done in 44ms @ http://localhost:3001/_next/static/chunks/node_modules_next_dist_1e8vcs8._.js:776
[  287901ms] [LOG] [Fast Refresh] done in 44ms @ http://localhost:3001/_next/static/chunks/node_modules_next_dist_1e8vcs8._.js:776
[  287964ms] [LOG] [Fast Refresh] done in 44ms @ http://localhost:3001/_next/static/chunks/node_modules_next_dist_1e8vcs8._.js:776
[  288024ms] [LOG] [Fast Refresh] done in 44ms @ http://localhost:3001/_next/static/chunks/node_modules_next_dist_1e8vcs8._.js:776
[  288075ms] [LOG] [Fast Refresh] done in 44ms @ http://localhost:3001/_next/static/chunks/node_modules_next_dist_1e8vcs8._.js:776
[  288140ms] [LOG] [Fast Refresh] done in 44ms @ http://localhost:3001/_next/static/chunks/node_modules_next_dist_1e8vcs8._.js:776
[  288205ms] [LOG] [Fast Refresh] done in 44ms @ http://localhost:3001/_next/static/chunks/node_modules_next_dist_1e8vcs8._.js:776
[  288257ms] [LOG] [Fast Refresh] done in 44ms @ http://localhost:3001/_next/static/chunks/node_modules_next_dist_1e8vcs8._.js:776
[  288321ms] [LOG] [Fast Refresh] done in 44ms @ http://localhost:3001/_next/static/chunks/node_modules_next_dist_1e8vcs8._.js:776
[  288373ms] [LOG] [Fast Refresh] done in 44ms @ http://localhost:3001/_next/static/chunks/node_modules_next_dist_1e8vcs8._.js:776
[  288424ms] [LOG] [Fast Refresh] done in 44ms @ http://localhost:3001/_next/static/chunks/node_modules_next_dist_1e8vcs8._.js:776
[  288489ms] [LOG] [Fast Refresh] done in 44ms @ http://localhost:3001/_next/static/chunks/node_modules_next_dist_1e8vcs8._.js:776
[  288541ms] [LOG] [Fast Refresh] done in 44ms @ http://localhost:3001/_next/static/chunks/node_modules_next_dist_1e8vcs8._.js:776
[  288607ms] [LOG] [Fast Refresh] done in 44ms @ http://localhost:3001/_next/static/chunks/node_modules_next_dist_1e8vcs8._.js:776
[  288668ms] [LOG] [Fast Refresh] done in 44ms @ http://localhost:3001/_next/static/chunks/node_modules_next_dist_1e8vcs8._.js:776
[  288731ms] [LOG] [Fast Refresh] done in 44ms @ http://localhost:3001/_next/static/chunks/node_modules_next_dist_1e8vcs8._.js:776
[  288789ms] [LOG] [Fast Refresh] done in 44ms @ http://localhost:3001/_next/static/chunks/node_modules_next_dist_1e8vcs8._.js:776
[  288849ms] [LOG] [Fast Refresh] done in 44ms @ http://localhost:3001/_next/static/chunks/node_modules_next_dist_1e8vcs8._.js:776
[  288910ms] [LOG] [Fast Refresh] done in 44ms @ http://localhost:3001/_next/static/chunks/node_modules_next_dist_1e8vcs8._.js:776
[  288973ms] [LOG] [Fast Refresh] done in 44ms @ http://localhost:3001/_next/static/chunks/node_modules_next_dist_1e8vcs8._.js:776
[  289039ms] [LOG] [Fast Refresh] done in 44ms @ http://localhost:3001/_next/static/chunks/node_modules_next_dist_1e8vcs8._.js:776
[  289101ms] [LOG] [Fast Refresh] done in 44ms @ http://localhost:3001/_next/static/chunks/node_modules_next_dist_1e8vcs8._.js:776
[  289155ms] [LOG] [Fast Refresh] done in 44ms @ http://localhost:3001/_next/static/chunks/node_modules_next_dist_1e8vcs8._.js:776
[  289216ms] [LOG] [Fast Refresh] done in 44ms @ http://localhost:3001/_next/static/chunks/node_modules_next_dist_1e8vcs8._.js:776
[  289279ms] [LOG] [Fast Refresh] done in 44ms @ http://localhost:3001/_next/static/chunks/node_modules_next_dist_1e8vcs8._.js:776
[  289339ms] [LOG] [Fast Refresh] done in 44ms @ http://localhost:3001/_next/static/chunks/node_modules_next_dist_1e8vcs8._.js:776
[  289404ms] [LOG] [Fast Refresh] done in 44ms @ http://localhost:3001/_next/static/chunks/node_modules_next_dist_1e8vcs8._.js:776
[  289457ms] [LOG] [Fast Refresh] done in 44ms @ http://localhost:3001/_next/static/chunks/node_modules_next_dist_1e8vcs8._.js:776
[  289521ms] [LOG] [Fast Refresh] done in 44ms @ http://localhost:3001/_next/static/chunks/node_modules_next_dist_1e8vcs8._.js:776
[  289573ms] [LOG] [Fast Refresh] done in 44ms @ http://localhost:3001/_next/static/chunks/node_modules_next_dist_1e8vcs8._.js:776
[  289624ms] [LOG] [Fast Refresh] done in 44ms @ http://localhost:3001/_next/static/chunks/node_modules_next_dist_1e8vcs8._.js:776
[  289688ms] [LOG] [Fast Refresh] done in 44ms @ http://localhost:3001/_next/static/chunks/node_modules_next_dist_1e8vcs8._.js:776
[  289742ms] [LOG] [Fast Refresh] done in 44ms @ http://localhost:3001/_next/static/chunks/node_modules_next_dist_1e8vcs8._.js:776
[  289791ms] [LOG] [Fast Refresh] done in 44ms @ http://localhost:3001/_next/static/chunks/node_modules_next_dist_1e8vcs8._.js:776
[  289841ms] [LOG] [Fast Refresh] done in 44ms @ http://localhost:3001/_next/static/chunks/node_modules_next_dist_1e8vcs8._.js:776
[  289891ms] [LOG] [Fast Refresh] done in 44ms @ http://localhost:3001/_next/static/chunks/node_modules_next_dist_1e8vcs8._.js:776
[  289955ms] [LOG] [Fast Refresh] done in 44ms @ http://localhost:3001/_next/static/chunks/node_modules_next_dist_1e8vcs8._.js:776
[  290005ms] [LOG] [Fast Refresh] done in 44ms @ http://localhost:3001/_next/static/chunks/node_modules_next_dist_1e8vcs8._.js:776
[  290073ms] [LOG] [Fast Refresh] done in 44ms @ http://localhost:3001/_next/static/chunks/node_modules_next_dist_1e8vcs8._.js:776
[  290123ms] [LOG] [Fast Refresh] done in 44ms @ http://localhost:3001/_next/static/chunks/node_modules_next_dist_1e8vcs8._.js:776
[  290174ms] [LOG] [Fast Refresh] done in 44ms @ http://localhost:3001/_next/static/chunks/node_modules_next_dist_1e8vcs8._.js:776
[  290224ms] [LOG] [Fast Refresh] done in 44ms @ http://localhost:3001/_next/static/chunks/node_modules_next_dist_1e8vcs8._.js:776
[  290287ms] [LOG] [Fast Refresh] done in 44ms @ http://localhost:3001/_next/static/chunks/node_modules_next_dist_1e8vcs8._.js:776
[  290349ms] [LOG] [Fast Refresh] done in 44ms @ http://localhost:3001/_next/static/chunks/node_modules_next_dist_1e8vcs8._.js:776
[  290405ms] [LOG] [Fast Refresh] done in 44ms @ http://localhost:3001/_next/static/chunks/node_modules_next_dist_1e8vcs8._.js:776
[  290456ms] [LOG] [Fast Refresh] done in 44ms @ http://localhost:3001/_next/static/chunks/node_modules_next_dist_1e8vcs8._.js:776
[  290507ms] [LOG] [Fast Refresh] done in 44ms @ http://localhost:3001/_next/static/chunks/node_modules_next_dist_1e8vcs8._.js:776
[  290557ms] [LOG] [Fast Refresh] done in 44ms @ http://localhost:3001/_next/static/chunks/node_modules_next_dist_1e8vcs8._.js:776
[  290624ms] [LOG] [Fast Refresh] done in 44ms @ http://localhost:3001/_next/static/chunks/node_modules_next_dist_1e8vcs8._.js:776
[  290687ms] [LOG] [Fast Refresh] done in 44ms @ http://localhost:3001/_next/static/chunks/node_modules_next_dist_1e8vcs8._.js:776
[  290739ms] [LOG] [Fast Refresh] done in 44ms @ http://localhost:3001/_next/static/chunks/node_modules_next_dist_1e8vcs8._.js:776
[  290806ms] [LOG] [Fast Refresh] done in 44ms @ http://localhost:3001/_next/static/chunks/node_modules_next_dist_1e8vcs8._.js:776
[  290868ms] [LOG] [Fast Refresh] done in 44ms @ http://localhost:3001/_next/static/chunks/node_modules_next_dist_1e8vcs8._.js:776
[  290923ms] [LOG] [Fast Refresh] done in 44ms @ http://localhost:3001/_next/static/chunks/node_modules_next_dist_1e8vcs8._.js:776
[  290973ms] [LOG] [Fast Refresh] done in 44ms @ http://localhost:3001/_next/static/chunks/node_modules_next_dist_1e8vcs8._.js:776
[  291042ms] [LOG] [Fast Refresh] done in 44ms @ http://localhost:3001/_next/static/chunks/node_modules_next_dist_1e8vcs8._.js:776
[  291109ms] [LOG] [Fast Refresh] done in 44ms @ http://localhost:3001/_next/static/chunks/node_modules_next_dist_1e8vcs8._.js:776
[  291168ms] [LOG] [Fast Refresh] done in 44ms @ http://localhost:3001/_next/static/chunks/node_modules_next_dist_1e8vcs8._.js:776
[  291229ms] [LOG] [Fast Refresh] done in 44ms @ http://localhost:3001/_next/static/chunks/node_modules_next_dist_1e8vcs8._.js:776
[  291307ms] [LOG] [Fast Refresh] done in 44ms @ http://localhost:3001/_next/static/chunks/node_modules_next_dist_1e8vcs8._.js:776
[  291375ms] [LOG] [Fast Refresh] done in 44ms @ http://localhost:3001/_next/static/chunks/node_modules_next_dist_1e8vcs8._.js:776
[  291439ms] [LOG] [Fast Refresh] done in 44ms @ http://localhost:3001/_next/static/chunks/node_modules_next_dist_1e8vcs8._.js:776
[  291501ms] [LOG] [Fast Refresh] done in 44ms @ http://localhost:3001/_next/static/chunks/node_modules_next_dist_1e8vcs8._.js:776
[  291564ms] [LOG] [Fast Refresh] done in 44ms @ http://localhost:3001/_next/static/chunks/node_modules_next_dist_1e8vcs8._.js:776
[  291624ms] [LOG] [Fast Refresh] done in 44ms @ http://localhost:3001/_next/static/chunks/node_modules_next_dist_1e8vcs8._.js:776
[  291688ms] [LOG] [Fast Refresh] done in 44ms @ http://localhost:3001/_next/static/chunks/node_modules_next_dist_1e8vcs8._.js:776
[  291740ms] [LOG] [Fast Refresh] done in 44ms @ http://localhost:3001/_next/static/chunks/node_modules_next_dist_1e8vcs8._.js:776
[  291803ms] [LOG] [Fast Refresh] done in 44ms @ http://localhost:3001/_next/static/chunks/node_modules_next_dist_1e8vcs8._.js:776
[  291856ms] [LOG] [Fast Refresh] done in 44ms @ http://localhost:3001/_next/static/chunks/node_modules_next_dist_1e8vcs8._.js:776
[  291922ms] [LOG] [Fast Refresh] done in 44ms @ http://localhost:3001/_next/static/chunks/node_modules_next_dist_1e8vcs8._.js:776
[  291972ms] [LOG] [Fast Refresh] done in 44ms @ http://localhost:3001/_next/static/chunks/node_modules_next_dist_1e8vcs8._.js:776
[  292026ms] [LOG] [Fast Refresh] done in 44ms @ http://localhost:3001/_next/static/chunks/node_modules_next_dist_1e8vcs8._.js:776
[  292089ms] [LOG] [Fast Refresh] done in 44ms @ http://localhost:3001/_next/static/chunks/node_modules_next_dist_1e8vcs8._.js:776
[  292151ms] [LOG] [Fast Refresh] done in 44ms @ http://localhost:3001/_next/static/chunks/node_modules_next_dist_1e8vcs8._.js:776
[  292205ms] [LOG] [Fast Refresh] done in 44ms @ http://localhost:3001/_next/static/chunks/node_modules_next_dist_1e8vcs8._.js:776
[  292272ms] [LOG] [Fast Refresh] done in 44ms @ http://localhost:3001/_next/static/chunks/node_modules_next_dist_1e8vcs8._.js:776
[  292322ms] [LOG] [Fast Refresh] done in 44ms @ http://localhost:3001/_next/static/chunks/node_modules_next_dist_1e8vcs8._.js:776
[  292389ms] [LOG] [Fast Refresh] done in 44ms @ http://localhost:3001/_next/static/chunks/node_modules_next_dist_1e8vcs8._.js:776
[  292440ms] [LOG] [Fast Refresh] done in 44ms @ http://localhost:3001/_next/static/chunks/node_modules_next_dist_1e8vcs8._.js:776
[  292489ms] [LOG] [Fast Refresh] done in 44ms @ http://localhost:3001/_next/static/chunks/node_modules_next_dist_1e8vcs8._.js:776
[  292541ms] [LOG] [Fast Refresh] done in 44ms @ http://localhost:3001/_next/static/chunks/node_modules_next_dist_1e8vcs8._.js:776
[  292591ms] [LOG] [Fast Refresh] done in 44ms @ http://localhost:3001/_next/static/chunks/node_modules_next_dist_1e8vcs8._.js:776
[  292657ms] [LOG] [Fast Refresh] done in 44ms @ http://localhost:3001/_next/static/chunks/node_modules_next_dist_1e8vcs8._.js:776
[  292707ms] [LOG] [Fast Refresh] done in 44ms @ http://localhost:3001/_next/static/chunks/node_modules_next_dist_1e8vcs8._.js:776
[  292758ms] [LOG] [Fast Refresh] done in 44ms @ http://localhost:3001/_next/static/chunks/node_modules_next_dist_1e8vcs8._.js:776
[  292808ms] [LOG] [Fast Refresh] done in 44ms @ http://localhost:3001/_next/static/chunks/node_modules_next_dist_1e8vcs8._.js:776
[  292874ms] [LOG] [Fast Refresh] done in 44ms @ http://localhost:3001/_next/static/chunks/node_modules_next_dist_1e8vcs8._.js:776
[  292937ms] [LOG] [Fast Refresh] done in 44ms @ http://localhost:3001/_next/static/chunks/node_modules_next_dist_1e8vcs8._.js:776
[  292989ms] [LOG] [Fast Refresh] done in 44ms @ http://localhost:3001/_next/static/chunks/node_modules_next_dist_1e8vcs8._.js:776
[  293040ms] [LOG] [Fast Refresh] done in 44ms @ http://localhost:3001/_next/static/chunks/node_modules_next_dist_1e8vcs8._.js:776
[  293091ms] [LOG] [Fast Refresh] done in 44ms @ http://localhost:3001/_next/static/chunks/node_modules_next_dist_1e8vcs8._.js:776
[  293140ms] [LOG] [Fast Refresh] done in 44ms @ http://localhost:3001/_next/static/chunks/node_modules_next_dist_1e8vcs8._.js:776
[  293204ms] [LOG] [Fast Refresh] done in 44ms @ http://localhost:3001/_next/static/chunks/node_modules_next_dist_1e8vcs8._.js:776
[  293268ms] [LOG] [Fast Refresh] done in 44ms @ http://localhost:3001/_next/static/chunks/node_modules_next_dist_1e8vcs8._.js:776
[  293338ms] [LOG] [Fast Refresh] done in 44ms @ http://localhost:3001/_next/static/chunks/node_modules_next_dist_1e8vcs8._.js:776
[  293406ms] [LOG] [Fast Refresh] done in 44ms @ http://localhost:3001/_next/static/chunks/node_modules_next_dist_1e8vcs8._.js:776
[  293471ms] [LOG] [Fast Refresh] done in 44ms @ http://localhost:3001/_next/static/chunks/node_modules_next_dist_1e8vcs8._.js:776
[  293522ms] [LOG] [Fast Refresh] done in 44ms @ http://localhost:3001/_next/static/chunks/node_modules_next_dist_1e8vcs8._.js:776
[  293590ms] [LOG] [Fast Refresh] done in 44ms @ http://localhost:3001/_next/static/chunks/node_modules_next_dist_1e8vcs8._.js:776
[  293640ms] [LOG] [Fast Refresh] done in 44ms @ http://localhost:3001/_next/static/chunks/node_modules_next_dist_1e8vcs8._.js:776
[  293690ms] [LOG] [Fast Refresh] done in 44ms @ http://localhost:3001/_next/static/chunks/node_modules_next_dist_1e8vcs8._.js:776
[  293740ms] [LOG] [Fast Refresh] done in 44ms @ http://localhost:3001/_next/static/chunks/node_modules_next_dist_1e8vcs8._.js:776
[  293788ms] [LOG] [Fast Refresh] done in 44ms @ http://localhost:3001/_next/static/chunks/node_modules_next_dist_1e8vcs8._.js:776
[  293853ms] [LOG] [Fast Refresh] done in 44ms @ http://localhost:3001/_next/static/chunks/node_modules_next_dist_1e8vcs8._.js:776
[  293907ms] [LOG] [Fast Refresh] done in 44ms @ http://localhost:3001/_next/static/chunks/node_modules_next_dist_1e8vcs8._.js:776
[  293956ms] [LOG] [Fast Refresh] done in 44ms @ http://localhost:3001/_next/static/chunks/node_modules_next_dist_1e8vcs8._.js:776
[  294009ms] [LOG] [Fast Refresh] done in 44ms @ http://localhost:3001/_next/static/chunks/node_modules_next_dist_1e8vcs8._.js:776
[  294072ms] [LOG] [Fast Refresh] done in 44ms @ http://localhost:3001/_next/static/chunks/node_modules_next_dist_1e8vcs8._.js:776
[  294123ms] [LOG] [Fast Refresh] done in 44ms @ http://localhost:3001/_next/static/chunks/node_modules_next_dist_1e8vcs8._.js:776
[  294172ms] [LOG] [Fast Refresh] done in 44ms @ http://localhost:3001/_next/static/chunks/node_modules_next_dist_1e8vcs8._.js:776
[  294223ms] [LOG] [Fast Refresh] done in 44ms @ http://localhost:3001/_next/static/chunks/node_modules_next_dist_1e8vcs8._.js:776
[  294274ms] [LOG] [Fast Refresh] done in 44ms @ http://localhost:3001/_next/static/chunks/node_modules_next_dist_1e8vcs8._.js:776
[  294324ms] [LOG] [Fast Refresh] done in 44ms @ http://localhost:3001/_next/static/chunks/node_modules_next_dist_1e8vcs8._.js:776
[  294389ms] [LOG] [Fast Refresh] done in 44ms @ http://localhost:3001/_next/static/chunks/node_modules_next_dist_1e8vcs8._.js:776
[  294455ms] [LOG] [Fast Refresh] done in 44ms @ http://localhost:3001/_next/static/chunks/node_modules_next_dist_1e8vcs8._.js:776
[  294520ms] [LOG] [Fast Refresh] done in 44ms @ http://localhost:3001/_next/static/chunks/node_modules_next_dist_1e8vcs8._.js:776
[  294574ms] [LOG] [Fast Refresh] done in 44ms @ http://localhost:3001/_next/static/chunks/node_modules_next_dist_1e8vcs8._.js:776
[  294624ms] [LOG] [Fast Refresh] done in 44ms @ http://localhost:3001/_next/static/chunks/node_modules_next_dist_1e8vcs8._.js:776
[  294674ms] [LOG] [Fast Refresh] done in 44ms @ http://localhost:3001/_next/static/chunks/node_modules_next_dist_1e8vcs8._.js:776
[  294739ms] [LOG] [Fast Refresh] done in 44ms @ http://localhost:3001/_next/static/chunks/node_modules_next_dist_1e8vcs8._.js:776
[  294803ms] [LOG] [Fast Refresh] done in 44ms @ http://localhost:3001/_next/static/chunks/node_modules_next_dist_1e8vcs8._.js:776
[  294856ms] [LOG] [Fast Refresh] done in 44ms @ http://localhost:3001/_next/static/chunks/node_modules_next_dist_1e8vcs8._.js:776
[  294920ms] [LOG] [Fast Refresh] done in 44ms @ http://localhost:3001/_next/static/chunks/node_modules_next_dist_1e8vcs8._.js:776
[  294984ms] [LOG] [Fast Refresh] done in 44ms @ http://localhost:3001/_next/static/chunks/node_modules_next_dist_1e8vcs8._.js:776
[  295037ms] [LOG] [Fast Refresh] done in 44ms @ http://localhost:3001/_next/static/chunks/node_modules_next_dist_1e8vcs8._.js:776
[  295102ms] [LOG] [Fast Refresh] done in 44ms @ http://localhost:3001/_next/static/chunks/node_modules_next_dist_1e8vcs8._.js:776
[  295163ms] [LOG] [Fast Refresh] done in 44ms @ http://localhost:3001/_next/static/chunks/node_modules_next_dist_1e8vcs8._.js:776
[  295225ms] [LOG] [Fast Refresh] done in 44ms @ http://localhost:3001/_next/static/chunks/node_modules_next_dist_1e8vcs8._.js:776
[  295287ms] [LOG] [Fast Refresh] done in 44ms @ http://localhost:3001/_next/static/chunks/node_modules_next_dist_1e8vcs8._.js:776
[  295349ms] [LOG] [Fast Refresh] done in 44ms @ http://localhost:3001/_next/static/chunks/node_modules_next_dist_1e8vcs8._.js:776
[  295405ms] [LOG] [Fast Refresh] done in 44ms @ http://localhost:3001/_next/static/chunks/node_modules_next_dist_1e8vcs8._.js:776
[  295457ms] [LOG] [Fast Refresh] done in 44ms @ http://localhost:3001/_next/static/chunks/node_modules_next_dist_1e8vcs8._.js:776
[  295507ms] [LOG] [Fast Refresh] done in 44ms @ http://localhost:3001/_next/static/chunks/node_modules_next_dist_1e8vcs8._.js:776
[  295557ms] [LOG] [Fast Refresh] done in 44ms @ http://localhost:3001/_next/static/chunks/node_modules_next_dist_1e8vcs8._.js:776
[  295607ms] [LOG] [Fast Refresh] done in 44ms @ http://localhost:3001/_next/static/chunks/node_modules_next_dist_1e8vcs8._.js:776
[  295672ms] [LOG] [Fast Refresh] done in 44ms @ http://localhost:3001/_next/static/chunks/node_modules_next_dist_1e8vcs8._.js:776
[  295723ms] [LOG] [Fast Refresh] done in 44ms @ http://localhost:3001/_next/static/chunks/node_modules_next_dist_1e8vcs8._.js:776
[  295790ms] [LOG] [Fast Refresh] done in 44ms @ http://localhost:3001/_next/static/chunks/node_modules_next_dist_1e8vcs8._.js:776
[  295840ms] [LOG] [Fast Refresh] done in 44ms @ http://localhost:3001/_next/static/chunks/node_modules_next_dist_1e8vcs8._.js:776
[  295905ms] [LOG] [Fast Refresh] done in 44ms @ http://localhost:3001/_next/static/chunks/node_modules_next_dist_1e8vcs8._.js:776
[  295968ms] [LOG] [Fast Refresh] done in 44ms @ http://localhost:3001/_next/static/chunks/node_modules_next_dist_1e8vcs8._.js:776
[  296039ms] [LOG] [Fast Refresh] done in 44ms @ http://localhost:3001/_next/static/chunks/node_modules_next_dist_1e8vcs8._.js:776
[  296090ms] [LOG] [Fast Refresh] done in 44ms @ http://localhost:3001/_next/static/chunks/node_modules_next_dist_1e8vcs8._.js:776
[  296154ms] [LOG] [Fast Refresh] done in 44ms @ http://localhost:3001/_next/static/chunks/node_modules_next_dist_1e8vcs8._.js:776
[  296217ms] [LOG] [Fast Refresh] done in 44ms @ http://localhost:3001/_next/static/chunks/node_modules_next_dist_1e8vcs8._.js:776
[  296290ms] [LOG] [Fast Refresh] done in 44ms @ http://localhost:3001/_next/static/chunks/node_modules_next_dist_1e8vcs8._.js:776
[  296339ms] [LOG] [Fast Refresh] done in 44ms @ http://localhost:3001/_next/static/chunks/node_modules_next_dist_1e8vcs8._.js:776
[  296406ms] [LOG] [Fast Refresh] done in 44ms @ http://localhost:3001/_next/static/chunks/node_modules_next_dist_1e8vcs8._.js:776
[  296457ms] [LOG] [Fast Refresh] done in 44ms @ http://localhost:3001/_next/static/chunks/node_modules_next_dist_1e8vcs8._.js:776
[  296523ms] [LOG] [Fast Refresh] done in 44ms @ http://localhost:3001/_next/static/chunks/node_modules_next_dist_1e8vcs8._.js:776
[  296574ms] [LOG] [Fast Refresh] done in 44ms @ http://localhost:3001/_next/static/chunks/node_modules_next_dist_1e8vcs8._.js:776
[  296623ms] [LOG] [Fast Refresh] done in 44ms @ http://localhost:3001/_next/static/chunks/node_modules_next_dist_1e8vcs8._.js:776
[  296674ms] [LOG] [Fast Refresh] done in 44ms @ http://localhost:3001/_next/static/chunks/node_modules_next_dist_1e8vcs8._.js:776
[  296723ms] [LOG] [Fast Refresh] done in 44ms @ http://localhost:3001/_next/static/chunks/node_modules_next_dist_1e8vcs8._.js:776
[  296789ms] [LOG] [Fast Refresh] done in 44ms @ http://localhost:3001/_next/static/chunks/node_modules_next_dist_1e8vcs8._.js:776
[  296850ms] [LOG] [Fast Refresh] done in 44ms @ http://localhost:3001/_next/static/chunks/node_modules_next_dist_1e8vcs8._.js:776
[  296905ms] [LOG] [Fast Refresh] done in 44ms @ http://localhost:3001/_next/static/chunks/node_modules_next_dist_1e8vcs8._.js:776
[  296956ms] [LOG] [Fast Refresh] done in 44ms @ http://localhost:3001/_next/static/chunks/node_modules_next_dist_1e8vcs8._.js:776
[  297006ms] [LOG] [Fast Refresh] done in 44ms @ http://localhost:3001/_next/static/chunks/node_modules_next_dist_1e8vcs8._.js:776
[  297058ms] [LOG] [Fast Refresh] done in 44ms @ http://localhost:3001/_next/static/chunks/node_modules_next_dist_1e8vcs8._.js:776
[  297108ms] [LOG] [Fast Refresh] done in 44ms @ http://localhost:3001/_next/static/chunks/node_modules_next_dist_1e8vcs8._.js:776
[  297172ms] [LOG] [Fast Refresh] done in 44ms @ http://localhost:3001/_next/static/chunks/node_modules_next_dist_1e8vcs8._.js:776
[  297239ms] [LOG] [Fast Refresh] done in 44ms @ http://localhost:3001/_next/static/chunks/node_modules_next_dist_1e8vcs8._.js:776
[  297288ms] [LOG] [Fast Refresh] done in 44ms @ http://localhost:3001/_next/static/chunks/node_modules_next_dist_1e8vcs8._.js:776
[  297353ms] [LOG] [Fast Refresh] done in 44ms @ http://localhost:3001/_next/static/chunks/node_modules_next_dist_1e8vcs8._.js:776
[  297408ms] [LOG] [Fast Refresh] done in 44ms @ http://localhost:3001/_next/static/chunks/node_modules_next_dist_1e8vcs8._.js:776
[  297473ms] [LOG] [Fast Refresh] done in 44ms @ http://localhost:3001/_next/static/chunks/node_modules_next_dist_1e8vcs8._.js:776
[  297539ms] [LOG] [Fast Refresh] done in 44ms @ http://localhost:3001/_next/static/chunks/node_modules_next_dist_1e8vcs8._.js:776
[  297588ms] [LOG] [Fast Refresh] done in 44ms @ http://localhost:3001/_next/static/chunks/node_modules_next_dist_1e8vcs8._.js:776
[  297640ms] [LOG] [Fast Refresh] done in 44ms @ http://localhost:3001/_next/static/chunks/node_modules_next_dist_1e8vcs8._.js:776
[  297691ms] [LOG] [Fast Refresh] done in 44ms @ http://localhost:3001/_next/static/chunks/node_modules_next_dist_1e8vcs8._.js:776
[  297740ms] [LOG] [Fast Refresh] done in 44ms @ http://localhost:3001/_next/static/chunks/node_modules_next_dist_1e8vcs8._.js:776
[  297790ms] [LOG] [Fast Refresh] done in 44ms @ http://localhost:3001/_next/static/chunks/node_modules_next_dist_1e8vcs8._.js:776
[  297840ms] [LOG] [Fast Refresh] done in 44ms @ http://localhost:3001/_next/static/chunks/node_modules_next_dist_1e8vcs8._.js:776
[  297905ms] [LOG] [Fast Refresh] done in 44ms @ http://localhost:3001/_next/static/chunks/node_modules_next_dist_1e8vcs8._.js:776
[  297958ms] [LOG] [Fast Refresh] done in 44ms @ http://localhost:3001/_next/static/chunks/node_modules_next_dist_1e8vcs8._.js:776
[  298008ms] [LOG] [Fast Refresh] done in 44ms @ http://localhost:3001/_next/static/chunks/node_modules_next_dist_1e8vcs8._.js:776
[  298073ms] [LOG] [Fast Refresh] done in 44ms @ http://localhost:3001/_next/static/chunks/node_modules_next_dist_1e8vcs8._.js:776
[  298124ms] [LOG] [Fast Refresh] done in 44ms @ http://localhost:3001/_next/static/chunks/node_modules_next_dist_1e8vcs8._.js:776
[  298190ms] [LOG] [Fast Refresh] done in 44ms @ http://localhost:3001/_next/static/chunks/node_modules_next_dist_1e8vcs8._.js:776
[  298255ms] [LOG] [Fast Refresh] done in 44ms @ http://localhost:3001/_next/static/chunks/node_modules_next_dist_1e8vcs8._.js:776
[  298306ms] [LOG] [Fast Refresh] done in 44ms @ http://localhost:3001/_next/static/chunks/node_modules_next_dist_1e8vcs8._.js:776
[  298357ms] [LOG] [Fast Refresh] done in 44ms @ http://localhost:3001/_next/static/chunks/node_modules_next_dist_1e8vcs8._.js:776
[  298422ms] [LOG] [Fast Refresh] done in 44ms @ http://localhost:3001/_next/static/chunks/node_modules_next_dist_1e8vcs8._.js:776
[  298483ms] [LOG] [Fast Refresh] done in 44ms @ http://localhost:3001/_next/static/chunks/node_modules_next_dist_1e8vcs8._.js:776
[  298540ms] [LOG] [Fast Refresh] done in 44ms @ http://localhost:3001/_next/static/chunks/node_modules_next_dist_1e8vcs8._.js:776
[  298590ms] [LOG] [Fast Refresh] done in 44ms @ http://localhost:3001/_next/static/chunks/node_modules_next_dist_1e8vcs8._.js:776
[  298642ms] [LOG] [Fast Refresh] done in 44ms @ http://localhost:3001/_next/static/chunks/node_modules_next_dist_1e8vcs8._.js:776
[  298705ms] [LOG] [Fast Refresh] done in 44ms @ http://localhost:3001/_next/static/chunks/node_modules_next_dist_1e8vcs8._.js:776
[  298773ms] [LOG] [Fast Refresh] done in 44ms @ http://localhost:3001/_next/static/chunks/node_modules_next_dist_1e8vcs8._.js:776
[  298837ms] [LOG] [Fast Refresh] done in 44ms @ http://localhost:3001/_next/static/chunks/node_modules_next_dist_1e8vcs8._.js:776
[  298890ms] [LOG] [Fast Refresh] done in 44ms @ http://localhost:3001/_next/static/chunks/node_modules_next_dist_1e8vcs8._.js:776
[  298941ms] [LOG] [Fast Refresh] done in 44ms @ http://localhost:3001/_next/static/chunks/node_modules_next_dist_1e8vcs8._.js:776
[  299003ms] [LOG] [Fast Refresh] done in 44ms @ http://localhost:3001/_next/static/chunks/node_modules_next_dist_1e8vcs8._.js:776
[  299072ms] [LOG] [Fast Refresh] done in 44ms @ http://localhost:3001/_next/static/chunks/node_modules_next_dist_1e8vcs8._.js:776
[  299133ms] [LOG] [Fast Refresh] done in 44ms @ http://localhost:3001/_next/static/chunks/node_modules_next_dist_1e8vcs8._.js:776
[  299190ms] [LOG] [Fast Refresh] done in 44ms @ http://localhost:3001/_next/static/chunks/node_modules_next_dist_1e8vcs8._.js:776
[  299255ms] [LOG] [Fast Refresh] done in 44ms @ http://localhost:3001/_next/static/chunks/node_modules_next_dist_1e8vcs8._.js:776
[  299307ms] [LOG] [Fast Refresh] done in 44ms @ http://localhost:3001/_next/static/chunks/node_modules_next_dist_1e8vcs8._.js:776
[  299356ms] [LOG] [Fast Refresh] done in 44ms @ http://localhost:3001/_next/static/chunks/node_modules_next_dist_1e8vcs8._.js:776
[  299407ms] [LOG] [Fast Refresh] done in 44ms @ http://localhost:3001/_next/static/chunks/node_modules_next_dist_1e8vcs8._.js:776
[  299472ms] [LOG] [Fast Refresh] done in 44ms @ http://localhost:3001/_next/static/chunks/node_modules_next_dist_1e8vcs8._.js:776
[  299534ms] [LOG] [Fast Refresh] done in 44ms @ http://localhost:3001/_next/static/chunks/node_modules_next_dist_1e8vcs8._.js:776
[  299595ms] [LOG] [Fast Refresh] done in 44ms @ http://localhost:3001/_next/static/chunks/node_modules_next_dist_1e8vcs8._.js:776
[  299659ms] [LOG] [Fast Refresh] done in 44ms @ http://localhost:3001/_next/static/chunks/node_modules_next_dist_1e8vcs8._.js:776
[  299724ms] [LOG] [Fast Refresh] done in 44ms @ http://localhost:3001/_next/static/chunks/node_modules_next_dist_1e8vcs8._.js:776
[  299786ms] [LOG] [Fast Refresh] done in 44ms @ http://localhost:3001/_next/static/chunks/node_modules_next_dist_1e8vcs8._.js:776
[  299862ms] [LOG] [Fast Refresh] done in 44ms @ http://localhost:3001/_next/static/chunks/node_modules_next_dist_1e8vcs8._.js:776
[  299923ms] [LOG] [Fast Refresh] done in 44ms @ http://localhost:3001/_next/static/chunks/node_modules_next_dist_1e8vcs8._.js:776
[  299972ms] [LOG] [Fast Refresh] done in 44ms @ http://localhost:3001/_next/static/chunks/node_modules_next_dist_1e8vcs8._.js:776
[  300041ms] [LOG] [Fast Refresh] done in 44ms @ http://localhost:3001/_next/static/chunks/node_modules_next_dist_1e8vcs8._.js:776
[  300090ms] [LOG] [Fast Refresh] done in 44ms @ http://localhost:3001/_next/static/chunks/node_modules_next_dist_1e8vcs8._.js:776
[  300141ms] [LOG] [Fast Refresh] done in 44ms @ http://localhost:3001/_next/static/chunks/node_modules_next_dist_1e8vcs8._.js:776
[  300191ms] [LOG] [Fast Refresh] done in 44ms @ http://localhost:3001/_next/static/chunks/node_modules_next_dist_1e8vcs8._.js:776
[  300241ms] [LOG] [Fast Refresh] done in 44ms @ http://localhost:3001/_next/static/chunks/node_modules_next_dist_1e8vcs8._.js:776
[  300302ms] [LOG] [Fast Refresh] done in 44ms @ http://localhost:3001/_next/static/chunks/node_modules_next_dist_1e8vcs8._.js:776
[  300356ms] [LOG] [Fast Refresh] done in 44ms @ http://localhost:3001/_next/static/chunks/node_modules_next_dist_1e8vcs8._.js:776
[  300423ms] [LOG] [Fast Refresh] done in 44ms @ http://localhost:3001/_next/static/chunks/node_modules_next_dist_1e8vcs8._.js:776
[  300473ms] [LOG] [Fast Refresh] done in 44ms @ http://localhost:3001/_next/static/chunks/node_modules_next_dist_1e8vcs8._.js:776
[  300541ms] [LOG] [Fast Refresh] done in 44ms @ http://localhost:3001/_next/static/chunks/node_modules_next_dist_1e8vcs8._.js:776
[  300602ms] [LOG] [Fast Refresh] done in 44ms @ http://localhost:3001/_next/static/chunks/node_modules_next_dist_1e8vcs8._.js:776
[  300657ms] [LOG] [Fast Refresh] done in 44ms @ http://localhost:3001/_next/static/chunks/node_modules_next_dist_1e8vcs8._.js:776
[  300708ms] [LOG] [Fast Refresh] done in 44ms @ http://localhost:3001/_next/static/chunks/node_modules_next_dist_1e8vcs8._.js:776
[  300773ms] [LOG] [Fast Refresh] done in 44ms @ http://localhost:3001/_next/static/chunks/node_modules_next_dist_1e8vcs8._.js:776
[  300835ms] [LOG] [Fast Refresh] done in 44ms @ http://localhost:3001/_next/static/chunks/node_modules_next_dist_1e8vcs8._.js:776
[  300897ms] [LOG] [Fast Refresh] done in 44ms @ http://localhost:3001/_next/static/chunks/node_modules_next_dist_1e8vcs8._.js:776
[  300955ms] [LOG] [Fast Refresh] done in 44ms @ http://localhost:3001/_next/static/chunks/node_modules_next_dist_1e8vcs8._.js:776
[  301021ms] [LOG] [Fast Refresh] done in 44ms @ http://localhost:3001/_next/static/chunks/node_modules_next_dist_1e8vcs8._.js:776
[  301072ms] [LOG] [Fast Refresh] done in 44ms @ http://localhost:3001/_next/static/chunks/node_modules_next_dist_1e8vcs8._.js:776
[  301136ms] [LOG] [Fast Refresh] done in 44ms @ http://localhost:3001/_next/static/chunks/node_modules_next_dist_1e8vcs8._.js:776
[  301192ms] [LOG] [Fast Refresh] done in 44ms @ http://localhost:3001/_next/static/chunks/node_modules_next_dist_1e8vcs8._.js:776
[  301253ms] [LOG] [Fast Refresh] done in 44ms @ http://localhost:3001/_next/static/chunks/node_modules_next_dist_1e8vcs8._.js:776
[  301306ms] [LOG] [Fast Refresh] done in 44ms @ http://localhost:3001/_next/static/chunks/node_modules_next_dist_1e8vcs8._.js:776
[  301357ms] [LOG] [Fast Refresh] done in 44ms @ http://localhost:3001/_next/static/chunks/node_modules_next_dist_1e8vcs8._.js:776
[  301420ms] [LOG] [Fast Refresh] done in 44ms @ http://localhost:3001/_next/static/chunks/node_modules_next_dist_1e8vcs8._.js:776
[  301483ms] [LOG] [Fast Refresh] done in 44ms @ http://localhost:3001/_next/static/chunks/node_modules_next_dist_1e8vcs8._.js:776
[  301540ms] [LOG] [Fast Refresh] done in 44ms @ http://localhost:3001/_next/static/chunks/node_modules_next_dist_1e8vcs8._.js:776
[  301591ms] [LOG] [Fast Refresh] done in 44ms @ http://localhost:3001/_next/static/chunks/node_modules_next_dist_1e8vcs8._.js:776
[  301641ms] [LOG] [Fast Refresh] done in 44ms @ http://localhost:3001/_next/static/chunks/node_modules_next_dist_1e8vcs8._.js:776
[  301707ms] [LOG] [Fast Refresh] done in 44ms @ http://localhost:3001/_next/static/chunks/node_modules_next_dist_1e8vcs8._.js:776
[  301770ms] [LOG] [Fast Refresh] done in 44ms @ http://localhost:3001/_next/static/chunks/node_modules_next_dist_1e8vcs8._.js:776
[  301825ms] [LOG] [Fast Refresh] done in 44ms @ http://localhost:3001/_next/static/chunks/node_modules_next_dist_1e8vcs8._.js:776
[  301887ms] [LOG] [Fast Refresh] done in 44ms @ http://localhost:3001/_next/static/chunks/node_modules_next_dist_1e8vcs8._.js:776
[  301940ms] [LOG] [Fast Refresh] done in 44ms @ http://localhost:3001/_next/static/chunks/node_modules_next_dist_1e8vcs8._.js:776
[  302017ms] [LOG] [Fast Refresh] done in 44ms @ http://localhost:3001/_next/static/chunks/node_modules_next_dist_1e8vcs8._.js:776
[  302080ms] [LOG] [Fast Refresh] done in 44ms @ http://localhost:3001/_next/static/chunks/node_modules_next_dist_1e8vcs8._.js:776
[  302139ms] [LOG] [Fast Refresh] done in 44ms @ http://localhost:3001/_next/static/chunks/node_modules_next_dist_1e8vcs8._.js:776
[  302224ms] [LOG] [Fast Refresh] done in 44ms @ http://localhost:3001/_next/static/chunks/node_modules_next_dist_1e8vcs8._.js:776
[  302284ms] [LOG] [Fast Refresh] done in 44ms @ http://localhost:3001/_next/static/chunks/node_modules_next_dist_1e8vcs8._.js:776
[  302339ms] [LOG] [Fast Refresh] done in 44ms @ http://localhost:3001/_next/static/chunks/node_modules_next_dist_1e8vcs8._.js:776
[  302402ms] [LOG] [Fast Refresh] done in 44ms @ http://localhost:3001/_next/static/chunks/node_modules_next_dist_1e8vcs8._.js:776
[  302464ms] [LOG] [Fast Refresh] done in 44ms @ http://localhost:3001/_next/static/chunks/node_modules_next_dist_1e8vcs8._.js:776
[  302526ms] [LOG] [Fast Refresh] done in 44ms @ http://localhost:3001/_next/static/chunks/node_modules_next_dist_1e8vcs8._.js:776
[  302588ms] [LOG] [Fast Refresh] done in 44ms @ http://localhost:3001/_next/static/chunks/node_modules_next_dist_1e8vcs8._.js:776
[  302650ms] [LOG] [Fast Refresh] done in 44ms @ http://localhost:3001/_next/static/chunks/node_modules_next_dist_1e8vcs8._.js:776
[  302705ms] [LOG] [Fast Refresh] done in 44ms @ http://localhost:3001/_next/static/chunks/node_modules_next_dist_1e8vcs8._.js:776
[  302772ms] [LOG] [Fast Refresh] done in 44ms @ http://localhost:3001/_next/static/chunks/node_modules_next_dist_1e8vcs8._.js:776
[  302823ms] [LOG] [Fast Refresh] done in 44ms @ http://localhost:3001/_next/static/chunks/node_modules_next_dist_1e8vcs8._.js:776
[  302874ms] [LOG] [Fast Refresh] done in 44ms @ http://localhost:3001/_next/static/chunks/node_modules_next_dist_1e8vcs8._.js:776
[  302939ms] [LOG] [Fast Refresh] done in 44ms @ http://localhost:3001/_next/static/chunks/node_modules_next_dist_1e8vcs8._.js:776
[  303005ms] [LOG] [Fast Refresh] done in 44ms @ http://localhost:3001/_next/static/chunks/node_modules_next_dist_1e8vcs8._.js:776
[  303056ms] [LOG] [Fast Refresh] done in 44ms @ http://localhost:3001/_next/static/chunks/node_modules_next_dist_1e8vcs8._.js:776
[  303105ms] [LOG] [Fast Refresh] done in 44ms @ http://localhost:3001/_next/static/chunks/node_modules_next_dist_1e8vcs8._.js:776
[  303170ms] [LOG] [Fast Refresh] done in 44ms @ http://localhost:3001/_next/static/chunks/node_modules_next_dist_1e8vcs8._.js:776
[  303223ms] [LOG] [Fast Refresh] done in 44ms @ http://localhost:3001/_next/static/chunks/node_modules_next_dist_1e8vcs8._.js:776
[  303288ms] [LOG] [Fast Refresh] done in 44ms @ http://localhost:3001/_next/static/chunks/node_modules_next_dist_1e8vcs8._.js:776
[  303351ms] [LOG] [Fast Refresh] done in 44ms @ http://localhost:3001/_next/static/chunks/node_modules_next_dist_1e8vcs8._.js:776
[  303413ms] [LOG] [Fast Refresh] done in 44ms @ http://localhost:3001/_next/static/chunks/node_modules_next_dist_1e8vcs8._.js:776
[  303477ms] [LOG] [Fast Refresh] done in 44ms @ http://localhost:3001/_next/static/chunks/node_modules_next_dist_1e8vcs8._.js:776
[  303537ms] [LOG] [Fast Refresh] done in 44ms @ http://localhost:3001/_next/static/chunks/node_modules_next_dist_1e8vcs8._.js:776
[  303599ms] [LOG] [Fast Refresh] done in 44ms @ http://localhost:3001/_next/static/chunks/node_modules_next_dist_1e8vcs8._.js:776
[  303662ms] [LOG] [Fast Refresh] done in 44ms @ http://localhost:3001/_next/static/chunks/node_modules_next_dist_1e8vcs8._.js:776
[  303724ms] [LOG] [Fast Refresh] done in 44ms @ http://localhost:3001/_next/static/chunks/node_modules_next_dist_1e8vcs8._.js:776
[  303786ms] [LOG] [Fast Refresh] done in 44ms @ http://localhost:3001/_next/static/chunks/node_modules_next_dist_1e8vcs8._.js:776
[  303848ms] [LOG] [Fast Refresh] done in 44ms @ http://localhost:3001/_next/static/chunks/node_modules_next_dist_1e8vcs8._.js:776
[  303905ms] [LOG] [Fast Refresh] done in 44ms @ http://localhost:3001/_next/static/chunks/node_modules_next_dist_1e8vcs8._.js:776
[  303972ms] [LOG] [Fast Refresh] done in 44ms @ http://localhost:3001/_next/static/chunks/node_modules_next_dist_1e8vcs8._.js:776
[  304023ms] [LOG] [Fast Refresh] done in 44ms @ http://localhost:3001/_next/static/chunks/node_modules_next_dist_1e8vcs8._.js:776
[  304074ms] [LOG] [Fast Refresh] done in 44ms @ http://localhost:3001/_next/static/chunks/node_modules_next_dist_1e8vcs8._.js:776
[  304124ms] [LOG] [Fast Refresh] done in 44ms @ http://localhost:3001/_next/static/chunks/node_modules_next_dist_1e8vcs8._.js:776
[  304174ms] [LOG] [Fast Refresh] done in 44ms @ http://localhost:3001/_next/static/chunks/node_modules_next_dist_1e8vcs8._.js:776
[  304224ms] [LOG] [Fast Refresh] done in 44ms @ http://localhost:3001/_next/static/chunks/node_modules_next_dist_1e8vcs8._.js:776
[  304289ms] [LOG] [Fast Refresh] done in 44ms @ http://localhost:3001/_next/static/chunks/node_modules_next_dist_1e8vcs8._.js:776
[  304353ms] [LOG] [Fast Refresh] done in 44ms @ http://localhost:3001/_next/static/chunks/node_modules_next_dist_1e8vcs8._.js:776
[  304407ms] [LOG] [Fast Refresh] done in 44ms @ http://localhost:3001/_next/static/chunks/node_modules_next_dist_1e8vcs8._.js:776
[  304457ms] [LOG] [Fast Refresh] done in 44ms @ http://localhost:3001/_next/static/chunks/node_modules_next_dist_1e8vcs8._.js:776
[  304508ms] [LOG] [Fast Refresh] done in 44ms @ http://localhost:3001/_next/static/chunks/node_modules_next_dist_1e8vcs8._.js:776
[  304559ms] [LOG] [Fast Refresh] done in 44ms @ http://localhost:3001/_next/static/chunks/node_modules_next_dist_1e8vcs8._.js:776
[  304622ms] [LOG] [Fast Refresh] done in 44ms @ http://localhost:3001/_next/static/chunks/node_modules_next_dist_1e8vcs8._.js:776
[  304675ms] [LOG] [Fast Refresh] done in 44ms @ http://localhost:3001/_next/static/chunks/node_modules_next_dist_1e8vcs8._.js:776
[  304739ms] [LOG] [Fast Refresh] done in 44ms @ http://localhost:3001/_next/static/chunks/node_modules_next_dist_1e8vcs8._.js:776
[  304790ms] [LOG] [Fast Refresh] done in 44ms @ http://localhost:3001/_next/static/chunks/node_modules_next_dist_1e8vcs8._.js:776
[  304840ms] [LOG] [Fast Refresh] done in 44ms @ http://localhost:3001/_next/static/chunks/node_modules_next_dist_1e8vcs8._.js:776
[  304903ms] [LOG] [Fast Refresh] done in 44ms @ http://localhost:3001/_next/static/chunks/node_modules_next_dist_1e8vcs8._.js:776
[  304957ms] [LOG] [Fast Refresh] done in 44ms @ http://localhost:3001/_next/static/chunks/node_modules_next_dist_1e8vcs8._.js:776
[  305006ms] [LOG] [Fast Refresh] done in 44ms @ http://localhost:3001/_next/static/chunks/node_modules_next_dist_1e8vcs8._.js:776
[  305057ms] [LOG] [Fast Refresh] done in 44ms @ http://localhost:3001/_next/static/chunks/node_modules_next_dist_1e8vcs8._.js:776
[  305122ms] [LOG] [Fast Refresh] done in 44ms @ http://localhost:3001/_next/static/chunks/node_modules_next_dist_1e8vcs8._.js:776
[  305173ms] [LOG] [Fast Refresh] done in 44ms @ http://localhost:3001/_next/static/chunks/node_modules_next_dist_1e8vcs8._.js:776
[  305224ms] [LOG] [Fast Refresh] done in 44ms @ http://localhost:3001/_next/static/chunks/node_modules_next_dist_1e8vcs8._.js:776
[  305275ms] [LOG] [Fast Refresh] done in 44ms @ http://localhost:3001/_next/static/chunks/node_modules_next_dist_1e8vcs8._.js:776
[  305324ms] [LOG] [Fast Refresh] done in 44ms @ http://localhost:3001/_next/static/chunks/node_modules_next_dist_1e8vcs8._.js:776
[  305386ms] [LOG] [Fast Refresh] done in 44ms @ http://localhost:3001/_next/static/chunks/node_modules_next_dist_1e8vcs8._.js:776
[  305437ms] [LOG] [Fast Refresh] done in 44ms @ http://localhost:3001/_next/static/chunks/node_modules_next_dist_1e8vcs8._.js:776
[  305500ms] [LOG] [Fast Refresh] done in 44ms @ http://localhost:3001/_next/static/chunks/node_modules_next_dist_1e8vcs8._.js:776
[  305557ms] [LOG] [Fast Refresh] done in 44ms @ http://localhost:3001/_next/static/chunks/node_modules_next_dist_1e8vcs8._.js:776
[  305620ms] [LOG] [Fast Refresh] done in 44ms @ http://localhost:3001/_next/static/chunks/node_modules_next_dist_1e8vcs8._.js:776
[  305686ms] [LOG] [Fast Refresh] done in 44ms @ http://localhost:3001/_next/static/chunks/node_modules_next_dist_1e8vcs8._.js:776
[  305740ms] [LOG] [Fast Refresh] done in 44ms @ http://localhost:3001/_next/static/chunks/node_modules_next_dist_1e8vcs8._.js:776
[  305791ms] [LOG] [Fast Refresh] done in 44ms @ http://localhost:3001/_next/static/chunks/node_modules_next_dist_1e8vcs8._.js:776
[  305839ms] [LOG] [Fast Refresh] done in 44ms @ http://localhost:3001/_next/static/chunks/node_modules_next_dist_1e8vcs8._.js:776
[  305890ms] [LOG] [Fast Refresh] done in 44ms @ http://localhost:3001/_next/static/chunks/node_modules_next_dist_1e8vcs8._.js:776
[  305952ms] [LOG] [Fast Refresh] done in 44ms @ http://localhost:3001/_next/static/chunks/node_modules_next_dist_1e8vcs8._.js:776
[  306007ms] [LOG] [Fast Refresh] done in 44ms @ http://localhost:3001/_next/static/chunks/node_modules_next_dist_1e8vcs8._.js:776
[  306070ms] [LOG] [Fast Refresh] done in 44ms @ http://localhost:3001/_next/static/chunks/node_modules_next_dist_1e8vcs8._.js:776
[  306131ms] [LOG] [Fast Refresh] done in 44ms @ http://localhost:3001/_next/static/chunks/node_modules_next_dist_1e8vcs8._.js:776
[  306194ms] [LOG] [Fast Refresh] done in 44ms @ http://localhost:3001/_next/static/chunks/node_modules_next_dist_1e8vcs8._.js:776
[  306257ms] [LOG] [Fast Refresh] done in 44ms @ http://localhost:3001/_next/static/chunks/node_modules_next_dist_1e8vcs8._.js:776
[  306321ms] [LOG] [Fast Refresh] done in 44ms @ http://localhost:3001/_next/static/chunks/node_modules_next_dist_1e8vcs8._.js:776
[  306383ms] [LOG] [Fast Refresh] done in 44ms @ http://localhost:3001/_next/static/chunks/node_modules_next_dist_1e8vcs8._.js:776
[  306447ms] [LOG] [Fast Refresh] done in 44ms @ http://localhost:3001/_next/static/chunks/node_modules_next_dist_1e8vcs8._.js:776
[  306524ms] [LOG] [Fast Refresh] done in 44ms @ http://localhost:3001/_next/static/chunks/node_modules_next_dist_1e8vcs8._.js:776
[  306590ms] [LOG] [Fast Refresh] done in 44ms @ http://localhost:3001/_next/static/chunks/node_modules_next_dist_1e8vcs8._.js:776
[  306640ms] [LOG] [Fast Refresh] done in 44ms @ http://localhost:3001/_next/static/chunks/node_modules_next_dist_1e8vcs8._.js:776
[  306704ms] [LOG] [Fast Refresh] done in 44ms @ http://localhost:3001/_next/static/chunks/node_modules_next_dist_1e8vcs8._.js:776
[  306767ms] [LOG] [Fast Refresh] done in 44ms @ http://localhost:3001/_next/static/chunks/node_modules_next_dist_1e8vcs8._.js:776
[  306822ms] [LOG] [Fast Refresh] done in 44ms @ http://localhost:3001/_next/static/chunks/node_modules_next_dist_1e8vcs8._.js:776
[  339156ms] [LOG] [Fast Refresh] rebuilding @ http://localhost:3001/_next/static/chunks/node_modules_next_dist_1e8vcs8._.js:776
[  339258ms] [LOG] [Fast Refresh] done in 155ms @ http://localhost:3001/_next/static/chunks/node_modules_next_dist_1e8vcs8._.js:776
[  339314ms] [LOG] [Fast Refresh] done in 155ms @ http://localhost:3001/_next/static/chunks/node_modules_next_dist_1e8vcs8._.js:776
[  339375ms] [LOG] [Fast Refresh] done in 155ms @ http://localhost:3001/_next/static/chunks/node_modules_next_dist_1e8vcs8._.js:776
[  339438ms] [LOG] [Fast Refresh] done in 155ms @ http://localhost:3001/_next/static/chunks/node_modules_next_dist_1e8vcs8._.js:776
[  339492ms] [LOG] [Fast Refresh] done in 155ms @ http://localhost:3001/_next/static/chunks/node_modules_next_dist_1e8vcs8._.js:776
[  339571ms] [LOG] [Fast Refresh] done in 155ms @ http://localhost:3001/_next/static/chunks/node_modules_next_dist_1e8vcs8._.js:776
[  339624ms] [LOG] [Fast Refresh] done in 155ms @ http://localhost:3001/_next/static/chunks/node_modules_next_dist_1e8vcs8._.js:776
[  339687ms] [LOG] [Fast Refresh] done in 155ms @ http://localhost:3001/_next/static/chunks/node_modules_next_dist_1e8vcs8._.js:776
[  339750ms] [LOG] [Fast Refresh] done in 155ms @ http://localhost:3001/_next/static/chunks/node_modules_next_dist_1e8vcs8._.js:776
[  339814ms] [LOG] [Fast Refresh] done in 155ms @ http://localhost:3001/_next/static/chunks/node_modules_next_dist_1e8vcs8._.js:776
[  339881ms] [LOG] [Fast Refresh] done in 155ms @ http://localhost:3001/_next/static/chunks/node_modules_next_dist_1e8vcs8._.js:776
[  339939ms] [LOG] [Fast Refresh] done in 155ms @ http://localhost:3001/_next/static/chunks/node_modules_next_dist_1e8vcs8._.js:776
[  340003ms] [LOG] [Fast Refresh] done in 155ms @ http://localhost:3001/_next/static/chunks/node_modules_next_dist_1e8vcs8._.js:776
[  340063ms] [LOG] [Fast Refresh] done in 155ms @ http://localhost:3001/_next/static/chunks/node_modules_next_dist_1e8vcs8._.js:776
[  340126ms] [LOG] [Fast Refresh] done in 155ms @ http://localhost:3001/_next/static/chunks/node_modules_next_dist_1e8vcs8._.js:776
[  340189ms] [LOG] [Fast Refresh] done in 155ms @ http://localhost:3001/_next/static/chunks/node_modules_next_dist_1e8vcs8._.js:776
[  340240ms] [LOG] [Fast Refresh] done in 155ms @ http://localhost:3001/_next/static/chunks/node_modules_next_dist_1e8vcs8._.js:776
[  340306ms] [LOG] [Fast Refresh] done in 155ms @ http://localhost:3001/_next/static/chunks/node_modules_next_dist_1e8vcs8._.js:776
[  340371ms] [LOG] [Fast Refresh] done in 155ms @ http://localhost:3001/_next/static/chunks/node_modules_next_dist_1e8vcs8._.js:776
[  340433ms] [LOG] [Fast Refresh] done in 155ms @ http://localhost:3001/_next/static/chunks/node_modules_next_dist_1e8vcs8._.js:776
[  340488ms] [LOG] [Fast Refresh] done in 155ms @ http://localhost:3001/_next/static/chunks/node_modules_next_dist_1e8vcs8._.js:776
[  340539ms] [LOG] [Fast Refresh] done in 155ms @ http://localhost:3001/_next/static/chunks/node_modules_next_dist_1e8vcs8._.js:776
[  340590ms] [LOG] [Fast Refresh] done in 155ms @ http://localhost:3001/_next/static/chunks/node_modules_next_dist_1e8vcs8._.js:776
[  340653ms] [LOG] [Fast Refresh] done in 155ms @ http://localhost:3001/_next/static/chunks/node_modules_next_dist_1e8vcs8._.js:776
[  340708ms] [LOG] [Fast Refresh] done in 155ms @ http://localhost:3001/_next/static/chunks/node_modules_next_dist_1e8vcs8._.js:776
[  340755ms] [LOG] [Fast Refresh] done in 155ms @ http://localhost:3001/_next/static/chunks/node_modules_next_dist_1e8vcs8._.js:776
[  340820ms] [LOG] [Fast Refresh] done in 155ms @ http://localhost:3001/_next/static/chunks/node_modules_next_dist_1e8vcs8._.js:776
[  340873ms] [LOG] [Fast Refresh] done in 155ms @ http://localhost:3001/_next/static/chunks/node_modules_next_dist_1e8vcs8._.js:776
[  340923ms] [LOG] [Fast Refresh] done in 155ms @ http://localhost:3001/_next/static/chunks/node_modules_next_dist_1e8vcs8._.js:776
[  340973ms] [LOG] [Fast Refresh] done in 155ms @ http://localhost:3001/_next/static/chunks/node_modules_next_dist_1e8vcs8._.js:776
[  341023ms] [LOG] [Fast Refresh] done in 155ms @ http://localhost:3001/_next/static/chunks/node_modules_next_dist_1e8vcs8._.js:776
[  341073ms] [LOG] [Fast Refresh] done in 155ms @ http://localhost:3001/_next/static/chunks/node_modules_next_dist_1e8vcs8._.js:776
[  341123ms] [LOG] [Fast Refresh] done in 155ms @ http://localhost:3001/_next/static/chunks/node_modules_next_dist_1e8vcs8._.js:776
[  341173ms] [LOG] [Fast Refresh] done in 155ms @ http://localhost:3001/_next/static/chunks/node_modules_next_dist_1e8vcs8._.js:776
[  341238ms] [LOG] [Fast Refresh] done in 155ms @ http://localhost:3001/_next/static/chunks/node_modules_next_dist_1e8vcs8._.js:776
[  341306ms] [LOG] [Fast Refresh] done in 155ms @ http://localhost:3001/_next/static/chunks/node_modules_next_dist_1e8vcs8._.js:776
[  341372ms] [LOG] [Fast Refresh] done in 155ms @ http://localhost:3001/_next/static/chunks/node_modules_next_dist_1e8vcs8._.js:776
[  341423ms] [LOG] [Fast Refresh] done in 155ms @ http://localhost:3001/_next/static/chunks/node_modules_next_dist_1e8vcs8._.js:776
[  341472ms] [LOG] [Fast Refresh] done in 155ms @ http://localhost:3001/_next/static/chunks/node_modules_next_dist_1e8vcs8._.js:776
[  341523ms] [LOG] [Fast Refresh] done in 155ms @ http://localhost:3001/_next/static/chunks/node_modules_next_dist_1e8vcs8._.js:776
[  341573ms] [LOG] [Fast Refresh] done in 155ms @ http://localhost:3001/_next/static/chunks/node_modules_next_dist_1e8vcs8._.js:776
[  341621ms] [LOG] [Fast Refresh] done in 155ms @ http://localhost:3001/_next/static/chunks/node_modules_next_dist_1e8vcs8._.js:776
[  341673ms] [LOG] [Fast Refresh] done in 155ms @ http://localhost:3001/_next/static/chunks/node_modules_next_dist_1e8vcs8._.js:776
[  341725ms] [LOG] [Fast Refresh] done in 155ms @ http://localhost:3001/_next/static/chunks/node_modules_next_dist_1e8vcs8._.js:776
[  341774ms] [LOG] [Fast Refresh] done in 155ms @ http://localhost:3001/_next/static/chunks/node_modules_next_dist_1e8vcs8._.js:776
[  341838ms] [LOG] [Fast Refresh] done in 155ms @ http://localhost:3001/_next/static/chunks/node_modules_next_dist_1e8vcs8._.js:776
[  341890ms] [LOG] [Fast Refresh] done in 155ms @ http://localhost:3001/_next/static/chunks/node_modules_next_dist_1e8vcs8._.js:776
[  341939ms] [LOG] [Fast Refresh] done in 155ms @ http://localhost:3001/_next/static/chunks/node_modules_next_dist_1e8vcs8._.js:776
[  341989ms] [LOG] [Fast Refresh] done in 155ms @ http://localhost:3001/_next/static/chunks/node_modules_next_dist_1e8vcs8._.js:776
[  342055ms] [LOG] [Fast Refresh] done in 155ms @ http://localhost:3001/_next/static/chunks/node_modules_next_dist_1e8vcs8._.js:776
[  342106ms] [LOG] [Fast Refresh] done in 155ms @ http://localhost:3001/_next/static/chunks/node_modules_next_dist_1e8vcs8._.js:776
[  342157ms] [LOG] [Fast Refresh] done in 155ms @ http://localhost:3001/_next/static/chunks/node_modules_next_dist_1e8vcs8._.js:776
[  342207ms] [LOG] [Fast Refresh] done in 155ms @ http://localhost:3001/_next/static/chunks/node_modules_next_dist_1e8vcs8._.js:776
[  342256ms] [LOG] [Fast Refresh] done in 155ms @ http://localhost:3001/_next/static/chunks/node_modules_next_dist_1e8vcs8._.js:776
[  342307ms] [LOG] [Fast Refresh] done in 155ms @ http://localhost:3001/_next/static/chunks/node_modules_next_dist_1e8vcs8._.js:776
[  342357ms] [LOG] [Fast Refresh] done in 155ms @ http://localhost:3001/_next/static/chunks/node_modules_next_dist_1e8vcs8._.js:776
[  342419ms] [LOG] [Fast Refresh] done in 155ms @ http://localhost:3001/_next/static/chunks/node_modules_next_dist_1e8vcs8._.js:776
[  342489ms] [LOG] [Fast Refresh] done in 155ms @ http://localhost:3001/_next/static/chunks/node_modules_next_dist_1e8vcs8._.js:776
[  342541ms] [LOG] [Fast Refresh] done in 155ms @ http://localhost:3001/_next/static/chunks/node_modules_next_dist_1e8vcs8._.js:776
[  342589ms] [LOG] [Fast Refresh] done in 155ms @ http://localhost:3001/_next/static/chunks/node_modules_next_dist_1e8vcs8._.js:776
[  342639ms] [LOG] [Fast Refresh] done in 155ms @ http://localhost:3001/_next/static/chunks/node_modules_next_dist_1e8vcs8._.js:776
[  342690ms] [LOG] [Fast Refresh] done in 155ms @ http://localhost:3001/_next/static/chunks/node_modules_next_dist_1e8vcs8._.js:776
[  342741ms] [LOG] [Fast Refresh] done in 155ms @ http://localhost:3001/_next/static/chunks/node_modules_next_dist_1e8vcs8._.js:776
[  342790ms] [LOG] [Fast Refresh] done in 155ms @ http://localhost:3001/_next/static/chunks/node_modules_next_dist_1e8vcs8._.js:776
[  342840ms] [LOG] [Fast Refresh] done in 155ms @ http://localhost:3001/_next/static/chunks/node_modules_next_dist_1e8vcs8._.js:776
[  342889ms] [LOG] [Fast Refresh] done in 155ms @ http://localhost:3001/_next/static/chunks/node_modules_next_dist_1e8vcs8._.js:776
[  342952ms] [LOG] [Fast Refresh] done in 155ms @ http://localhost:3001/_next/static/chunks/node_modules_next_dist_1e8vcs8._.js:776
[  343007ms] [LOG] [Fast Refresh] done in 155ms @ http://localhost:3001/_next/static/chunks/node_modules_next_dist_1e8vcs8._.js:776
[  343057ms] [LOG] [Fast Refresh] done in 155ms @ http://localhost:3001/_next/static/chunks/node_modules_next_dist_1e8vcs8._.js:776
[  343107ms] [LOG] [Fast Refresh] done in 155ms @ http://localhost:3001/_next/static/chunks/node_modules_next_dist_1e8vcs8._.js:776
[  343157ms] [LOG] [Fast Refresh] done in 155ms @ http://localhost:3001/_next/static/chunks/node_modules_next_dist_1e8vcs8._.js:776
[  343206ms] [LOG] [Fast Refresh] done in 155ms @ http://localhost:3001/_next/static/chunks/node_modules_next_dist_1e8vcs8._.js:776
[  343257ms] [LOG] [Fast Refresh] done in 155ms @ http://localhost:3001/_next/static/chunks/node_modules_next_dist_1e8vcs8._.js:776
[  343307ms] [LOG] [Fast Refresh] done in 155ms @ http://localhost:3001/_next/static/chunks/node_modules_next_dist_1e8vcs8._.js:776
[  343357ms] [LOG] [Fast Refresh] done in 155ms @ http://localhost:3001/_next/static/chunks/node_modules_next_dist_1e8vcs8._.js:776
[  343406ms] [LOG] [Fast Refresh] done in 155ms @ http://localhost:3001/_next/static/chunks/node_modules_next_dist_1e8vcs8._.js:776
[  343470ms] [LOG] [Fast Refresh] done in 155ms @ http://localhost:3001/_next/static/chunks/node_modules_next_dist_1e8vcs8._.js:776
[  343523ms] [LOG] [Fast Refresh] done in 155ms @ http://localhost:3001/_next/static/chunks/node_modules_next_dist_1e8vcs8._.js:776
[  343572ms] [LOG] [Fast Refresh] done in 155ms @ http://localhost:3001/_next/static/chunks/node_modules_next_dist_1e8vcs8._.js:776
[  343624ms] [LOG] [Fast Refresh] done in 155ms @ http://localhost:3001/_next/static/chunks/node_modules_next_dist_1e8vcs8._.js:776
[  343673ms] [LOG] [Fast Refresh] done in 155ms @ http://localhost:3001/_next/static/chunks/node_modules_next_dist_1e8vcs8._.js:776
[  343739ms] [LOG] [Fast Refresh] done in 155ms @ http://localhost:3001/_next/static/chunks/node_modules_next_dist_1e8vcs8._.js:776
[  343790ms] [LOG] [Fast Refresh] done in 155ms @ http://localhost:3001/_next/static/chunks/node_modules_next_dist_1e8vcs8._.js:776
[  343839ms] [LOG] [Fast Refresh] done in 155ms @ http://localhost:3001/_next/static/chunks/node_modules_next_dist_1e8vcs8._.js:776
[  343891ms] [LOG] [Fast Refresh] done in 155ms @ http://localhost:3001/_next/static/chunks/node_modules_next_dist_1e8vcs8._.js:776
[  343940ms] [LOG] [Fast Refresh] done in 155ms @ http://localhost:3001/_next/static/chunks/node_modules_next_dist_1e8vcs8._.js:776
[  344003ms] [LOG] [Fast Refresh] done in 155ms @ http://localhost:3001/_next/static/chunks/node_modules_next_dist_1e8vcs8._.js:776
[  344057ms] [LOG] [Fast Refresh] done in 155ms @ http://localhost:3001/_next/static/chunks/node_modules_next_dist_1e8vcs8._.js:776
[  344107ms] [LOG] [Fast Refresh] done in 155ms @ http://localhost:3001/_next/static/chunks/node_modules_next_dist_1e8vcs8._.js:776
[  344156ms] [LOG] [Fast Refresh] done in 155ms @ http://localhost:3001/_next/static/chunks/node_modules_next_dist_1e8vcs8._.js:776
[  344206ms] [LOG] [Fast Refresh] done in 155ms @ http://localhost:3001/_next/static/chunks/node_modules_next_dist_1e8vcs8._.js:776
[  344257ms] [LOG] [Fast Refresh] done in 155ms @ http://localhost:3001/_next/static/chunks/node_modules_next_dist_1e8vcs8._.js:776
[  344307ms] [LOG] [Fast Refresh] done in 155ms @ http://localhost:3001/_next/static/chunks/node_modules_next_dist_1e8vcs8._.js:776
[  344357ms] [LOG] [Fast Refresh] done in 155ms @ http://localhost:3001/_next/static/chunks/node_modules_next_dist_1e8vcs8._.js:776
[  344407ms] [LOG] [Fast Refresh] done in 155ms @ http://localhost:3001/_next/static/chunks/node_modules_next_dist_1e8vcs8._.js:776
[  344457ms] [LOG] [Fast Refresh] done in 155ms @ http://localhost:3001/_next/static/chunks/node_modules_next_dist_1e8vcs8._.js:776
[  344519ms] [LOG] [Fast Refresh] done in 155ms @ http://localhost:3001/_next/static/chunks/node_modules_next_dist_1e8vcs8._.js:776
[  344572ms] [LOG] [Fast Refresh] done in 155ms @ http://localhost:3001/_next/static/chunks/node_modules_next_dist_1e8vcs8._.js:776
[  344639ms] [LOG] [Fast Refresh] done in 155ms @ http://localhost:3001/_next/static/chunks/node_modules_next_dist_1e8vcs8._.js:776
[  344691ms] [LOG] [Fast Refresh] done in 155ms @ http://localhost:3001/_next/static/chunks/node_modules_next_dist_1e8vcs8._.js:776
[  344757ms] [LOG] [Fast Refresh] done in 155ms @ http://localhost:3001/_next/static/chunks/node_modules_next_dist_1e8vcs8._.js:776
[  344807ms] [LOG] [Fast Refresh] done in 155ms @ http://localhost:3001/_next/static/chunks/node_modules_next_dist_1e8vcs8._.js:776
[  344856ms] [LOG] [Fast Refresh] done in 155ms @ http://localhost:3001/_next/static/chunks/node_modules_next_dist_1e8vcs8._.js:776
[  344906ms] [LOG] [Fast Refresh] done in 155ms @ http://localhost:3001/_next/static/chunks/node_modules_next_dist_1e8vcs8._.js:776
[  344956ms] [LOG] [Fast Refresh] done in 155ms @ http://localhost:3001/_next/static/chunks/node_modules_next_dist_1e8vcs8._.js:776
[  345006ms] [LOG] [Fast Refresh] done in 155ms @ http://localhost:3001/_next/static/chunks/node_modules_next_dist_1e8vcs8._.js:776
[  345068ms] [LOG] [Fast Refresh] done in 155ms @ http://localhost:3001/_next/static/chunks/node_modules_next_dist_1e8vcs8._.js:776
[  345107ms] [LOG] [Fast Refresh] done in 155ms @ http://localhost:3001/_next/static/chunks/node_modules_next_dist_1e8vcs8._.js:776
[  345157ms] [LOG] [Fast Refresh] done in 155ms @ http://localhost:3001/_next/static/chunks/node_modules_next_dist_1e8vcs8._.js:776
[  345239ms] [LOG] [Fast Refresh] done in 155ms @ http://localhost:3001/_next/static/chunks/node_modules_next_dist_1e8vcs8._.js:776
[  345307ms] [LOG] [Fast Refresh] done in 155ms @ http://localhost:3001/_next/static/chunks/node_modules_next_dist_1e8vcs8._.js:776
[  345369ms] [LOG] [Fast Refresh] done in 155ms @ http://localhost:3001/_next/static/chunks/node_modules_next_dist_1e8vcs8._.js:776
[  345423ms] [LOG] [Fast Refresh] done in 155ms @ http://localhost:3001/_next/static/chunks/node_modules_next_dist_1e8vcs8._.js:776
[  345472ms] [LOG] [Fast Refresh] done in 155ms @ http://localhost:3001/_next/static/chunks/node_modules_next_dist_1e8vcs8._.js:776
[  345539ms] [LOG] [Fast Refresh] done in 155ms @ http://localhost:3001/_next/static/chunks/node_modules_next_dist_1e8vcs8._.js:776
[  345601ms] [LOG] [Fast Refresh] done in 155ms @ http://localhost:3001/_next/static/chunks/node_modules_next_dist_1e8vcs8._.js:776
[  345656ms] [LOG] [Fast Refresh] done in 155ms @ http://localhost:3001/_next/static/chunks/node_modules_next_dist_1e8vcs8._.js:776
[  345719ms] [LOG] [Fast Refresh] done in 155ms @ http://localhost:3001/_next/static/chunks/node_modules_next_dist_1e8vcs8._.js:776
[  345774ms] [LOG] [Fast Refresh] done in 155ms @ http://localhost:3001/_next/static/chunks/node_modules_next_dist_1e8vcs8._.js:776
[  345823ms] [LOG] [Fast Refresh] done in 155ms @ http://localhost:3001/_next/static/chunks/node_modules_next_dist_1e8vcs8._.js:776
[  345873ms] [LOG] [Fast Refresh] done in 155ms @ http://localhost:3001/_next/static/chunks/node_modules_next_dist_1e8vcs8._.js:776
[  345923ms] [LOG] [Fast Refresh] done in 155ms @ http://localhost:3001/_next/static/chunks/node_modules_next_dist_1e8vcs8._.js:776
[  345972ms] [LOG] [Fast Refresh] done in 155ms @ http://localhost:3001/_next/static/chunks/node_modules_next_dist_1e8vcs8._.js:776
[  346024ms] [LOG] [Fast Refresh] done in 155ms @ http://localhost:3001/_next/static/chunks/node_modules_next_dist_1e8vcs8._.js:776
[  346073ms] [LOG] [Fast Refresh] done in 155ms @ http://localhost:3001/_next/static/chunks/node_modules_next_dist_1e8vcs8._.js:776
[  346135ms] [LOG] [Fast Refresh] done in 155ms @ http://localhost:3001/_next/static/chunks/node_modules_next_dist_1e8vcs8._.js:776
[  346189ms] [LOG] [Fast Refresh] done in 155ms @ http://localhost:3001/_next/static/chunks/node_modules_next_dist_1e8vcs8._.js:776
[  346241ms] [LOG] [Fast Refresh] done in 155ms @ http://localhost:3001/_next/static/chunks/node_modules_next_dist_1e8vcs8._.js:776
[  346290ms] [LOG] [Fast Refresh] done in 155ms @ http://localhost:3001/_next/static/chunks/node_modules_next_dist_1e8vcs8._.js:776
[  346340ms] [LOG] [Fast Refresh] done in 155ms @ http://localhost:3001/_next/static/chunks/node_modules_next_dist_1e8vcs8._.js:776
[  346389ms] [LOG] [Fast Refresh] done in 155ms @ http://localhost:3001/_next/static/chunks/node_modules_next_dist_1e8vcs8._.js:776
[  346440ms] [LOG] [Fast Refresh] done in 155ms @ http://localhost:3001/_next/static/chunks/node_modules_next_dist_1e8vcs8._.js:776
[  346490ms] [LOG] [Fast Refresh] done in 155ms @ http://localhost:3001/_next/static/chunks/node_modules_next_dist_1e8vcs8._.js:776
[  346540ms] [LOG] [Fast Refresh] done in 155ms @ http://localhost:3001/_next/static/chunks/node_modules_next_dist_1e8vcs8._.js:776
[  346590ms] [LOG] [Fast Refresh] done in 155ms @ http://localhost:3001/_next/static/chunks/node_modules_next_dist_1e8vcs8._.js:776
[  346653ms] [LOG] [Fast Refresh] done in 155ms @ http://localhost:3001/_next/static/chunks/node_modules_next_dist_1e8vcs8._.js:776
[  346706ms] [LOG] [Fast Refresh] done in 155ms @ http://localhost:3001/_next/static/chunks/node_modules_next_dist_1e8vcs8._.js:776
[  346756ms] [LOG] [Fast Refresh] done in 155ms @ http://localhost:3001/_next/static/chunks/node_modules_next_dist_1e8vcs8._.js:776
[  346806ms] [LOG] [Fast Refresh] done in 155ms @ http://localhost:3001/_next/static/chunks/node_modules_next_dist_1e8vcs8._.js:776
[  346857ms] [LOG] [Fast Refresh] done in 155ms @ http://localhost:3001/_next/static/chunks/node_modules_next_dist_1e8vcs8._.js:776
[  346906ms] [LOG] [Fast Refresh] done in 155ms @ http://localhost:3001/_next/static/chunks/node_modules_next_dist_1e8vcs8._.js:776
[  346956ms] [LOG] [Fast Refresh] done in 155ms @ http://localhost:3001/_next/static/chunks/node_modules_next_dist_1e8vcs8._.js:776
[  347005ms] [LOG] [Fast Refresh] done in 155ms @ http://localhost:3001/_next/static/chunks/node_modules_next_dist_1e8vcs8._.js:776
[  347057ms] [LOG] [Fast Refresh] done in 155ms @ http://localhost:3001/_next/static/chunks/node_modules_next_dist_1e8vcs8._.js:776
[  347122ms] [LOG] [Fast Refresh] done in 155ms @ http://localhost:3001/_next/static/chunks/node_modules_next_dist_1e8vcs8._.js:776
[  347184ms] [LOG] [Fast Refresh] done in 155ms @ http://localhost:3001/_next/static/chunks/node_modules_next_dist_1e8vcs8._.js:776
[  347241ms] [LOG] [Fast Refresh] done in 155ms @ http://localhost:3001/_next/static/chunks/node_modules_next_dist_1e8vcs8._.js:776
[  347290ms] [LOG] [Fast Refresh] done in 155ms @ http://localhost:3001/_next/static/chunks/node_modules_next_dist_1e8vcs8._.js:776
[  347341ms] [LOG] [Fast Refresh] done in 155ms @ http://localhost:3001/_next/static/chunks/node_modules_next_dist_1e8vcs8._.js:776
[  347391ms] [LOG] [Fast Refresh] done in 155ms @ http://localhost:3001/_next/static/chunks/node_modules_next_dist_1e8vcs8._.js:776
[  347440ms] [LOG] [Fast Refresh] done in 155ms @ http://localhost:3001/_next/static/chunks/node_modules_next_dist_1e8vcs8._.js:776
[  347504ms] [LOG] [Fast Refresh] done in 155ms @ http://localhost:3001/_next/static/chunks/node_modules_next_dist_1e8vcs8._.js:776
[  347557ms] [LOG] [Fast Refresh] done in 155ms @ http://localhost:3001/_next/static/chunks/node_modules_next_dist_1e8vcs8._.js:776
[  347606ms] [LOG] [Fast Refresh] done in 155ms @ http://localhost:3001/_next/static/chunks/node_modules_next_dist_1e8vcs8._.js:776
[  347671ms] [LOG] [Fast Refresh] done in 155ms @ http://localhost:3001/_next/static/chunks/node_modules_next_dist_1e8vcs8._.js:776
[  347724ms] [LOG] [Fast Refresh] done in 155ms @ http://localhost:3001/_next/static/chunks/node_modules_next_dist_1e8vcs8._.js:776
[  347773ms] [LOG] [Fast Refresh] done in 155ms @ http://localhost:3001/_next/static/chunks/node_modules_next_dist_1e8vcs8._.js:776
[  347823ms] [LOG] [Fast Refresh] done in 155ms @ http://localhost:3001/_next/static/chunks/node_modules_next_dist_1e8vcs8._.js:776
[  347872ms] [LOG] [Fast Refresh] done in 155ms @ http://localhost:3001/_next/static/chunks/node_modules_next_dist_1e8vcs8._.js:776
[  347923ms] [LOG] [Fast Refresh] done in 155ms @ http://localhost:3001/_next/static/chunks/node_modules_next_dist_1e8vcs8._.js:776
[  347989ms] [LOG] [Fast Refresh] done in 155ms @ http://localhost:3001/_next/static/chunks/node_modules_next_dist_1e8vcs8._.js:776
[  348055ms] [LOG] [Fast Refresh] done in 155ms @ http://localhost:3001/_next/static/chunks/node_modules_next_dist_1e8vcs8._.js:776
[  348106ms] [LOG] [Fast Refresh] done in 155ms @ http://localhost:3001/_next/static/chunks/node_modules_next_dist_1e8vcs8._.js:776
[  348155ms] [LOG] [Fast Refresh] done in 155ms @ http://localhost:3001/_next/static/chunks/node_modules_next_dist_1e8vcs8._.js:776
[  348220ms] [LOG] [Fast Refresh] done in 155ms @ http://localhost:3001/_next/static/chunks/node_modules_next_dist_1e8vcs8._.js:776
[  348272ms] [LOG] [Fast Refresh] done in 155ms @ http://localhost:3001/_next/static/chunks/node_modules_next_dist_1e8vcs8._.js:776
[  348323ms] [LOG] [Fast Refresh] done in 155ms @ http://localhost:3001/_next/static/chunks/node_modules_next_dist_1e8vcs8._.js:776
[  348372ms] [LOG] [Fast Refresh] done in 155ms @ http://localhost:3001/_next/static/chunks/node_modules_next_dist_1e8vcs8._.js:776
[  348424ms] [LOG] [Fast Refresh] done in 155ms @ http://localhost:3001/_next/static/chunks/node_modules_next_dist_1e8vcs8._.js:776
[  348473ms] [LOG] [Fast Refresh] done in 155ms @ http://localhost:3001/_next/static/chunks/node_modules_next_dist_1e8vcs8._.js:776
[  348524ms] [LOG] [Fast Refresh] done in 155ms @ http://localhost:3001/_next/static/chunks/node_modules_next_dist_1e8vcs8._.js:776
[  348600ms] [LOG] [Fast Refresh] done in 155ms @ http://localhost:3001/_next/static/chunks/node_modules_next_dist_1e8vcs8._.js:776
[  348655ms] [LOG] [Fast Refresh] done in 155ms @ http://localhost:3001/_next/static/chunks/node_modules_next_dist_1e8vcs8._.js:776
[  348706ms] [LOG] [Fast Refresh] done in 155ms @ http://localhost:3001/_next/static/chunks/node_modules_next_dist_1e8vcs8._.js:776
[  348758ms] [LOG] [Fast Refresh] done in 155ms @ http://localhost:3001/_next/static/chunks/node_modules_next_dist_1e8vcs8._.js:776
[  348807ms] [LOG] [Fast Refresh] done in 155ms @ http://localhost:3001/_next/static/chunks/node_modules_next_dist_1e8vcs8._.js:776
[  348857ms] [LOG] [Fast Refresh] done in 155ms @ http://localhost:3001/_next/static/chunks/node_modules_next_dist_1e8vcs8._.js:776
[  348920ms] [LOG] [Fast Refresh] done in 155ms @ http://localhost:3001/_next/static/chunks/node_modules_next_dist_1e8vcs8._.js:776
[  348972ms] [LOG] [Fast Refresh] done in 155ms @ http://localhost:3001/_next/static/chunks/node_modules_next_dist_1e8vcs8._.js:776
[  349022ms] [LOG] [Fast Refresh] done in 155ms @ http://localhost:3001/_next/static/chunks/node_modules_next_dist_1e8vcs8._.js:776
[  349073ms] [LOG] [Fast Refresh] done in 155ms @ http://localhost:3001/_next/static/chunks/node_modules_next_dist_1e8vcs8._.js:776
[  349124ms] [LOG] [Fast Refresh] done in 155ms @ http://localhost:3001/_next/static/chunks/node_modules_next_dist_1e8vcs8._.js:776
[  349188ms] [LOG] [Fast Refresh] done in 155ms @ http://localhost:3001/_next/static/chunks/node_modules_next_dist_1e8vcs8._.js:776
[  349239ms] [LOG] [Fast Refresh] done in 155ms @ http://localhost:3001/_next/static/chunks/node_modules_next_dist_1e8vcs8._.js:776
[  349302ms] [LOG] [Fast Refresh] done in 155ms @ http://localhost:3001/_next/static/chunks/node_modules_next_dist_1e8vcs8._.js:776
[  349354ms] [LOG] [Fast Refresh] done in 155ms @ http://localhost:3001/_next/static/chunks/node_modules_next_dist_1e8vcs8._.js:776
[  349407ms] [LOG] [Fast Refresh] done in 155ms @ http://localhost:3001/_next/static/chunks/node_modules_next_dist_1e8vcs8._.js:776
[  349456ms] [LOG] [Fast Refresh] done in 155ms @ http://localhost:3001/_next/static/chunks/node_modules_next_dist_1e8vcs8._.js:776
[  349506ms] [LOG] [Fast Refresh] done in 155ms @ http://localhost:3001/_next/static/chunks/node_modules_next_dist_1e8vcs8._.js:776
[  349557ms] [LOG] [Fast Refresh] done in 155ms @ http://localhost:3001/_next/static/chunks/node_modules_next_dist_1e8vcs8._.js:776
[  349619ms] [LOG] [Fast Refresh] done in 155ms @ http://localhost:3001/_next/static/chunks/node_modules_next_dist_1e8vcs8._.js:776
[  349674ms] [LOG] [Fast Refresh] done in 155ms @ http://localhost:3001/_next/static/chunks/node_modules_next_dist_1e8vcs8._.js:776
[  349723ms] [LOG] [Fast Refresh] done in 155ms @ http://localhost:3001/_next/static/chunks/node_modules_next_dist_1e8vcs8._.js:776
[  349773ms] [LOG] [Fast Refresh] done in 155ms @ http://localhost:3001/_next/static/chunks/node_modules_next_dist_1e8vcs8._.js:776
[  349823ms] [LOG] [Fast Refresh] done in 155ms @ http://localhost:3001/_next/static/chunks/node_modules_next_dist_1e8vcs8._.js:776
[  349873ms] [LOG] [Fast Refresh] done in 155ms @ http://localhost:3001/_next/static/chunks/node_modules_next_dist_1e8vcs8._.js:776
[  349935ms] [LOG] [Fast Refresh] done in 155ms @ http://localhost:3001/_next/static/chunks/node_modules_next_dist_1e8vcs8._.js:776
[  349989ms] [LOG] [Fast Refresh] done in 155ms @ http://localhost:3001/_next/static/chunks/node_modules_next_dist_1e8vcs8._.js:776
[  350041ms] [LOG] [Fast Refresh] done in 155ms @ http://localhost:3001/_next/static/chunks/node_modules_next_dist_1e8vcs8._.js:776
[  350105ms] [LOG] [Fast Refresh] done in 155ms @ http://localhost:3001/_next/static/chunks/node_modules_next_dist_1e8vcs8._.js:776
[  350156ms] [LOG] [Fast Refresh] done in 155ms @ http://localhost:3001/_next/static/chunks/node_modules_next_dist_1e8vcs8._.js:776
[  350205ms] [LOG] [Fast Refresh] done in 155ms @ http://localhost:3001/_next/static/chunks/node_modules_next_dist_1e8vcs8._.js:776
[  350257ms] [LOG] [Fast Refresh] done in 155ms @ http://localhost:3001/_next/static/chunks/node_modules_next_dist_1e8vcs8._.js:776
[  350322ms] [LOG] [Fast Refresh] done in 155ms @ http://localhost:3001/_next/static/chunks/node_modules_next_dist_1e8vcs8._.js:776
[  350385ms] [LOG] [Fast Refresh] done in 155ms @ http://localhost:3001/_next/static/chunks/node_modules_next_dist_1e8vcs8._.js:776
[  350447ms] [LOG] [Fast Refresh] done in 155ms @ http://localhost:3001/_next/static/chunks/node_modules_next_dist_1e8vcs8._.js:776
[  350506ms] [LOG] [Fast Refresh] done in 155ms @ http://localhost:3001/_next/static/chunks/node_modules_next_dist_1e8vcs8._.js:776
[  350557ms] [LOG] [Fast Refresh] done in 155ms @ http://localhost:3001/_next/static/chunks/node_modules_next_dist_1e8vcs8._.js:776
[  350607ms] [LOG] [Fast Refresh] done in 155ms @ http://localhost:3001/_next/static/chunks/node_modules_next_dist_1e8vcs8._.js:776
[  350657ms] [LOG] [Fast Refresh] done in 155ms @ http://localhost:3001/_next/static/chunks/node_modules_next_dist_1e8vcs8._.js:776
[  350706ms] [LOG] [Fast Refresh] done in 155ms @ http://localhost:3001/_next/static/chunks/node_modules_next_dist_1e8vcs8._.js:776
[  350756ms] [LOG] [Fast Refresh] done in 155ms @ http://localhost:3001/_next/static/chunks/node_modules_next_dist_1e8vcs8._.js:776
[  350807ms] [LOG] [Fast Refresh] done in 155ms @ http://localhost:3001/_next/static/chunks/node_modules_next_dist_1e8vcs8._.js:776
[  350856ms] [LOG] [Fast Refresh] done in 155ms @ http://localhost:3001/_next/static/chunks/node_modules_next_dist_1e8vcs8._.js:776
[  350907ms] [LOG] [Fast Refresh] done in 155ms @ http://localhost:3001/_next/static/chunks/node_modules_next_dist_1e8vcs8._.js:776
[  350956ms] [LOG] [Fast Refresh] done in 155ms @ http://localhost:3001/_next/static/chunks/node_modules_next_dist_1e8vcs8._.js:776
[  351020ms] [LOG] [Fast Refresh] done in 155ms @ http://localhost:3001/_next/static/chunks/node_modules_next_dist_1e8vcs8._.js:776
[  351074ms] [LOG] [Fast Refresh] done in 155ms @ http://localhost:3001/_next/static/chunks/node_modules_next_dist_1e8vcs8._.js:776
[  351137ms] [LOG] [Fast Refresh] done in 155ms @ http://localhost:3001/_next/static/chunks/node_modules_next_dist_1e8vcs8._.js:776
[  351189ms] [LOG] [Fast Refresh] done in 155ms @ http://localhost:3001/_next/static/chunks/node_modules_next_dist_1e8vcs8._.js:776
[  351240ms] [LOG] [Fast Refresh] done in 155ms @ http://localhost:3001/_next/static/chunks/node_modules_next_dist_1e8vcs8._.js:776
[  351306ms] [LOG] [Fast Refresh] done in 155ms @ http://localhost:3001/_next/static/chunks/node_modules_next_dist_1e8vcs8._.js:776
[  351357ms] [LOG] [Fast Refresh] done in 155ms @ http://localhost:3001/_next/static/chunks/node_modules_next_dist_1e8vcs8._.js:776
[  351420ms] [LOG] [Fast Refresh] done in 155ms @ http://localhost:3001/_next/static/chunks/node_modules_next_dist_1e8vcs8._.js:776
[  351472ms] [LOG] [Fast Refresh] done in 155ms @ http://localhost:3001/_next/static/chunks/node_modules_next_dist_1e8vcs8._.js:776
[  351523ms] [LOG] [Fast Refresh] done in 155ms @ http://localhost:3001/_next/static/chunks/node_modules_next_dist_1e8vcs8._.js:776
[  351588ms] [LOG] [Fast Refresh] done in 155ms @ http://localhost:3001/_next/static/chunks/node_modules_next_dist_1e8vcs8._.js:776
[  351639ms] [LOG] [Fast Refresh] done in 155ms @ http://localhost:3001/_next/static/chunks/node_modules_next_dist_1e8vcs8._.js:776
[  351705ms] [LOG] [Fast Refresh] done in 155ms @ http://localhost:3001/_next/static/chunks/node_modules_next_dist_1e8vcs8._.js:776
[  351756ms] [LOG] [Fast Refresh] done in 155ms @ http://localhost:3001/_next/static/chunks/node_modules_next_dist_1e8vcs8._.js:776
[  351806ms] [LOG] [Fast Refresh] done in 155ms @ http://localhost:3001/_next/static/chunks/node_modules_next_dist_1e8vcs8._.js:776
[  351872ms] [LOG] [Fast Refresh] done in 155ms @ http://localhost:3001/_next/static/chunks/node_modules_next_dist_1e8vcs8._.js:776
[  351937ms] [LOG] [Fast Refresh] done in 155ms @ http://localhost:3001/_next/static/chunks/node_modules_next_dist_1e8vcs8._.js:776
[  351989ms] [LOG] [Fast Refresh] done in 155ms @ http://localhost:3001/_next/static/chunks/node_modules_next_dist_1e8vcs8._.js:776
[  352040ms] [LOG] [Fast Refresh] done in 155ms @ http://localhost:3001/_next/static/chunks/node_modules_next_dist_1e8vcs8._.js:776
[  352090ms] [LOG] [Fast Refresh] done in 155ms @ http://localhost:3001/_next/static/chunks/node_modules_next_dist_1e8vcs8._.js:776
[  352153ms] [LOG] [Fast Refresh] done in 155ms @ http://localhost:3001/_next/static/chunks/node_modules_next_dist_1e8vcs8._.js:776
[  352206ms] [LOG] [Fast Refresh] done in 155ms @ http://localhost:3001/_next/static/chunks/node_modules_next_dist_1e8vcs8._.js:776
[  352256ms] [LOG] [Fast Refresh] done in 155ms @ http://localhost:3001/_next/static/chunks/node_modules_next_dist_1e8vcs8._.js:776
[  352307ms] [LOG] [Fast Refresh] done in 155ms @ http://localhost:3001/_next/static/chunks/node_modules_next_dist_1e8vcs8._.js:776
[  352357ms] [LOG] [Fast Refresh] done in 155ms @ http://localhost:3001/_next/static/chunks/node_modules_next_dist_1e8vcs8._.js:776
[  352407ms] [LOG] [Fast Refresh] done in 155ms @ http://localhost:3001/_next/static/chunks/node_modules_next_dist_1e8vcs8._.js:776
[  352456ms] [LOG] [Fast Refresh] done in 155ms @ http://localhost:3001/_next/static/chunks/node_modules_next_dist_1e8vcs8._.js:776
[  352507ms] [LOG] [Fast Refresh] done in 155ms @ http://localhost:3001/_next/static/chunks/node_modules_next_dist_1e8vcs8._.js:776
[  352569ms] [LOG] [Fast Refresh] done in 155ms @ http://localhost:3001/_next/static/chunks/node_modules_next_dist_1e8vcs8._.js:776
[  352633ms] [LOG] [Fast Refresh] done in 155ms @ http://localhost:3001/_next/static/chunks/node_modules_next_dist_1e8vcs8._.js:776
[  352695ms] [LOG] [Fast Refresh] done in 155ms @ http://localhost:3001/_next/static/chunks/node_modules_next_dist_1e8vcs8._.js:776
[  352758ms] [LOG] [Fast Refresh] done in 155ms @ http://localhost:3001/_next/static/chunks/node_modules_next_dist_1e8vcs8._.js:776
[  352807ms] [LOG] [Fast Refresh] done in 155ms @ http://localhost:3001/_next/static/chunks/node_modules_next_dist_1e8vcs8._.js:776
[  352857ms] [LOG] [Fast Refresh] done in 155ms @ http://localhost:3001/_next/static/chunks/node_modules_next_dist_1e8vcs8._.js:776
[  352907ms] [LOG] [Fast Refresh] done in 155ms @ http://localhost:3001/_next/static/chunks/node_modules_next_dist_1e8vcs8._.js:776
[  352956ms] [LOG] [Fast Refresh] done in 155ms @ http://localhost:3001/_next/static/chunks/node_modules_next_dist_1e8vcs8._.js:776
[  353020ms] [LOG] [Fast Refresh] done in 155ms @ http://localhost:3001/_next/static/chunks/node_modules_next_dist_1e8vcs8._.js:776
[  353083ms] [LOG] [Fast Refresh] done in 155ms @ http://localhost:3001/_next/static/chunks/node_modules_next_dist_1e8vcs8._.js:776
[  353145ms] [LOG] [Fast Refresh] done in 155ms @ http://localhost:3001/_next/static/chunks/node_modules_next_dist_1e8vcs8._.js:776
[  353208ms] [LOG] [Fast Refresh] done in 155ms @ http://localhost:3001/_next/static/chunks/node_modules_next_dist_1e8vcs8._.js:776
[  353269ms] [LOG] [Fast Refresh] done in 155ms @ http://localhost:3001/_next/static/chunks/node_modules_next_dist_1e8vcs8._.js:776
[  353332ms] [LOG] [Fast Refresh] done in 155ms @ http://localhost:3001/_next/static/chunks/node_modules_next_dist_1e8vcs8._.js:776
[  353394ms] [LOG] [Fast Refresh] done in 155ms @ http://localhost:3001/_next/static/chunks/node_modules_next_dist_1e8vcs8._.js:776
[  353441ms] [LOG] [Fast Refresh] done in 155ms @ http://localhost:3001/_next/static/chunks/node_modules_next_dist_1e8vcs8._.js:776
[  353503ms] [LOG] [Fast Refresh] done in 155ms @ http://localhost:3001/_next/static/chunks/node_modules_next_dist_1e8vcs8._.js:776
[  353557ms] [LOG] [Fast Refresh] done in 155ms @ http://localhost:3001/_next/static/chunks/node_modules_next_dist_1e8vcs8._.js:776
[  353607ms] [LOG] [Fast Refresh] done in 155ms @ http://localhost:3001/_next/static/chunks/node_modules_next_dist_1e8vcs8._.js:776
[  353656ms] [LOG] [Fast Refresh] done in 155ms @ http://localhost:3001/_next/static/chunks/node_modules_next_dist_1e8vcs8._.js:776
[  353706ms] [LOG] [Fast Refresh] done in 155ms @ http://localhost:3001/_next/static/chunks/node_modules_next_dist_1e8vcs8._.js:776
[  353757ms] [LOG] [Fast Refresh] done in 155ms @ http://localhost:3001/_next/static/chunks/node_modules_next_dist_1e8vcs8._.js:776
[  353807ms] [LOG] [Fast Refresh] done in 155ms @ http://localhost:3001/_next/static/chunks/node_modules_next_dist_1e8vcs8._.js:776
[  353870ms] [LOG] [Fast Refresh] done in 155ms @ http://localhost:3001/_next/static/chunks/node_modules_next_dist_1e8vcs8._.js:776
[  353922ms] [LOG] [Fast Refresh] done in 155ms @ http://localhost:3001/_next/static/chunks/node_modules_next_dist_1e8vcs8._.js:776
[  353972ms] [LOG] [Fast Refresh] done in 155ms @ http://localhost:3001/_next/static/chunks/node_modules_next_dist_1e8vcs8._.js:776
[  354038ms] [LOG] [Fast Refresh] done in 155ms @ http://localhost:3001/_next/static/chunks/node_modules_next_dist_1e8vcs8._.js:776
[  354090ms] [LOG] [Fast Refresh] done in 155ms @ http://localhost:3001/_next/static/chunks/node_modules_next_dist_1e8vcs8._.js:776
[  354141ms] [LOG] [Fast Refresh] done in 155ms @ http://localhost:3001/_next/static/chunks/node_modules_next_dist_1e8vcs8._.js:776
[  354206ms] [LOG] [Fast Refresh] done in 155ms @ http://localhost:3001/_next/static/chunks/node_modules_next_dist_1e8vcs8._.js:776
[  354270ms] [LOG] [Fast Refresh] done in 155ms @ http://localhost:3001/_next/static/chunks/node_modules_next_dist_1e8vcs8._.js:776
[  354332ms] [LOG] [Fast Refresh] done in 155ms @ http://localhost:3001/_next/static/chunks/node_modules_next_dist_1e8vcs8._.js:776
[  354395ms] [LOG] [Fast Refresh] done in 155ms @ http://localhost:3001/_next/static/chunks/node_modules_next_dist_1e8vcs8._.js:776
[  354457ms] [LOG] [Fast Refresh] done in 155ms @ http://localhost:3001/_next/static/chunks/node_modules_next_dist_1e8vcs8._.js:776
[  354520ms] [LOG] [Fast Refresh] done in 155ms @ http://localhost:3001/_next/static/chunks/node_modules_next_dist_1e8vcs8._.js:776
[  354582ms] [LOG] [Fast Refresh] done in 155ms @ http://localhost:3001/_next/static/chunks/node_modules_next_dist_1e8vcs8._.js:776
[  354645ms] [LOG] [Fast Refresh] done in 155ms @ http://localhost:3001/_next/static/chunks/node_modules_next_dist_1e8vcs8._.js:776
[  354708ms] [LOG] [Fast Refresh] done in 155ms @ http://localhost:3001/_next/static/chunks/node_modules_next_dist_1e8vcs8._.js:776
[  354772ms] [LOG] [Fast Refresh] done in 155ms @ http://localhost:3001/_next/static/chunks/node_modules_next_dist_1e8vcs8._.js:776
[  354833ms] [LOG] [Fast Refresh] done in 155ms @ http://localhost:3001/_next/static/chunks/node_modules_next_dist_1e8vcs8._.js:776
[  354888ms] [LOG] [Fast Refresh] done in 155ms @ http://localhost:3001/_next/static/chunks/node_modules_next_dist_1e8vcs8._.js:776
[  354940ms] [LOG] [Fast Refresh] done in 155ms @ http://localhost:3001/_next/static/chunks/node_modules_next_dist_1e8vcs8._.js:776
[  355003ms] [LOG] [Fast Refresh] done in 155ms @ http://localhost:3001/_next/static/chunks/node_modules_next_dist_1e8vcs8._.js:776
[  355066ms] [LOG] [Fast Refresh] done in 155ms @ http://localhost:3001/_next/static/chunks/node_modules_next_dist_1e8vcs8._.js:776
[  355129ms] [LOG] [Fast Refresh] done in 155ms @ http://localhost:3001/_next/static/chunks/node_modules_next_dist_1e8vcs8._.js:776
[  355190ms] [LOG] [Fast Refresh] done in 155ms @ http://localhost:3001/_next/static/chunks/node_modules_next_dist_1e8vcs8._.js:776
[  355239ms] [LOG] [Fast Refresh] done in 155ms @ http://localhost:3001/_next/static/chunks/node_modules_next_dist_1e8vcs8._.js:776
[  355290ms] [LOG] [Fast Refresh] done in 155ms @ http://localhost:3001/_next/static/chunks/node_modules_next_dist_1e8vcs8._.js:776
[  355340ms] [LOG] [Fast Refresh] done in 155ms @ http://localhost:3001/_next/static/chunks/node_modules_next_dist_1e8vcs8._.js:776
[  355389ms] [LOG] [Fast Refresh] done in 155ms @ http://localhost:3001/_next/static/chunks/node_modules_next_dist_1e8vcs8._.js:776
[  355455ms] [LOG] [Fast Refresh] done in 155ms @ http://localhost:3001/_next/static/chunks/node_modules_next_dist_1e8vcs8._.js:776
[  355522ms] [LOG] [Fast Refresh] done in 155ms @ http://localhost:3001/_next/static/chunks/node_modules_next_dist_1e8vcs8._.js:776
[  355573ms] [LOG] [Fast Refresh] done in 155ms @ http://localhost:3001/_next/static/chunks/node_modules_next_dist_1e8vcs8._.js:776
[  355639ms] [LOG] [Fast Refresh] done in 155ms @ http://localhost:3001/_next/static/chunks/node_modules_next_dist_1e8vcs8._.js:776
[  355689ms] [LOG] [Fast Refresh] done in 155ms @ http://localhost:3001/_next/static/chunks/node_modules_next_dist_1e8vcs8._.js:776
[  355740ms] [LOG] [Fast Refresh] done in 155ms @ http://localhost:3001/_next/static/chunks/node_modules_next_dist_1e8vcs8._.js:776
[  355805ms] [LOG] [Fast Refresh] done in 155ms @ http://localhost:3001/_next/static/chunks/node_modules_next_dist_1e8vcs8._.js:776
[  355872ms] [LOG] [Fast Refresh] done in 155ms @ http://localhost:3001/_next/static/chunks/node_modules_next_dist_1e8vcs8._.js:776
[  355923ms] [LOG] [Fast Refresh] done in 155ms @ http://localhost:3001/_next/static/chunks/node_modules_next_dist_1e8vcs8._.js:776
[  355973ms] [LOG] [Fast Refresh] done in 155ms @ http://localhost:3001/_next/static/chunks/node_modules_next_dist_1e8vcs8._.js:776
[  356022ms] [LOG] [Fast Refresh] done in 155ms @ http://localhost:3001/_next/static/chunks/node_modules_next_dist_1e8vcs8._.js:776
[  356072ms] [LOG] [Fast Refresh] done in 155ms @ http://localhost:3001/_next/static/chunks/node_modules_next_dist_1e8vcs8._.js:776
[  356123ms] [LOG] [Fast Refresh] done in 155ms @ http://localhost:3001/_next/static/chunks/node_modules_next_dist_1e8vcs8._.js:776
[  356185ms] [LOG] [Fast Refresh] done in 155ms @ http://localhost:3001/_next/static/chunks/node_modules_next_dist_1e8vcs8._.js:776
[  356240ms] [LOG] [Fast Refresh] done in 155ms @ http://localhost:3001/_next/static/chunks/node_modules_next_dist_1e8vcs8._.js:776
[  356290ms] [LOG] [Fast Refresh] done in 155ms @ http://localhost:3001/_next/static/chunks/node_modules_next_dist_1e8vcs8._.js:776
[  356340ms] [LOG] [Fast Refresh] done in 155ms @ http://localhost:3001/_next/static/chunks/node_modules_next_dist_1e8vcs8._.js:776
[  356390ms] [LOG] [Fast Refresh] done in 155ms @ http://localhost:3001/_next/static/chunks/node_modules_next_dist_1e8vcs8._.js:776
[  356441ms] [LOG] [Fast Refresh] done in 155ms @ http://localhost:3001/_next/static/chunks/node_modules_next_dist_1e8vcs8._.js:776
[  356490ms] [LOG] [Fast Refresh] done in 155ms @ http://localhost:3001/_next/static/chunks/node_modules_next_dist_1e8vcs8._.js:776
[  356540ms] [LOG] [Fast Refresh] done in 155ms @ http://localhost:3001/_next/static/chunks/node_modules_next_dist_1e8vcs8._.js:776
[  356590ms] [LOG] [Fast Refresh] done in 155ms @ http://localhost:3001/_next/static/chunks/node_modules_next_dist_1e8vcs8._.js:776
[  356640ms] [LOG] [Fast Refresh] done in 155ms @ http://localhost:3001/_next/static/chunks/node_modules_next_dist_1e8vcs8._.js:776
[  356702ms] [LOG] [Fast Refresh] done in 155ms @ http://localhost:3001/_next/static/chunks/node_modules_next_dist_1e8vcs8._.js:776
[  356756ms] [LOG] [Fast Refresh] done in 155ms @ http://localhost:3001/_next/static/chunks/node_modules_next_dist_1e8vcs8._.js:776
[  356806ms] [LOG] [Fast Refresh] done in 155ms @ http://localhost:3001/_next/static/chunks/node_modules_next_dist_1e8vcs8._.js:776
[  356856ms] [LOG] [Fast Refresh] done in 155ms @ http://localhost:3001/_next/static/chunks/node_modules_next_dist_1e8vcs8._.js:776
[  356922ms] [LOG] [Fast Refresh] done in 155ms @ http://localhost:3001/_next/static/chunks/node_modules_next_dist_1e8vcs8._.js:776
[  356973ms] [LOG] [Fast Refresh] done in 155ms @ http://localhost:3001/_next/static/chunks/node_modules_next_dist_1e8vcs8._.js:776
[  357024ms] [LOG] [Fast Refresh] done in 155ms @ http://localhost:3001/_next/static/chunks/node_modules_next_dist_1e8vcs8._.js:776
[  357073ms] [LOG] [Fast Refresh] done in 155ms @ http://localhost:3001/_next/static/chunks/node_modules_next_dist_1e8vcs8._.js:776
[  357123ms] [LOG] [Fast Refresh] done in 155ms @ http://localhost:3001/_next/static/chunks/node_modules_next_dist_1e8vcs8._.js:776
[  357173ms] [LOG] [Fast Refresh] done in 155ms @ http://localhost:3001/_next/static/chunks/node_modules_next_dist_1e8vcs8._.js:776
[  357237ms] [LOG] [Fast Refresh] done in 155ms @ http://localhost:3001/_next/static/chunks/node_modules_next_dist_1e8vcs8._.js:776
[  357289ms] [LOG] [Fast Refresh] done in 155ms @ http://localhost:3001/_next/static/chunks/node_modules_next_dist_1e8vcs8._.js:776
[  357340ms] [LOG] [Fast Refresh] done in 155ms @ http://localhost:3001/_next/static/chunks/node_modules_next_dist_1e8vcs8._.js:776
[  357405ms] [LOG] [Fast Refresh] done in 155ms @ http://localhost:3001/_next/static/chunks/node_modules_next_dist_1e8vcs8._.js:776
[  357468ms] [LOG] [Fast Refresh] done in 155ms @ http://localhost:3001/_next/static/chunks/node_modules_next_dist_1e8vcs8._.js:776
[  357530ms] [LOG] [Fast Refresh] done in 155ms @ http://localhost:3001/_next/static/chunks/node_modules_next_dist_1e8vcs8._.js:776
[  357593ms] [LOG] [Fast Refresh] done in 155ms @ http://localhost:3001/_next/static/chunks/node_modules_next_dist_1e8vcs8._.js:776
[  357656ms] [LOG] [Fast Refresh] done in 155ms @ http://localhost:3001/_next/static/chunks/node_modules_next_dist_1e8vcs8._.js:776
[  357707ms] [LOG] [Fast Refresh] done in 155ms @ http://localhost:3001/_next/static/chunks/node_modules_next_dist_1e8vcs8._.js:776
[  357770ms] [LOG] [Fast Refresh] done in 155ms @ http://localhost:3001/_next/static/chunks/node_modules_next_dist_1e8vcs8._.js:776
[  357834ms] [LOG] [Fast Refresh] done in 155ms @ http://localhost:3001/_next/static/chunks/node_modules_next_dist_1e8vcs8._.js:776
[  357897ms] [LOG] [Fast Refresh] done in 155ms @ http://localhost:3001/_next/static/chunks/node_modules_next_dist_1e8vcs8._.js:776
[  357958ms] [LOG] [Fast Refresh] done in 155ms @ http://localhost:3001/_next/static/chunks/node_modules_next_dist_1e8vcs8._.js:776
[  358007ms] [LOG] [Fast Refresh] done in 155ms @ http://localhost:3001/_next/static/chunks/node_modules_next_dist_1e8vcs8._.js:776
[  358056ms] [LOG] [Fast Refresh] done in 155ms @ http://localhost:3001/_next/static/chunks/node_modules_next_dist_1e8vcs8._.js:776
[  358117ms] [LOG] [Fast Refresh] done in 155ms @ http://localhost:3001/_next/static/chunks/node_modules_next_dist_1e8vcs8._.js:776
[  358172ms] [LOG] [Fast Refresh] done in 155ms @ http://localhost:3001/_next/static/chunks/node_modules_next_dist_1e8vcs8._.js:776
[  358224ms] [LOG] [Fast Refresh] done in 155ms @ http://localhost:3001/_next/static/chunks/node_modules_next_dist_1e8vcs8._.js:776
[  358287ms] [LOG] [Fast Refresh] done in 155ms @ http://localhost:3001/_next/static/chunks/node_modules_next_dist_1e8vcs8._.js:776
[  358338ms] [LOG] [Fast Refresh] done in 155ms @ http://localhost:3001/_next/static/chunks/node_modules_next_dist_1e8vcs8._.js:776
[  358389ms] [LOG] [Fast Refresh] done in 155ms @ http://localhost:3001/_next/static/chunks/node_modules_next_dist_1e8vcs8._.js:776
[  358440ms] [LOG] [Fast Refresh] done in 155ms @ http://localhost:3001/_next/static/chunks/node_modules_next_dist_1e8vcs8._.js:776
[  358489ms] [LOG] [Fast Refresh] done in 155ms @ http://localhost:3001/_next/static/chunks/node_modules_next_dist_1e8vcs8._.js:776
[  358540ms] [LOG] [Fast Refresh] done in 155ms @ http://localhost:3001/_next/static/chunks/node_modules_next_dist_1e8vcs8._.js:776
[  358590ms] [LOG] [Fast Refresh] done in 155ms @ http://localhost:3001/_next/static/chunks/node_modules_next_dist_1e8vcs8._.js:776
[  358638ms] [LOG] [Fast Refresh] done in 155ms @ http://localhost:3001/_next/static/chunks/node_modules_next_dist_1e8vcs8._.js:776
[  358689ms] [LOG] [Fast Refresh] done in 155ms @ http://localhost:3001/_next/static/chunks/node_modules_next_dist_1e8vcs8._.js:776
[  358739ms] [LOG] [Fast Refresh] done in 155ms @ http://localhost:3001/_next/static/chunks/node_modules_next_dist_1e8vcs8._.js:776
[  358804ms] [LOG] [Fast Refresh] done in 155ms @ http://localhost:3001/_next/static/chunks/node_modules_next_dist_1e8vcs8._.js:776
[  358856ms] [LOG] [Fast Refresh] done in 155ms @ http://localhost:3001/_next/static/chunks/node_modules_next_dist_1e8vcs8._.js:776
[  358907ms] [LOG] [Fast Refresh] done in 155ms @ http://localhost:3001/_next/static/chunks/node_modules_next_dist_1e8vcs8._.js:776
[  358957ms] [LOG] [Fast Refresh] done in 155ms @ http://localhost:3001/_next/static/chunks/node_modules_next_dist_1e8vcs8._.js:776
[  359006ms] [LOG] [Fast Refresh] done in 155ms @ http://localhost:3001/_next/static/chunks/node_modules_next_dist_1e8vcs8._.js:776
[  359056ms] [LOG] [Fast Refresh] done in 155ms @ http://localhost:3001/_next/static/chunks/node_modules_next_dist_1e8vcs8._.js:776
[  359106ms] [LOG] [Fast Refresh] done in 155ms @ http://localhost:3001/_next/static/chunks/node_modules_next_dist_1e8vcs8._.js:776
[  359156ms] [LOG] [Fast Refresh] done in 155ms @ http://localhost:3001/_next/static/chunks/node_modules_next_dist_1e8vcs8._.js:776
[  359219ms] [LOG] [Fast Refresh] done in 155ms @ http://localhost:3001/_next/static/chunks/node_modules_next_dist_1e8vcs8._.js:776
[  359273ms] [LOG] [Fast Refresh] done in 155ms @ http://localhost:3001/_next/static/chunks/node_modules_next_dist_1e8vcs8._.js:776
[  359323ms] [LOG] [Fast Refresh] done in 155ms @ http://localhost:3001/_next/static/chunks/node_modules_next_dist_1e8vcs8._.js:776
[  359385ms] [LOG] [Fast Refresh] done in 155ms @ http://localhost:3001/_next/static/chunks/node_modules_next_dist_1e8vcs8._.js:776
[  359439ms] [LOG] [Fast Refresh] done in 155ms @ http://localhost:3001/_next/static/chunks/node_modules_next_dist_1e8vcs8._.js:776
[  359490ms] [LOG] [Fast Refresh] done in 155ms @ http://localhost:3001/_next/static/chunks/node_modules_next_dist_1e8vcs8._.js:776
[  359539ms] [LOG] [Fast Refresh] done in 155ms @ http://localhost:3001/_next/static/chunks/node_modules_next_dist_1e8vcs8._.js:776
[  359590ms] [LOG] [Fast Refresh] done in 155ms @ http://localhost:3001/_next/static/chunks/node_modules_next_dist_1e8vcs8._.js:776
[  359640ms] [LOG] [Fast Refresh] done in 155ms @ http://localhost:3001/_next/static/chunks/node_modules_next_dist_1e8vcs8._.js:776
[  359688ms] [LOG] [Fast Refresh] done in 155ms @ http://localhost:3001/_next/static/chunks/node_modules_next_dist_1e8vcs8._.js:776
[  359740ms] [LOG] [Fast Refresh] done in 155ms @ http://localhost:3001/_next/static/chunks/node_modules_next_dist_1e8vcs8._.js:776
[  359790ms] [LOG] [Fast Refresh] done in 155ms @ http://localhost:3001/_next/static/chunks/node_modules_next_dist_1e8vcs8._.js:776
[  359838ms] [LOG] [Fast Refresh] done in 155ms @ http://localhost:3001/_next/static/chunks/node_modules_next_dist_1e8vcs8._.js:776
[  359903ms] [LOG] [Fast Refresh] done in 155ms @ http://localhost:3001/_next/static/chunks/node_modules_next_dist_1e8vcs8._.js:776
[  359957ms] [LOG] [Fast Refresh] done in 155ms @ http://localhost:3001/_next/static/chunks/node_modules_next_dist_1e8vcs8._.js:776
[  360007ms] [LOG] [Fast Refresh] done in 155ms @ http://localhost:3001/_next/static/chunks/node_modules_next_dist_1e8vcs8._.js:776
[  360071ms] [LOG] [Fast Refresh] done in 155ms @ http://localhost:3001/_next/static/chunks/node_modules_next_dist_1e8vcs8._.js:776
[  360122ms] [LOG] [Fast Refresh] done in 155ms @ http://localhost:3001/_next/static/chunks/node_modules_next_dist_1e8vcs8._.js:776
[  360173ms] [LOG] [Fast Refresh] done in 155ms @ http://localhost:3001/_next/static/chunks/node_modules_next_dist_1e8vcs8._.js:776
[  360223ms] [LOG] [Fast Refresh] done in 155ms @ http://localhost:3001/_next/static/chunks/node_modules_next_dist_1e8vcs8._.js:776
[  360274ms] [LOG] [Fast Refresh] done in 155ms @ http://localhost:3001/_next/static/chunks/node_modules_next_dist_1e8vcs8._.js:776
[  360323ms] [LOG] [Fast Refresh] done in 155ms @ http://localhost:3001/_next/static/chunks/node_modules_next_dist_1e8vcs8._.js:776
[  360385ms] [LOG] [Fast Refresh] done in 155ms @ http://localhost:3001/_next/static/chunks/node_modules_next_dist_1e8vcs8._.js:776
[  360439ms] [LOG] [Fast Refresh] done in 155ms @ http://localhost:3001/_next/static/chunks/node_modules_next_dist_1e8vcs8._.js:776
[  360490ms] [LOG] [Fast Refresh] done in 155ms @ http://localhost:3001/_next/static/chunks/node_modules_next_dist_1e8vcs8._.js:776
[  360539ms] [LOG] [Fast Refresh] done in 155ms @ http://localhost:3001/_next/static/chunks/node_modules_next_dist_1e8vcs8._.js:776
[  360591ms] [LOG] [Fast Refresh] done in 155ms @ http://localhost:3001/_next/static/chunks/node_modules_next_dist_1e8vcs8._.js:776
[  360655ms] [LOG] [Fast Refresh] done in 155ms @ http://localhost:3001/_next/static/chunks/node_modules_next_dist_1e8vcs8._.js:776
[  360722ms] [LOG] [Fast Refresh] done in 155ms @ http://localhost:3001/_next/static/chunks/node_modules_next_dist_1e8vcs8._.js:776
[  360773ms] [LOG] [Fast Refresh] done in 155ms @ http://localhost:3001/_next/static/chunks/node_modules_next_dist_1e8vcs8._.js:776
[  360823ms] [LOG] [Fast Refresh] done in 155ms @ http://localhost:3001/_next/static/chunks/node_modules_next_dist_1e8vcs8._.js:776
[  360873ms] [LOG] [Fast Refresh] done in 155ms @ http://localhost:3001/_next/static/chunks/node_modules_next_dist_1e8vcs8._.js:776
[  360923ms] [LOG] [Fast Refresh] done in 155ms @ http://localhost:3001/_next/static/chunks/node_modules_next_dist_1e8vcs8._.js:776
[  360973ms] [LOG] [Fast Refresh] done in 155ms @ http://localhost:3001/_next/static/chunks/node_modules_next_dist_1e8vcs8._.js:776
[  361024ms] [LOG] [Fast Refresh] done in 155ms @ http://localhost:3001/_next/static/chunks/node_modules_next_dist_1e8vcs8._.js:776
[  361073ms] [LOG] [Fast Refresh] done in 155ms @ http://localhost:3001/_next/static/chunks/node_modules_next_dist_1e8vcs8._.js:776
[  361123ms] [LOG] [Fast Refresh] done in 155ms @ http://localhost:3001/_next/static/chunks/node_modules_next_dist_1e8vcs8._.js:776
[  361174ms] [LOG] [Fast Refresh] done in 155ms @ http://localhost:3001/_next/static/chunks/node_modules_next_dist_1e8vcs8._.js:776
[  361224ms] [LOG] [Fast Refresh] done in 155ms @ http://localhost:3001/_next/static/chunks/node_modules_next_dist_1e8vcs8._.js:776
[  361273ms] [LOG] [Fast Refresh] done in 155ms @ http://localhost:3001/_next/static/chunks/node_modules_next_dist_1e8vcs8._.js:776
[  361323ms] [LOG] [Fast Refresh] done in 155ms @ http://localhost:3001/_next/static/chunks/node_modules_next_dist_1e8vcs8._.js:776
[  361385ms] [LOG] [Fast Refresh] done in 155ms @ http://localhost:3001/_next/static/chunks/node_modules_next_dist_1e8vcs8._.js:776
[  361447ms] [LOG] [Fast Refresh] done in 155ms @ http://localhost:3001/_next/static/chunks/node_modules_next_dist_1e8vcs8._.js:776
[  361507ms] [LOG] [Fast Refresh] done in 155ms @ http://localhost:3001/_next/static/chunks/node_modules_next_dist_1e8vcs8._.js:776
[  361575ms] [LOG] [Fast Refresh] done in 155ms @ http://localhost:3001/_next/static/chunks/node_modules_next_dist_1e8vcs8._.js:776
[  361638ms] [LOG] [Fast Refresh] done in 155ms @ http://localhost:3001/_next/static/chunks/node_modules_next_dist_1e8vcs8._.js:776
[  361704ms] [LOG] [Fast Refresh] done in 155ms @ http://localhost:3001/_next/static/chunks/node_modules_next_dist_1e8vcs8._.js:776
[  361756ms] [LOG] [Fast Refresh] done in 155ms @ http://localhost:3001/_next/static/chunks/node_modules_next_dist_1e8vcs8._.js:776
[  361806ms] [LOG] [Fast Refresh] done in 155ms @ http://localhost:3001/_next/static/chunks/node_modules_next_dist_1e8vcs8._.js:776
[  361872ms] [LOG] [Fast Refresh] done in 155ms @ http://localhost:3001/_next/static/chunks/node_modules_next_dist_1e8vcs8._.js:776
[  361939ms] [LOG] [Fast Refresh] done in 155ms @ http://localhost:3001/_next/static/chunks/node_modules_next_dist_1e8vcs8._.js:776
[  361991ms] [LOG] [Fast Refresh] done in 155ms @ http://localhost:3001/_next/static/chunks/node_modules_next_dist_1e8vcs8._.js:776
[  362056ms] [LOG] [Fast Refresh] done in 155ms @ http://localhost:3001/_next/static/chunks/node_modules_next_dist_1e8vcs8._.js:776
[  362121ms] [LOG] [Fast Refresh] done in 155ms @ http://localhost:3001/_next/static/chunks/node_modules_next_dist_1e8vcs8._.js:776
[  362174ms] [LOG] [Fast Refresh] done in 155ms @ http://localhost:3001/_next/static/chunks/node_modules_next_dist_1e8vcs8._.js:776
[  362223ms] [LOG] [Fast Refresh] done in 155ms @ http://localhost:3001/_next/static/chunks/node_modules_next_dist_1e8vcs8._.js:776
[  362274ms] [LOG] [Fast Refresh] done in 155ms @ http://localhost:3001/_next/static/chunks/node_modules_next_dist_1e8vcs8._.js:776
[  362337ms] [LOG] [Fast Refresh] done in 155ms @ http://localhost:3001/_next/static/chunks/node_modules_next_dist_1e8vcs8._.js:776
[  362398ms] [LOG] [Fast Refresh] done in 155ms @ http://localhost:3001/_next/static/chunks/node_modules_next_dist_1e8vcs8._.js:776
[  362440ms] [LOG] [Fast Refresh] done in 155ms @ http://localhost:3001/_next/static/chunks/node_modules_next_dist_1e8vcs8._.js:776
[  362490ms] [LOG] [Fast Refresh] done in 155ms @ http://localhost:3001/_next/static/chunks/node_modules_next_dist_1e8vcs8._.js:776
[  362551ms] [LOG] [Fast Refresh] done in 155ms @ http://localhost:3001/_next/static/chunks/node_modules_next_dist_1e8vcs8._.js:776
[  362590ms] [LOG] [Fast Refresh] done in 155ms @ http://localhost:3001/_next/static/chunks/node_modules_next_dist_1e8vcs8._.js:776
[  362638ms] [LOG] [Fast Refresh] done in 155ms @ http://localhost:3001/_next/static/chunks/node_modules_next_dist_1e8vcs8._.js:776
[  362690ms] [LOG] [Fast Refresh] done in 155ms @ http://localhost:3001/_next/static/chunks/node_modules_next_dist_1e8vcs8._.js:776
[  362739ms] [LOG] [Fast Refresh] done in 155ms @ http://localhost:3001/_next/static/chunks/node_modules_next_dist_1e8vcs8._.js:776
[  362789ms] [LOG] [Fast Refresh] done in 155ms @ http://localhost:3001/_next/static/chunks/node_modules_next_dist_1e8vcs8._.js:776
[  362840ms] [LOG] [Fast Refresh] done in 155ms @ http://localhost:3001/_next/static/chunks/node_modules_next_dist_1e8vcs8._.js:776
[  362891ms] [LOG] [Fast Refresh] done in 155ms @ http://localhost:3001/_next/static/chunks/node_modules_next_dist_1e8vcs8._.js:776
[  362953ms] [LOG] [Fast Refresh] done in 155ms @ http://localhost:3001/_next/static/chunks/node_modules_next_dist_1e8vcs8._.js:776
[  363007ms] [LOG] [Fast Refresh] done in 155ms @ http://localhost:3001/_next/static/chunks/node_modules_next_dist_1e8vcs8._.js:776
[  363070ms] [LOG] [Fast Refresh] done in 155ms @ http://localhost:3001/_next/static/chunks/node_modules_next_dist_1e8vcs8._.js:776
[  363123ms] [LOG] [Fast Refresh] done in 155ms @ http://localhost:3001/_next/static/chunks/node_modules_next_dist_1e8vcs8._.js:776
[  363172ms] [LOG] [Fast Refresh] done in 155ms @ http://localhost:3001/_next/static/chunks/node_modules_next_dist_1e8vcs8._.js:776
[  363223ms] [LOG] [Fast Refresh] done in 155ms @ http://localhost:3001/_next/static/chunks/node_modules_next_dist_1e8vcs8._.js:776
[  363273ms] [LOG] [Fast Refresh] done in 155ms @ http://localhost:3001/_next/static/chunks/node_modules_next_dist_1e8vcs8._.js:776
[  363322ms] [LOG] [Fast Refresh] done in 155ms @ http://localhost:3001/_next/static/chunks/node_modules_next_dist_1e8vcs8._.js:776
[  363374ms] [LOG] [Fast Refresh] done in 155ms @ http://localhost:3001/_next/static/chunks/node_modules_next_dist_1e8vcs8._.js:776
[  363436ms] [LOG] [Fast Refresh] done in 155ms @ http://localhost:3001/_next/static/chunks/node_modules_next_dist_1e8vcs8._.js:776
[  363487ms] [LOG] [Fast Refresh] done in 155ms @ http://localhost:3001/_next/static/chunks/node_modules_next_dist_1e8vcs8._.js:776
[  363539ms] [LOG] [Fast Refresh] done in 155ms @ http://localhost:3001/_next/static/chunks/node_modules_next_dist_1e8vcs8._.js:776
[  363605ms] [LOG] [Fast Refresh] done in 155ms @ http://localhost:3001/_next/static/chunks/node_modules_next_dist_1e8vcs8._.js:776
[  363655ms] [LOG] [Fast Refresh] done in 155ms @ http://localhost:3001/_next/static/chunks/node_modules_next_dist_1e8vcs8._.js:776
[  363707ms] [LOG] [Fast Refresh] done in 155ms @ http://localhost:3001/_next/static/chunks/node_modules_next_dist_1e8vcs8._.js:776
[  363757ms] [LOG] [Fast Refresh] done in 155ms @ http://localhost:3001/_next/static/chunks/node_modules_next_dist_1e8vcs8._.js:776
[  363807ms] [LOG] [Fast Refresh] done in 155ms @ http://localhost:3001/_next/static/chunks/node_modules_next_dist_1e8vcs8._.js:776
[  363857ms] [LOG] [Fast Refresh] done in 155ms @ http://localhost:3001/_next/static/chunks/node_modules_next_dist_1e8vcs8._.js:776
[  363907ms] [LOG] [Fast Refresh] done in 155ms @ http://localhost:3001/_next/static/chunks/node_modules_next_dist_1e8vcs8._.js:776
[  363970ms] [LOG] [Fast Refresh] done in 155ms @ http://localhost:3001/_next/static/chunks/node_modules_next_dist_1e8vcs8._.js:776
[  364022ms] [LOG] [Fast Refresh] done in 155ms @ http://localhost:3001/_next/static/chunks/node_modules_next_dist_1e8vcs8._.js:776
[  364073ms] [LOG] [Fast Refresh] done in 155ms @ http://localhost:3001/_next/static/chunks/node_modules_next_dist_1e8vcs8._.js:776
[  364126ms] [LOG] [Fast Refresh] done in 155ms @ http://localhost:3001/_next/static/chunks/node_modules_next_dist_1e8vcs8._.js:776
[  364189ms] [LOG] [Fast Refresh] done in 155ms @ http://localhost:3001/_next/static/chunks/node_modules_next_dist_1e8vcs8._.js:776
[  364240ms] [LOG] [Fast Refresh] done in 155ms @ http://localhost:3001/_next/static/chunks/node_modules_next_dist_1e8vcs8._.js:776
[  364289ms] [LOG] [Fast Refresh] done in 155ms @ http://localhost:3001/_next/static/chunks/node_modules_next_dist_1e8vcs8._.js:776
[  364354ms] [LOG] [Fast Refresh] done in 155ms @ http://localhost:3001/_next/static/chunks/node_modules_next_dist_1e8vcs8._.js:776
[  364405ms] [LOG] [Fast Refresh] done in 155ms @ http://localhost:3001/_next/static/chunks/node_modules_next_dist_1e8vcs8._.js:776
[  364470ms] [LOG] [Fast Refresh] done in 155ms @ http://localhost:3001/_next/static/chunks/node_modules_next_dist_1e8vcs8._.js:776
[  364523ms] [LOG] [Fast Refresh] done in 155ms @ http://localhost:3001/_next/static/chunks/node_modules_next_dist_1e8vcs8._.js:776
[  364573ms] [LOG] [Fast Refresh] done in 155ms @ http://localhost:3001/_next/static/chunks/node_modules_next_dist_1e8vcs8._.js:776
[  364622ms] [LOG] [Fast Refresh] done in 155ms @ http://localhost:3001/_next/static/chunks/node_modules_next_dist_1e8vcs8._.js:776
[  364673ms] [LOG] [Fast Refresh] done in 155ms @ http://localhost:3001/_next/static/chunks/node_modules_next_dist_1e8vcs8._.js:776
[  364735ms] [LOG] [Fast Refresh] done in 155ms @ http://localhost:3001/_next/static/chunks/node_modules_next_dist_1e8vcs8._.js:776
[  364790ms] [LOG] [Fast Refresh] done in 155ms @ http://localhost:3001/_next/static/chunks/node_modules_next_dist_1e8vcs8._.js:776
[  364853ms] [LOG] [Fast Refresh] done in 155ms @ http://localhost:3001/_next/static/chunks/node_modules_next_dist_1e8vcs8._.js:776
[  364916ms] [LOG] [Fast Refresh] done in 155ms @ http://localhost:3001/_next/static/chunks/node_modules_next_dist_1e8vcs8._.js:776
[  364973ms] [LOG] [Fast Refresh] done in 155ms @ http://localhost:3001/_next/static/chunks/node_modules_next_dist_1e8vcs8._.js:776
[  365035ms] [LOG] [Fast Refresh] done in 155ms @ http://localhost:3001/_next/static/chunks/node_modules_next_dist_1e8vcs8._.js:776
[  365088ms] [LOG] [Fast Refresh] done in 155ms @ http://localhost:3001/_next/static/chunks/node_modules_next_dist_1e8vcs8._.js:776
[  365150ms] [LOG] [Fast Refresh] done in 155ms @ http://localhost:3001/_next/static/chunks/node_modules_next_dist_1e8vcs8._.js:776
[  365205ms] [LOG] [Fast Refresh] done in 155ms @ http://localhost:3001/_next/static/chunks/node_modules_next_dist_1e8vcs8._.js:776
[  365267ms] [LOG] [Fast Refresh] done in 155ms @ http://localhost:3001/_next/static/chunks/node_modules_next_dist_1e8vcs8._.js:776
[  365330ms] [LOG] [Fast Refresh] done in 155ms @ http://localhost:3001/_next/static/chunks/node_modules_next_dist_1e8vcs8._.js:776
[  365389ms] [LOG] [Fast Refresh] done in 155ms @ http://localhost:3001/_next/static/chunks/node_modules_next_dist_1e8vcs8._.js:776
[  365451ms] [LOG] [Fast Refresh] done in 155ms @ http://localhost:3001/_next/static/chunks/node_modules_next_dist_1e8vcs8._.js:776
[  365505ms] [LOG] [Fast Refresh] done in 155ms @ http://localhost:3001/_next/static/chunks/node_modules_next_dist_1e8vcs8._.js:776
[  365557ms] [LOG] [Fast Refresh] done in 155ms @ http://localhost:3001/_next/static/chunks/node_modules_next_dist_1e8vcs8._.js:776
[  365620ms] [LOG] [Fast Refresh] done in 155ms @ http://localhost:3001/_next/static/chunks/node_modules_next_dist_1e8vcs8._.js:776
[  365673ms] [LOG] [Fast Refresh] done in 155ms @ http://localhost:3001/_next/static/chunks/node_modules_next_dist_1e8vcs8._.js:776
[  365723ms] [LOG] [Fast Refresh] done in 155ms @ http://localhost:3001/_next/static/chunks/node_modules_next_dist_1e8vcs8._.js:776
[  365788ms] [LOG] [Fast Refresh] done in 155ms @ http://localhost:3001/_next/static/chunks/node_modules_next_dist_1e8vcs8._.js:776
[  365840ms] [LOG] [Fast Refresh] done in 155ms @ http://localhost:3001/_next/static/chunks/node_modules_next_dist_1e8vcs8._.js:776
[  365903ms] [LOG] [Fast Refresh] done in 155ms @ http://localhost:3001/_next/static/chunks/node_modules_next_dist_1e8vcs8._.js:776
[  365970ms] [LOG] [Fast Refresh] done in 155ms @ http://localhost:3001/_next/static/chunks/node_modules_next_dist_1e8vcs8._.js:776
[  366034ms] [LOG] [Fast Refresh] done in 155ms @ http://localhost:3001/_next/static/chunks/node_modules_next_dist_1e8vcs8._.js:776
[  366092ms] [LOG] [Fast Refresh] done in 155ms @ http://localhost:3001/_next/static/chunks/node_modules_next_dist_1e8vcs8._.js:776
[  366171ms] [LOG] [Fast Refresh] done in 155ms @ http://localhost:3001/_next/static/chunks/node_modules_next_dist_1e8vcs8._.js:776
[  366235ms] [LOG] [Fast Refresh] done in 155ms @ http://localhost:3001/_next/static/chunks/node_modules_next_dist_1e8vcs8._.js:776
[  366296ms] [LOG] [Fast Refresh] done in 155ms @ http://localhost:3001/_next/static/chunks/node_modules_next_dist_1e8vcs8._.js:776
[  366359ms] [LOG] [Fast Refresh] done in 155ms @ http://localhost:3001/_next/static/chunks/node_modules_next_dist_1e8vcs8._.js:776
[  366421ms] [LOG] [Fast Refresh] done in 155ms @ http://localhost:3001/_next/static/chunks/node_modules_next_dist_1e8vcs8._.js:776
[  366472ms] [LOG] [Fast Refresh] done in 155ms @ http://localhost:3001/_next/static/chunks/node_modules_next_dist_1e8vcs8._.js:776
[  366535ms] [LOG] [Fast Refresh] done in 155ms @ http://localhost:3001/_next/static/chunks/node_modules_next_dist_1e8vcs8._.js:776
[  366599ms] [LOG] [Fast Refresh] done in 155ms @ http://localhost:3001/_next/static/chunks/node_modules_next_dist_1e8vcs8._.js:776
[  366661ms] [LOG] [Fast Refresh] done in 155ms @ http://localhost:3001/_next/static/chunks/node_modules_next_dist_1e8vcs8._.js:776
[  366724ms] [LOG] [Fast Refresh] done in 155ms @ http://localhost:3001/_next/static/chunks/node_modules_next_dist_1e8vcs8._.js:776
[  366787ms] [LOG] [Fast Refresh] done in 155ms @ http://localhost:3001/_next/static/chunks/node_modules_next_dist_1e8vcs8._.js:776
[  366851ms] [LOG] [Fast Refresh] done in 155ms @ http://localhost:3001/_next/static/chunks/node_modules_next_dist_1e8vcs8._.js:776
[  366913ms] [LOG] [Fast Refresh] done in 155ms @ http://localhost:3001/_next/static/chunks/node_modules_next_dist_1e8vcs8._.js:776
[  366976ms] [LOG] [Fast Refresh] done in 155ms @ http://localhost:3001/_next/static/chunks/node_modules_next_dist_1e8vcs8._.js:776
[  367038ms] [LOG] [Fast Refresh] done in 155ms @ http://localhost:3001/_next/static/chunks/node_modules_next_dist_1e8vcs8._.js:776
[  367103ms] [LOG] [Fast Refresh] done in 155ms @ http://localhost:3001/_next/static/chunks/node_modules_next_dist_1e8vcs8._.js:776
[  367156ms] [LOG] [Fast Refresh] done in 155ms @ http://localhost:3001/_next/static/chunks/node_modules_next_dist_1e8vcs8._.js:776
[  367207ms] [LOG] [Fast Refresh] done in 155ms @ http://localhost:3001/_next/static/chunks/node_modules_next_dist_1e8vcs8._.js:776
[  367257ms] [LOG] [Fast Refresh] done in 155ms @ http://localhost:3001/_next/static/chunks/node_modules_next_dist_1e8vcs8._.js:776
[  367307ms] [LOG] [Fast Refresh] done in 155ms @ http://localhost:3001/_next/static/chunks/node_modules_next_dist_1e8vcs8._.js:776
[  367357ms] [LOG] [Fast Refresh] done in 155ms @ http://localhost:3001/_next/static/chunks/node_modules_next_dist_1e8vcs8._.js:776
[  367406ms] [LOG] [Fast Refresh] done in 155ms @ http://localhost:3001/_next/static/chunks/node_modules_next_dist_1e8vcs8._.js:776
[  367457ms] [LOG] [Fast Refresh] done in 155ms @ http://localhost:3001/_next/static/chunks/node_modules_next_dist_1e8vcs8._.js:776
[  367505ms] [LOG] [Fast Refresh] done in 155ms @ http://localhost:3001/_next/static/chunks/node_modules_next_dist_1e8vcs8._.js:776
[  367557ms] [LOG] [Fast Refresh] done in 155ms @ http://localhost:3001/_next/static/chunks/node_modules_next_dist_1e8vcs8._.js:776
[  367619ms] [LOG] [Fast Refresh] done in 155ms @ http://localhost:3001/_next/static/chunks/node_modules_next_dist_1e8vcs8._.js:776
[  367688ms] [LOG] [Fast Refresh] done in 155ms @ http://localhost:3001/_next/static/chunks/node_modules_next_dist_1e8vcs8._.js:776
[  367739ms] [LOG] [Fast Refresh] done in 155ms @ http://localhost:3001/_next/static/chunks/node_modules_next_dist_1e8vcs8._.js:776
[  367790ms] [LOG] [Fast Refresh] done in 155ms @ http://localhost:3001/_next/static/chunks/node_modules_next_dist_1e8vcs8._.js:776
[  367840ms] [LOG] [Fast Refresh] done in 155ms @ http://localhost:3001/_next/static/chunks/node_modules_next_dist_1e8vcs8._.js:776
[  367905ms] [LOG] [Fast Refresh] done in 155ms @ http://localhost:3001/_next/static/chunks/node_modules_next_dist_1e8vcs8._.js:776
[  367956ms] [LOG] [Fast Refresh] done in 155ms @ http://localhost:3001/_next/static/chunks/node_modules_next_dist_1e8vcs8._.js:776
[  368007ms] [LOG] [Fast Refresh] done in 155ms @ http://localhost:3001/_next/static/chunks/node_modules_next_dist_1e8vcs8._.js:776
[  368057ms] [LOG] [Fast Refresh] done in 155ms @ http://localhost:3001/_next/static/chunks/node_modules_next_dist_1e8vcs8._.js:776
[  368106ms] [LOG] [Fast Refresh] done in 155ms @ http://localhost:3001/_next/static/chunks/node_modules_next_dist_1e8vcs8._.js:776
[  368170ms] [LOG] [Fast Refresh] done in 155ms @ http://localhost:3001/_next/static/chunks/node_modules_next_dist_1e8vcs8._.js:776
[  368239ms] [LOG] [Fast Refresh] done in 155ms @ http://localhost:3001/_next/static/chunks/node_modules_next_dist_1e8vcs8._.js:776
[  368305ms] [LOG] [Fast Refresh] done in 155ms @ http://localhost:3001/_next/static/chunks/node_modules_next_dist_1e8vcs8._.js:776
[  368356ms] [LOG] [Fast Refresh] done in 155ms @ http://localhost:3001/_next/static/chunks/node_modules_next_dist_1e8vcs8._.js:776
[  368406ms] [LOG] [Fast Refresh] done in 155ms @ http://localhost:3001/_next/static/chunks/node_modules_next_dist_1e8vcs8._.js:776
[  368457ms] [LOG] [Fast Refresh] done in 155ms @ http://localhost:3001/_next/static/chunks/node_modules_next_dist_1e8vcs8._.js:776
[  368505ms] [LOG] [Fast Refresh] done in 155ms @ http://localhost:3001/_next/static/chunks/node_modules_next_dist_1e8vcs8._.js:776
[  368556ms] [LOG] [Fast Refresh] done in 155ms @ http://localhost:3001/_next/static/chunks/node_modules_next_dist_1e8vcs8._.js:776
[  368606ms] [LOG] [Fast Refresh] done in 155ms @ http://localhost:3001/_next/static/chunks/node_modules_next_dist_1e8vcs8._.js:776
[  368654ms] [LOG] [Fast Refresh] done in 155ms @ http://localhost:3001/_next/static/chunks/node_modules_next_dist_1e8vcs8._.js:776
[  368706ms] [LOG] [Fast Refresh] done in 155ms @ http://localhost:3001/_next/static/chunks/node_modules_next_dist_1e8vcs8._.js:776
[  368755ms] [LOG] [Fast Refresh] done in 155ms @ http://localhost:3001/_next/static/chunks/node_modules_next_dist_1e8vcs8._.js:776
[  368806ms] [LOG] [Fast Refresh] done in 155ms @ http://localhost:3001/_next/static/chunks/node_modules_next_dist_1e8vcs8._.js:776
[  368858ms] [LOG] [Fast Refresh] done in 155ms @ http://localhost:3001/_next/static/chunks/node_modules_next_dist_1e8vcs8._.js:776
[  368907ms] [LOG] [Fast Refresh] done in 155ms @ http://localhost:3001/_next/static/chunks/node_modules_next_dist_1e8vcs8._.js:776
[  368957ms] [LOG] [Fast Refresh] done in 155ms @ http://localhost:3001/_next/static/chunks/node_modules_next_dist_1e8vcs8._.js:776
[  369006ms] [LOG] [Fast Refresh] done in 155ms @ http://localhost:3001/_next/static/chunks/node_modules_next_dist_1e8vcs8._.js:776
[  369056ms] [LOG] [Fast Refresh] done in 155ms @ http://localhost:3001/_next/static/chunks/node_modules_next_dist_1e8vcs8._.js:776
[  369106ms] [LOG] [Fast Refresh] done in 155ms @ http://localhost:3001/_next/static/chunks/node_modules_next_dist_1e8vcs8._.js:776
[  369156ms] [LOG] [Fast Refresh] done in 155ms @ http://localhost:3001/_next/static/chunks/node_modules_next_dist_1e8vcs8._.js:776
[  369220ms] [LOG] [Fast Refresh] done in 155ms @ http://localhost:3001/_next/static/chunks/node_modules_next_dist_1e8vcs8._.js:776
[  369274ms] [LOG] [Fast Refresh] done in 155ms @ http://localhost:3001/_next/static/chunks/node_modules_next_dist_1e8vcs8._.js:776
[  369323ms] [LOG] [Fast Refresh] done in 155ms @ http://localhost:3001/_next/static/chunks/node_modules_next_dist_1e8vcs8._.js:776
[  369373ms] [LOG] [Fast Refresh] done in 155ms @ http://localhost:3001/_next/static/chunks/node_modules_next_dist_1e8vcs8._.js:776
[  369422ms] [LOG] [Fast Refresh] done in 155ms @ http://localhost:3001/_next/static/chunks/node_modules_next_dist_1e8vcs8._.js:776
[  369474ms] [LOG] [Fast Refresh] done in 155ms @ http://localhost:3001/_next/static/chunks/node_modules_next_dist_1e8vcs8._.js:776
[  369524ms] [LOG] [Fast Refresh] done in 155ms @ http://localhost:3001/_next/static/chunks/node_modules_next_dist_1e8vcs8._.js:776
[  369589ms] [LOG] [Fast Refresh] done in 155ms @ http://localhost:3001/_next/static/chunks/node_modules_next_dist_1e8vcs8._.js:776
[  369640ms] [LOG] [Fast Refresh] done in 155ms @ http://localhost:3001/_next/static/chunks/node_modules_next_dist_1e8vcs8._.js:776
[  369693ms] [LOG] [Fast Refresh] done in 155ms @ http://localhost:3001/_next/static/chunks/node_modules_next_dist_1e8vcs8._.js:776
[  369753ms] [LOG] [Fast Refresh] done in 155ms @ http://localhost:3001/_next/static/chunks/node_modules_next_dist_1e8vcs8._.js:776
[  369807ms] [LOG] [Fast Refresh] done in 155ms @ http://localhost:3001/_next/static/chunks/node_modules_next_dist_1e8vcs8._.js:776
[  369857ms] [LOG] [Fast Refresh] done in 155ms @ http://localhost:3001/_next/static/chunks/node_modules_next_dist_1e8vcs8._.js:776
[  369921ms] [LOG] [Fast Refresh] done in 155ms @ http://localhost:3001/_next/static/chunks/node_modules_next_dist_1e8vcs8._.js:776
[  369973ms] [LOG] [Fast Refresh] done in 155ms @ http://localhost:3001/_next/static/chunks/node_modules_next_dist_1e8vcs8._.js:776
[  370024ms] [LOG] [Fast Refresh] done in 155ms @ http://localhost:3001/_next/static/chunks/node_modules_next_dist_1e8vcs8._.js:776
[  370073ms] [LOG] [Fast Refresh] done in 155ms @ http://localhost:3001/_next/static/chunks/node_modules_next_dist_1e8vcs8._.js:776
[  370123ms] [LOG] [Fast Refresh] done in 155ms @ http://localhost:3001/_next/static/chunks/node_modules_next_dist_1e8vcs8._.js:776
[  370173ms] [LOG] [Fast Refresh] done in 155ms @ http://localhost:3001/_next/static/chunks/node_modules_next_dist_1e8vcs8._.js:776
[  370237ms] [LOG] [Fast Refresh] done in 155ms @ http://localhost:3001/_next/static/chunks/node_modules_next_dist_1e8vcs8._.js:776
[  370300ms] [LOG] [Fast Refresh] done in 155ms @ http://localhost:3001/_next/static/chunks/node_modules_next_dist_1e8vcs8._.js:776
[  370341ms] [LOG] [Fast Refresh] done in 155ms @ http://localhost:3001/_next/static/chunks/node_modules_next_dist_1e8vcs8._.js:776
[  370402ms] [LOG] [Fast Refresh] done in 155ms @ http://localhost:3001/_next/static/chunks/node_modules_next_dist_1e8vcs8._.js:776
[  370457ms] [LOG] [Fast Refresh] done in 155ms @ http://localhost:3001/_next/static/chunks/node_modules_next_dist_1e8vcs8._.js:776
[  370519ms] [LOG] [Fast Refresh] done in 155ms @ http://localhost:3001/_next/static/chunks/node_modules_next_dist_1e8vcs8._.js:776
[  370573ms] [LOG] [Fast Refresh] done in 155ms @ http://localhost:3001/_next/static/chunks/node_modules_next_dist_1e8vcs8._.js:776
[  370623ms] [LOG] [Fast Refresh] done in 155ms @ http://localhost:3001/_next/static/chunks/node_modules_next_dist_1e8vcs8._.js:776
[  370686ms] [LOG] [Fast Refresh] done in 155ms @ http://localhost:3001/_next/static/chunks/node_modules_next_dist_1e8vcs8._.js:776
[  370739ms] [LOG] [Fast Refresh] done in 155ms @ http://localhost:3001/_next/static/chunks/node_modules_next_dist_1e8vcs8._.js:776
[  370790ms] [LOG] [Fast Refresh] done in 155ms @ http://localhost:3001/_next/static/chunks/node_modules_next_dist_1e8vcs8._.js:776
[  370839ms] [LOG] [Fast Refresh] done in 155ms @ http://localhost:3001/_next/static/chunks/node_modules_next_dist_1e8vcs8._.js:776
[  370891ms] [LOG] [Fast Refresh] done in 155ms @ http://localhost:3001/_next/static/chunks/node_modules_next_dist_1e8vcs8._.js:776
[  370940ms] [LOG] [Fast Refresh] done in 155ms @ http://localhost:3001/_next/static/chunks/node_modules_next_dist_1e8vcs8._.js:776
[  371003ms] [LOG] [Fast Refresh] done in 155ms @ http://localhost:3001/_next/static/chunks/node_modules_next_dist_1e8vcs8._.js:776
[  371056ms] [LOG] [Fast Refresh] done in 155ms @ http://localhost:3001/_next/static/chunks/node_modules_next_dist_1e8vcs8._.js:776
[  371119ms] [LOG] [Fast Refresh] done in 155ms @ http://localhost:3001/_next/static/chunks/node_modules_next_dist_1e8vcs8._.js:776
[  371174ms] [LOG] [Fast Refresh] done in 155ms @ http://localhost:3001/_next/static/chunks/node_modules_next_dist_1e8vcs8._.js:776
[  371223ms] [LOG] [Fast Refresh] done in 155ms @ http://localhost:3001/_next/static/chunks/node_modules_next_dist_1e8vcs8._.js:776
[  371274ms] [LOG] [Fast Refresh] done in 155ms @ http://localhost:3001/_next/static/chunks/node_modules_next_dist_1e8vcs8._.js:776
[  371339ms] [LOG] [Fast Refresh] done in 155ms @ http://localhost:3001/_next/static/chunks/node_modules_next_dist_1e8vcs8._.js:776
[  371390ms] [LOG] [Fast Refresh] done in 155ms @ http://localhost:3001/_next/static/chunks/node_modules_next_dist_1e8vcs8._.js:776
[  371439ms] [LOG] [Fast Refresh] done in 155ms @ http://localhost:3001/_next/static/chunks/node_modules_next_dist_1e8vcs8._.js:776
[  371491ms] [LOG] [Fast Refresh] done in 155ms @ http://localhost:3001/_next/static/chunks/node_modules_next_dist_1e8vcs8._.js:776
[  371540ms] [LOG] [Fast Refresh] done in 155ms @ http://localhost:3001/_next/static/chunks/node_modules_next_dist_1e8vcs8._.js:776
[  371589ms] [LOG] [Fast Refresh] done in 155ms @ http://localhost:3001/_next/static/chunks/node_modules_next_dist_1e8vcs8._.js:776
[  371639ms] [LOG] [Fast Refresh] done in 155ms @ http://localhost:3001/_next/static/chunks/node_modules_next_dist_1e8vcs8._.js:776
[  371703ms] [LOG] [Fast Refresh] done in 155ms @ http://localhost:3001/_next/static/chunks/node_modules_next_dist_1e8vcs8._.js:776
[  371756ms] [LOG] [Fast Refresh] done in 155ms @ http://localhost:3001/_next/static/chunks/node_modules_next_dist_1e8vcs8._.js:776
[  371807ms] [LOG] [Fast Refresh] done in 155ms @ http://localhost:3001/_next/static/chunks/node_modules_next_dist_1e8vcs8._.js:776
[  371856ms] [LOG] [Fast Refresh] done in 155ms @ http://localhost:3001/_next/static/chunks/node_modules_next_dist_1e8vcs8._.js:776
[  371923ms] [LOG] [Fast Refresh] done in 155ms @ http://localhost:3001/_next/static/chunks/node_modules_next_dist_1e8vcs8._.js:776
[  371989ms] [LOG] [Fast Refresh] done in 155ms @ http://localhost:3001/_next/static/chunks/node_modules_next_dist_1e8vcs8._.js:776
[  372040ms] [LOG] [Fast Refresh] done in 155ms @ http://localhost:3001/_next/static/chunks/node_modules_next_dist_1e8vcs8._.js:776
[  372089ms] [LOG] [Fast Refresh] done in 155ms @ http://localhost:3001/_next/static/chunks/node_modules_next_dist_1e8vcs8._.js:776
[  372155ms] [LOG] [Fast Refresh] done in 155ms @ http://localhost:3001/_next/static/chunks/node_modules_next_dist_1e8vcs8._.js:776
[  372220ms] [LOG] [Fast Refresh] done in 155ms @ http://localhost:3001/_next/static/chunks/node_modules_next_dist_1e8vcs8._.js:776
[  372272ms] [LOG] [Fast Refresh] done in 155ms @ http://localhost:3001/_next/static/chunks/node_modules_next_dist_1e8vcs8._.js:776
[  372322ms] [LOG] [Fast Refresh] done in 155ms @ http://localhost:3001/_next/static/chunks/node_modules_next_dist_1e8vcs8._.js:776
[  372373ms] [LOG] [Fast Refresh] done in 155ms @ http://localhost:3001/_next/static/chunks/node_modules_next_dist_1e8vcs8._.js:776
[  372422ms] [LOG] [Fast Refresh] done in 155ms @ http://localhost:3001/_next/static/chunks/node_modules_next_dist_1e8vcs8._.js:776
[  372487ms] [LOG] [Fast Refresh] done in 155ms @ http://localhost:3001/_next/static/chunks/node_modules_next_dist_1e8vcs8._.js:776
[  372538ms] [LOG] [Fast Refresh] done in 155ms @ http://localhost:3001/_next/static/chunks/node_modules_next_dist_1e8vcs8._.js:776
[  372590ms] [LOG] [Fast Refresh] done in 155ms @ http://localhost:3001/_next/static/chunks/node_modules_next_dist_1e8vcs8._.js:776
[  372640ms] [LOG] [Fast Refresh] done in 155ms @ http://localhost:3001/_next/static/chunks/node_modules_next_dist_1e8vcs8._.js:776
[  372690ms] [LOG] [Fast Refresh] done in 155ms @ http://localhost:3001/_next/static/chunks/node_modules_next_dist_1e8vcs8._.js:776
[  372740ms] [LOG] [Fast Refresh] done in 155ms @ http://localhost:3001/_next/static/chunks/node_modules_next_dist_1e8vcs8._.js:776
[  372790ms] [LOG] [Fast Refresh] done in 155ms @ http://localhost:3001/_next/static/chunks/node_modules_next_dist_1e8vcs8._.js:776
[  372854ms] [LOG] [Fast Refresh] done in 155ms @ http://localhost:3001/_next/static/chunks/node_modules_next_dist_1e8vcs8._.js:776
[  372906ms] [LOG] [Fast Refresh] done in 155ms @ http://localhost:3001/_next/static/chunks/node_modules_next_dist_1e8vcs8._.js:776
[  372969ms] [LOG] [Fast Refresh] done in 155ms @ http://localhost:3001/_next/static/chunks/node_modules_next_dist_1e8vcs8._.js:776
[  373037ms] [LOG] [Fast Refresh] done in 155ms @ http://localhost:3001/_next/static/chunks/node_modules_next_dist_1e8vcs8._.js:776
[  373089ms] [LOG] [Fast Refresh] done in 155ms @ http://localhost:3001/_next/static/chunks/node_modules_next_dist_1e8vcs8._.js:776
[  373140ms] [LOG] [Fast Refresh] done in 155ms @ http://localhost:3001/_next/static/chunks/node_modules_next_dist_1e8vcs8._.js:776
[  373190ms] [LOG] [Fast Refresh] done in 155ms @ http://localhost:3001/_next/static/chunks/node_modules_next_dist_1e8vcs8._.js:776
[  373255ms] [LOG] [Fast Refresh] done in 155ms @ http://localhost:3001/_next/static/chunks/node_modules_next_dist_1e8vcs8._.js:776
[  373306ms] [LOG] [Fast Refresh] done in 155ms @ http://localhost:3001/_next/static/chunks/node_modules_next_dist_1e8vcs8._.js:776
[  373357ms] [LOG] [Fast Refresh] done in 155ms @ http://localhost:3001/_next/static/chunks/node_modules_next_dist_1e8vcs8._.js:776
[  373405ms] [LOG] [Fast Refresh] done in 155ms @ http://localhost:3001/_next/static/chunks/node_modules_next_dist_1e8vcs8._.js:776
[  373456ms] [LOG] [Fast Refresh] done in 155ms @ http://localhost:3001/_next/static/chunks/node_modules_next_dist_1e8vcs8._.js:776
[  373506ms] [LOG] [Fast Refresh] done in 155ms @ http://localhost:3001/_next/static/chunks/node_modules_next_dist_1e8vcs8._.js:776
[  373555ms] [LOG] [Fast Refresh] done in 155ms @ http://localhost:3001/_next/static/chunks/node_modules_next_dist_1e8vcs8._.js:776
[  373619ms] [LOG] [Fast Refresh] done in 155ms @ http://localhost:3001/_next/static/chunks/node_modules_next_dist_1e8vcs8._.js:776
[  373673ms] [LOG] [Fast Refresh] done in 155ms @ http://localhost:3001/_next/static/chunks/node_modules_next_dist_1e8vcs8._.js:776
[  373723ms] [LOG] [Fast Refresh] done in 155ms @ http://localhost:3001/_next/static/chunks/node_modules_next_dist_1e8vcs8._.js:776
[  373773ms] [LOG] [Fast Refresh] done in 155ms @ http://localhost:3001/_next/static/chunks/node_modules_next_dist_1e8vcs8._.js:776
[  373823ms] [LOG] [Fast Refresh] done in 155ms @ http://localhost:3001/_next/static/chunks/node_modules_next_dist_1e8vcs8._.js:776
[  373873ms] [LOG] [Fast Refresh] done in 155ms @ http://localhost:3001/_next/static/chunks/node_modules_next_dist_1e8vcs8._.js:776
[  373924ms] [LOG] [Fast Refresh] done in 155ms @ http://localhost:3001/_next/static/chunks/node_modules_next_dist_1e8vcs8._.js:776
[  373987ms] [LOG] [Fast Refresh] done in 155ms @ http://localhost:3001/_next/static/chunks/node_modules_next_dist_1e8vcs8._.js:776
[  374040ms] [LOG] [Fast Refresh] done in 155ms @ http://localhost:3001/_next/static/chunks/node_modules_next_dist_1e8vcs8._.js:776
[  374104ms] [LOG] [Fast Refresh] done in 155ms @ http://localhost:3001/_next/static/chunks/node_modules_next_dist_1e8vcs8._.js:776
[  374168ms] [LOG] [Fast Refresh] done in 155ms @ http://localhost:3001/_next/static/chunks/node_modules_next_dist_1e8vcs8._.js:776
[  374223ms] [LOG] [Fast Refresh] done in 155ms @ http://localhost:3001/_next/static/chunks/node_modules_next_dist_1e8vcs8._.js:776
[  374273ms] [LOG] [Fast Refresh] done in 155ms @ http://localhost:3001/_next/static/chunks/node_modules_next_dist_1e8vcs8._.js:776
[  374336ms] [LOG] [Fast Refresh] done in 155ms @ http://localhost:3001/_next/static/chunks/node_modules_next_dist_1e8vcs8._.js:776
[  374388ms] [LOG] [Fast Refresh] done in 155ms @ http://localhost:3001/_next/static/chunks/node_modules_next_dist_1e8vcs8._.js:776
[  374455ms] [LOG] [Fast Refresh] done in 155ms @ http://localhost:3001/_next/static/chunks/node_modules_next_dist_1e8vcs8._.js:776
[  374505ms] [LOG] [Fast Refresh] done in 155ms @ http://localhost:3001/_next/static/chunks/node_modules_next_dist_1e8vcs8._.js:776
[  374556ms] [LOG] [Fast Refresh] done in 155ms @ http://localhost:3001/_next/static/chunks/node_modules_next_dist_1e8vcs8._.js:776
[  374606ms] [LOG] [Fast Refresh] done in 155ms @ http://localhost:3001/_next/static/chunks/node_modules_next_dist_1e8vcs8._.js:776
[  374656ms] [LOG] [Fast Refresh] done in 155ms @ http://localhost:3001/_next/static/chunks/node_modules_next_dist_1e8vcs8._.js:776
[  374706ms] [LOG] [Fast Refresh] done in 155ms @ http://localhost:3001/_next/static/chunks/node_modules_next_dist_1e8vcs8._.js:776
[  374757ms] [LOG] [Fast Refresh] done in 155ms @ http://localhost:3001/_next/static/chunks/node_modules_next_dist_1e8vcs8._.js:776
[  374807ms] [LOG] [Fast Refresh] done in 155ms @ http://localhost:3001/_next/static/chunks/node_modules_next_dist_1e8vcs8._.js:776
[  374870ms] [LOG] [Fast Refresh] done in 155ms @ http://localhost:3001/_next/static/chunks/node_modules_next_dist_1e8vcs8._.js:776
[  374924ms] [LOG] [Fast Refresh] done in 155ms @ http://localhost:3001/_next/static/chunks/node_modules_next_dist_1e8vcs8._.js:776
[  374974ms] [LOG] [Fast Refresh] done in 155ms @ http://localhost:3001/_next/static/chunks/node_modules_next_dist_1e8vcs8._.js:776
[  375024ms] [LOG] [Fast Refresh] done in 155ms @ http://localhost:3001/_next/static/chunks/node_modules_next_dist_1e8vcs8._.js:776
[  375086ms] [LOG] [Fast Refresh] done in 155ms @ http://localhost:3001/_next/static/chunks/node_modules_next_dist_1e8vcs8._.js:776
[  375141ms] [LOG] [Fast Refresh] done in 155ms @ http://localhost:3001/_next/static/chunks/node_modules_next_dist_1e8vcs8._.js:776
[  375190ms] [LOG] [Fast Refresh] done in 155ms @ http://localhost:3001/_next/static/chunks/node_modules_next_dist_1e8vcs8._.js:776
[  375240ms] [LOG] [Fast Refresh] done in 155ms @ http://localhost:3001/_next/static/chunks/node_modules_next_dist_1e8vcs8._.js:776
[  375290ms] [LOG] [Fast Refresh] done in 155ms @ http://localhost:3001/_next/static/chunks/node_modules_next_dist_1e8vcs8._.js:776
[  375353ms] [LOG] [Fast Refresh] done in 155ms @ http://localhost:3001/_next/static/chunks/node_modules_next_dist_1e8vcs8._.js:776
[  375405ms] [LOG] [Fast Refresh] done in 155ms @ http://localhost:3001/_next/static/chunks/node_modules_next_dist_1e8vcs8._.js:776
[  375457ms] [LOG] [Fast Refresh] done in 155ms @ http://localhost:3001/_next/static/chunks/node_modules_next_dist_1e8vcs8._.js:776
[  375506ms] [LOG] [Fast Refresh] done in 155ms @ http://localhost:3001/_next/static/chunks/node_modules_next_dist_1e8vcs8._.js:776
[  375567ms] [LOG] [Fast Refresh] done in 155ms @ http://localhost:3001/_next/static/chunks/node_modules_next_dist_1e8vcs8._.js:776
[  375623ms] [LOG] [Fast Refresh] done in 155ms @ http://localhost:3001/_next/static/chunks/node_modules_next_dist_1e8vcs8._.js:776
[  375674ms] [LOG] [Fast Refresh] done in 155ms @ http://localhost:3001/_next/static/chunks/node_modules_next_dist_1e8vcs8._.js:776
[  375724ms] [LOG] [Fast Refresh] done in 155ms @ http://localhost:3001/_next/static/chunks/node_modules_next_dist_1e8vcs8._.js:776
[  375774ms] [LOG] [Fast Refresh] done in 155ms @ http://localhost:3001/_next/static/chunks/node_modules_next_dist_1e8vcs8._.js:776
[  375822ms] [LOG] [Fast Refresh] done in 155ms @ http://localhost:3001/_next/static/chunks/node_modules_next_dist_1e8vcs8._.js:776
[  375874ms] [LOG] [Fast Refresh] done in 155ms @ http://localhost:3001/_next/static/chunks/node_modules_next_dist_1e8vcs8._.js:776
[  375938ms] [LOG] [Fast Refresh] done in 155ms @ http://localhost:3001/_next/static/chunks/node_modules_next_dist_1e8vcs8._.js:776
[  375990ms] [LOG] [Fast Refresh] done in 155ms @ http://localhost:3001/_next/static/chunks/node_modules_next_dist_1e8vcs8._.js:776
[  376040ms] [LOG] [Fast Refresh] done in 155ms @ http://localhost:3001/_next/static/chunks/node_modules_next_dist_1e8vcs8._.js:776
[  376091ms] [LOG] [Fast Refresh] done in 155ms @ http://localhost:3001/_next/static/chunks/node_modules_next_dist_1e8vcs8._.js:776
[  376155ms] [LOG] [Fast Refresh] done in 155ms @ http://localhost:3001/_next/static/chunks/node_modules_next_dist_1e8vcs8._.js:776
[  376206ms] [LOG] [Fast Refresh] done in 155ms @ http://localhost:3001/_next/static/chunks/node_modules_next_dist_1e8vcs8._.js:776
[  376256ms] [LOG] [Fast Refresh] done in 155ms @ http://localhost:3001/_next/static/chunks/node_modules_next_dist_1e8vcs8._.js:776
[  376307ms] [LOG] [Fast Refresh] done in 155ms @ http://localhost:3001/_next/static/chunks/node_modules_next_dist_1e8vcs8._.js:776
[  376357ms] [LOG] [Fast Refresh] done in 155ms @ http://localhost:3001/_next/static/chunks/node_modules_next_dist_1e8vcs8._.js:776
[  376420ms] [LOG] [Fast Refresh] done in 155ms @ http://localhost:3001/_next/static/chunks/node_modules_next_dist_1e8vcs8._.js:776
[  376473ms] [LOG] [Fast Refresh] done in 155ms @ http://localhost:3001/_next/static/chunks/node_modules_next_dist_1e8vcs8._.js:776
[  376538ms] [LOG] [Fast Refresh] done in 155ms @ http://localhost:3001/_next/static/chunks/node_modules_next_dist_1e8vcs8._.js:776
[  376589ms] [LOG] [Fast Refresh] done in 155ms @ http://localhost:3001/_next/static/chunks/node_modules_next_dist_1e8vcs8._.js:776
[  376640ms] [LOG] [Fast Refresh] done in 155ms @ http://localhost:3001/_next/static/chunks/node_modules_next_dist_1e8vcs8._.js:776
[  376688ms] [LOG] [Fast Refresh] done in 155ms @ http://localhost:3001/_next/static/chunks/node_modules_next_dist_1e8vcs8._.js:776
[  376741ms] [LOG] [Fast Refresh] done in 155ms @ http://localhost:3001/_next/static/chunks/node_modules_next_dist_1e8vcs8._.js:776
[  376803ms] [LOG] [Fast Refresh] done in 155ms @ http://localhost:3001/_next/static/chunks/node_modules_next_dist_1e8vcs8._.js:776
[  376856ms] [LOG] [Fast Refresh] done in 155ms @ http://localhost:3001/_next/static/chunks/node_modules_next_dist_1e8vcs8._.js:776
[  376922ms] [LOG] [Fast Refresh] done in 155ms @ http://localhost:3001/_next/static/chunks/node_modules_next_dist_1e8vcs8._.js:776
[  376987ms] [LOG] [Fast Refresh] done in 155ms @ http://localhost:3001/_next/static/chunks/node_modules_next_dist_1e8vcs8._.js:776
[  377040ms] [LOG] [Fast Refresh] done in 155ms @ http://localhost:3001/_next/static/chunks/node_modules_next_dist_1e8vcs8._.js:776
[  377090ms] [LOG] [Fast Refresh] done in 155ms @ http://localhost:3001/_next/static/chunks/node_modules_next_dist_1e8vcs8._.js:776
[  377139ms] [LOG] [Fast Refresh] done in 155ms @ http://localhost:3001/_next/static/chunks/node_modules_next_dist_1e8vcs8._.js:776
[  377190ms] [LOG] [Fast Refresh] done in 155ms @ http://localhost:3001/_next/static/chunks/node_modules_next_dist_1e8vcs8._.js:776
[  377240ms] [LOG] [Fast Refresh] done in 155ms @ http://localhost:3001/_next/static/chunks/node_modules_next_dist_1e8vcs8._.js:776
[  377302ms] [LOG] [Fast Refresh] done in 155ms @ http://localhost:3001/_next/static/chunks/node_modules_next_dist_1e8vcs8._.js:776
[  377356ms] [LOG] [Fast Refresh] done in 155ms @ http://localhost:3001/_next/static/chunks/node_modules_next_dist_1e8vcs8._.js:776
[  377418ms] [LOG] [Fast Refresh] done in 155ms @ http://localhost:3001/_next/static/chunks/node_modules_next_dist_1e8vcs8._.js:776
[  377472ms] [LOG] [Fast Refresh] done in 155ms @ http://localhost:3001/_next/static/chunks/node_modules_next_dist_1e8vcs8._.js:776
[  377538ms] [LOG] [Fast Refresh] done in 155ms @ http://localhost:3001/_next/static/chunks/node_modules_next_dist_1e8vcs8._.js:776
[  377606ms] [LOG] [Fast Refresh] done in 155ms @ http://localhost:3001/_next/static/chunks/node_modules_next_dist_1e8vcs8._.js:776
[  377670ms] [LOG] [Fast Refresh] done in 155ms @ http://localhost:3001/_next/static/chunks/node_modules_next_dist_1e8vcs8._.js:776
[  377722ms] [LOG] [Fast Refresh] done in 155ms @ http://localhost:3001/_next/static/chunks/node_modules_next_dist_1e8vcs8._.js:776
[  377773ms] [LOG] [Fast Refresh] done in 155ms @ http://localhost:3001/_next/static/chunks/node_modules_next_dist_1e8vcs8._.js:776
[  377822ms] [LOG] [Fast Refresh] done in 155ms @ http://localhost:3001/_next/static/chunks/node_modules_next_dist_1e8vcs8._.js:776
[  377886ms] [LOG] [Fast Refresh] done in 155ms @ http://localhost:3001/_next/static/chunks/node_modules_next_dist_1e8vcs8._.js:776
[  377940ms] [LOG] [Fast Refresh] done in 155ms @ http://localhost:3001/_next/static/chunks/node_modules_next_dist_1e8vcs8._.js:776
[  377990ms] [LOG] [Fast Refresh] done in 155ms @ http://localhost:3001/_next/static/chunks/node_modules_next_dist_1e8vcs8._.js:776
[  378039ms] [LOG] [Fast Refresh] done in 155ms @ http://localhost:3001/_next/static/chunks/node_modules_next_dist_1e8vcs8._.js:776
[  378102ms] [LOG] [Fast Refresh] done in 155ms @ http://localhost:3001/_next/static/chunks/node_modules_next_dist_1e8vcs8._.js:776
[  378156ms] [LOG] [Fast Refresh] done in 155ms @ http://localhost:3001/_next/static/chunks/node_modules_next_dist_1e8vcs8._.js:776
[  378220ms] [LOG] [Fast Refresh] done in 155ms @ http://localhost:3001/_next/static/chunks/node_modules_next_dist_1e8vcs8._.js:776
[  378272ms] [LOG] [Fast Refresh] done in 155ms @ http://localhost:3001/_next/static/chunks/node_modules_next_dist_1e8vcs8._.js:776
[  378323ms] [LOG] [Fast Refresh] done in 155ms @ http://localhost:3001/_next/static/chunks/node_modules_next_dist_1e8vcs8._.js:776
[  378388ms] [LOG] [Fast Refresh] done in 155ms @ http://localhost:3001/_next/static/chunks/node_modules_next_dist_1e8vcs8._.js:776
[  378456ms] [LOG] [Fast Refresh] done in 155ms @ http://localhost:3001/_next/static/chunks/node_modules_next_dist_1e8vcs8._.js:776
[  378506ms] [LOG] [Fast Refresh] done in 155ms @ http://localhost:3001/_next/static/chunks/node_modules_next_dist_1e8vcs8._.js:776
[  378569ms] [LOG] [Fast Refresh] done in 155ms @ http://localhost:3001/_next/static/chunks/node_modules_next_dist_1e8vcs8._.js:776
[  378622ms] [LOG] [Fast Refresh] done in 155ms @ http://localhost:3001/_next/static/chunks/node_modules_next_dist_1e8vcs8._.js:776
[  378673ms] [LOG] [Fast Refresh] done in 155ms @ http://localhost:3001/_next/static/chunks/node_modules_next_dist_1e8vcs8._.js:776
[  378723ms] [LOG] [Fast Refresh] done in 155ms @ http://localhost:3001/_next/static/chunks/node_modules_next_dist_1e8vcs8._.js:776
[  378773ms] [LOG] [Fast Refresh] done in 155ms @ http://localhost:3001/_next/static/chunks/node_modules_next_dist_1e8vcs8._.js:776
[  378836ms] [LOG] [Fast Refresh] done in 155ms @ http://localhost:3001/_next/static/chunks/node_modules_next_dist_1e8vcs8._.js:776
[  378890ms] [LOG] [Fast Refresh] done in 155ms @ http://localhost:3001/_next/static/chunks/node_modules_next_dist_1e8vcs8._.js:776
[  378941ms] [LOG] [Fast Refresh] done in 155ms @ http://localhost:3001/_next/static/chunks/node_modules_next_dist_1e8vcs8._.js:776
[  379006ms] [LOG] [Fast Refresh] done in 155ms @ http://localhost:3001/_next/static/chunks/node_modules_next_dist_1e8vcs8._.js:776
[  379056ms] [LOG] [Fast Refresh] done in 155ms @ http://localhost:3001/_next/static/chunks/node_modules_next_dist_1e8vcs8._.js:776
[  379107ms] [LOG] [Fast Refresh] done in 155ms @ http://localhost:3001/_next/static/chunks/node_modules_next_dist_1e8vcs8._.js:776
[  379155ms] [LOG] [Fast Refresh] done in 155ms @ http://localhost:3001/_next/static/chunks/node_modules_next_dist_1e8vcs8._.js:776
[  379206ms] [LOG] [Fast Refresh] done in 155ms @ http://localhost:3001/_next/static/chunks/node_modules_next_dist_1e8vcs8._.js:776
[  379256ms] [LOG] [Fast Refresh] done in 155ms @ http://localhost:3001/_next/static/chunks/node_modules_next_dist_1e8vcs8._.js:776
[  379308ms] [LOG] [Fast Refresh] done in 155ms @ http://localhost:3001/_next/static/chunks/node_modules_next_dist_1e8vcs8._.js:776
[  379371ms] [LOG] [Fast Refresh] done in 155ms @ http://localhost:3001/_next/static/chunks/node_modules_next_dist_1e8vcs8._.js:776
[  379424ms] [LOG] [Fast Refresh] done in 155ms @ http://localhost:3001/_next/static/chunks/node_modules_next_dist_1e8vcs8._.js:776
[  379490ms] [LOG] [Fast Refresh] done in 155ms @ http://localhost:3001/_next/static/chunks/node_modules_next_dist_1e8vcs8._.js:776
[  379539ms] [LOG] [Fast Refresh] done in 155ms @ http://localhost:3001/_next/static/chunks/node_modules_next_dist_1e8vcs8._.js:776
[  379590ms] [LOG] [Fast Refresh] done in 155ms @ http://localhost:3001/_next/static/chunks/node_modules_next_dist_1e8vcs8._.js:776
[  379654ms] [LOG] [Fast Refresh] done in 155ms @ http://localhost:3001/_next/static/chunks/node_modules_next_dist_1e8vcs8._.js:776
[  379707ms] [LOG] [Fast Refresh] done in 155ms @ http://localhost:3001/_next/static/chunks/node_modules_next_dist_1e8vcs8._.js:776
[  379756ms] [LOG] [Fast Refresh] done in 155ms @ http://localhost:3001/_next/static/chunks/node_modules_next_dist_1e8vcs8._.js:776
[  379806ms] [LOG] [Fast Refresh] done in 155ms @ http://localhost:3001/_next/static/chunks/node_modules_next_dist_1e8vcs8._.js:776
[  379857ms] [LOG] [Fast Refresh] done in 155ms @ http://localhost:3001/_next/static/chunks/node_modules_next_dist_1e8vcs8._.js:776
[  379921ms] [LOG] [Fast Refresh] done in 155ms @ http://localhost:3001/_next/static/chunks/node_modules_next_dist_1e8vcs8._.js:776
[  379973ms] [LOG] [Fast Refresh] done in 155ms @ http://localhost:3001/_next/static/chunks/node_modules_next_dist_1e8vcs8._.js:776
[  380037ms] [LOG] [Fast Refresh] done in 155ms @ http://localhost:3001/_next/static/chunks/node_modules_next_dist_1e8vcs8._.js:776
[  380088ms] [LOG] [Fast Refresh] done in 155ms @ http://localhost:3001/_next/static/chunks/node_modules_next_dist_1e8vcs8._.js:776
[  380156ms] [LOG] [Fast Refresh] done in 155ms @ http://localhost:3001/_next/static/chunks/node_modules_next_dist_1e8vcs8._.js:776
[  380204ms] [LOG] [Fast Refresh] done in 155ms @ http://localhost:3001/_next/static/chunks/node_modules_next_dist_1e8vcs8._.js:776
[  380257ms] [LOG] [Fast Refresh] done in 155ms @ http://localhost:3001/_next/static/chunks/node_modules_next_dist_1e8vcs8._.js:776
[  380306ms] [LOG] [Fast Refresh] done in 155ms @ http://localhost:3001/_next/static/chunks/node_modules_next_dist_1e8vcs8._.js:776
[  380372ms] [LOG] [Fast Refresh] done in 155ms @ http://localhost:3001/_next/static/chunks/node_modules_next_dist_1e8vcs8._.js:776
[  380437ms] [LOG] [Fast Refresh] done in 155ms @ http://localhost:3001/_next/static/chunks/node_modules_next_dist_1e8vcs8._.js:776
[  380489ms] [LOG] [Fast Refresh] done in 155ms @ http://localhost:3001/_next/static/chunks/node_modules_next_dist_1e8vcs8._.js:776
[  380555ms] [LOG] [Fast Refresh] done in 155ms @ http://localhost:3001/_next/static/chunks/node_modules_next_dist_1e8vcs8._.js:776
[  380605ms] [LOG] [Fast Refresh] done in 155ms @ http://localhost:3001/_next/static/chunks/node_modules_next_dist_1e8vcs8._.js:776
[  380656ms] [LOG] [Fast Refresh] done in 155ms @ http://localhost:3001/_next/static/chunks/node_modules_next_dist_1e8vcs8._.js:776
[  380707ms] [LOG] [Fast Refresh] done in 155ms @ http://localhost:3001/_next/static/chunks/node_modules_next_dist_1e8vcs8._.js:776
[  380758ms] [LOG] [Fast Refresh] done in 155ms @ http://localhost:3001/_next/static/chunks/node_modules_next_dist_1e8vcs8._.js:776
[  380822ms] [LOG] [Fast Refresh] done in 155ms @ http://localhost:3001/_next/static/chunks/node_modules_next_dist_1e8vcs8._.js:776
[  380886ms] [LOG] [Fast Refresh] done in 155ms @ http://localhost:3001/_next/static/chunks/node_modules_next_dist_1e8vcs8._.js:776
[  380939ms] [LOG] [Fast Refresh] done in 155ms @ http://localhost:3001/_next/static/chunks/node_modules_next_dist_1e8vcs8._.js:776
[  381005ms] [LOG] [Fast Refresh] done in 155ms @ http://localhost:3001/_next/static/chunks/node_modules_next_dist_1e8vcs8._.js:776
[  381057ms] [LOG] [Fast Refresh] done in 155ms @ http://localhost:3001/_next/static/chunks/node_modules_next_dist_1e8vcs8._.js:776
[  381106ms] [LOG] [Fast Refresh] done in 155ms @ http://localhost:3001/_next/static/chunks/node_modules_next_dist_1e8vcs8._.js:776
[  381156ms] [LOG] [Fast Refresh] done in 155ms @ http://localhost:3001/_next/static/chunks/node_modules_next_dist_1e8vcs8._.js:776
[  381206ms] [LOG] [Fast Refresh] done in 155ms @ http://localhost:3001/_next/static/chunks/node_modules_next_dist_1e8vcs8._.js:776
[  381257ms] [LOG] [Fast Refresh] done in 155ms @ http://localhost:3001/_next/static/chunks/node_modules_next_dist_1e8vcs8._.js:776
[  381308ms] [LOG] [Fast Refresh] done in 155ms @ http://localhost:3001/_next/static/chunks/node_modules_next_dist_1e8vcs8._.js:776
[  381356ms] [LOG] [Fast Refresh] done in 155ms @ http://localhost:3001/_next/static/chunks/node_modules_next_dist_1e8vcs8._.js:776
[  381421ms] [LOG] [Fast Refresh] done in 155ms @ http://localhost:3001/_next/static/chunks/node_modules_next_dist_1e8vcs8._.js:776
[  381473ms] [LOG] [Fast Refresh] done in 155ms @ http://localhost:3001/_next/static/chunks/node_modules_next_dist_1e8vcs8._.js:776
[  381524ms] [LOG] [Fast Refresh] done in 155ms @ http://localhost:3001/_next/static/chunks/node_modules_next_dist_1e8vcs8._.js:776
[  381589ms] [LOG] [Fast Refresh] done in 155ms @ http://localhost:3001/_next/static/chunks/node_modules_next_dist_1e8vcs8._.js:776
[  381640ms] [LOG] [Fast Refresh] done in 155ms @ http://localhost:3001/_next/static/chunks/node_modules_next_dist_1e8vcs8._.js:776
[  381690ms] [LOG] [Fast Refresh] done in 155ms @ http://localhost:3001/_next/static/chunks/node_modules_next_dist_1e8vcs8._.js:776
[  381739ms] [LOG] [Fast Refresh] done in 155ms @ http://localhost:3001/_next/static/chunks/node_modules_next_dist_1e8vcs8._.js:776
[  381790ms] [LOG] [Fast Refresh] done in 155ms @ http://localhost:3001/_next/static/chunks/node_modules_next_dist_1e8vcs8._.js:776
[  381839ms] [LOG] [Fast Refresh] done in 155ms @ http://localhost:3001/_next/static/chunks/node_modules_next_dist_1e8vcs8._.js:776
[  381889ms] [LOG] [Fast Refresh] done in 155ms @ http://localhost:3001/_next/static/chunks/node_modules_next_dist_1e8vcs8._.js:776
[  381954ms] [LOG] [Fast Refresh] done in 155ms @ http://localhost:3001/_next/static/chunks/node_modules_next_dist_1e8vcs8._.js:776
[  382005ms] [LOG] [Fast Refresh] done in 155ms @ http://localhost:3001/_next/static/chunks/node_modules_next_dist_1e8vcs8._.js:776
[  382071ms] [LOG] [Fast Refresh] done in 155ms @ http://localhost:3001/_next/static/chunks/node_modules_next_dist_1e8vcs8._.js:776
[  382122ms] [LOG] [Fast Refresh] done in 155ms @ http://localhost:3001/_next/static/chunks/node_modules_next_dist_1e8vcs8._.js:776
[  382172ms] [LOG] [Fast Refresh] done in 155ms @ http://localhost:3001/_next/static/chunks/node_modules_next_dist_1e8vcs8._.js:776
[  382223ms] [LOG] [Fast Refresh] done in 155ms @ http://localhost:3001/_next/static/chunks/node_modules_next_dist_1e8vcs8._.js:776
[  382273ms] [LOG] [Fast Refresh] done in 155ms @ http://localhost:3001/_next/static/chunks/node_modules_next_dist_1e8vcs8._.js:776
[  382323ms] [LOG] [Fast Refresh] done in 155ms @ http://localhost:3001/_next/static/chunks/node_modules_next_dist_1e8vcs8._.js:776
[  382373ms] [LOG] [Fast Refresh] done in 155ms @ http://localhost:3001/_next/static/chunks/node_modules_next_dist_1e8vcs8._.js:776
[  382423ms] [LOG] [Fast Refresh] done in 155ms @ http://localhost:3001/_next/static/chunks/node_modules_next_dist_1e8vcs8._.js:776
[  382488ms] [LOG] [Fast Refresh] done in 155ms @ http://localhost:3001/_next/static/chunks/node_modules_next_dist_1e8vcs8._.js:776
[  382553ms] [LOG] [Fast Refresh] done in 155ms @ http://localhost:3001/_next/static/chunks/node_modules_next_dist_1e8vcs8._.js:776
[  382605ms] [LOG] [Fast Refresh] done in 155ms @ http://localhost:3001/_next/static/chunks/node_modules_next_dist_1e8vcs8._.js:776
[  382656ms] [LOG] [Fast Refresh] done in 155ms @ http://localhost:3001/_next/static/chunks/node_modules_next_dist_1e8vcs8._.js:776
[  382706ms] [LOG] [Fast Refresh] done in 155ms @ http://localhost:3001/_next/static/chunks/node_modules_next_dist_1e8vcs8._.js:776
[  382771ms] [LOG] [Fast Refresh] done in 155ms @ http://localhost:3001/_next/static/chunks/node_modules_next_dist_1e8vcs8._.js:776
[  382822ms] [LOG] [Fast Refresh] done in 155ms @ http://localhost:3001/_next/static/chunks/node_modules_next_dist_1e8vcs8._.js:776
[  382873ms] [LOG] [Fast Refresh] done in 155ms @ http://localhost:3001/_next/static/chunks/node_modules_next_dist_1e8vcs8._.js:776
[  382935ms] [LOG] [Fast Refresh] done in 155ms @ http://localhost:3001/_next/static/chunks/node_modules_next_dist_1e8vcs8._.js:776
[  383004ms] [LOG] [Fast Refresh] done in 155ms @ http://localhost:3001/_next/static/chunks/node_modules_next_dist_1e8vcs8._.js:776
[  383055ms] [LOG] [Fast Refresh] done in 155ms @ http://localhost:3001/_next/static/chunks/node_modules_next_dist_1e8vcs8._.js:776
[  383107ms] [LOG] [Fast Refresh] done in 155ms @ http://localhost:3001/_next/static/chunks/node_modules_next_dist_1e8vcs8._.js:776
[  383157ms] [LOG] [Fast Refresh] done in 155ms @ http://localhost:3001/_next/static/chunks/node_modules_next_dist_1e8vcs8._.js:776
[  383206ms] [LOG] [Fast Refresh] done in 155ms @ http://localhost:3001/_next/static/chunks/node_modules_next_dist_1e8vcs8._.js:776
[  383256ms] [LOG] [Fast Refresh] done in 155ms @ http://localhost:3001/_next/static/chunks/node_modules_next_dist_1e8vcs8._.js:776
[  383307ms] [LOG] [Fast Refresh] done in 155ms @ http://localhost:3001/_next/static/chunks/node_modules_next_dist_1e8vcs8._.js:776
[  383357ms] [LOG] [Fast Refresh] done in 155ms @ http://localhost:3001/_next/static/chunks/node_modules_next_dist_1e8vcs8._.js:776
[  383407ms] [LOG] [Fast Refresh] done in 155ms @ http://localhost:3001/_next/static/chunks/node_modules_next_dist_1e8vcs8._.js:776
[  383456ms] [LOG] [Fast Refresh] done in 155ms @ http://localhost:3001/_next/static/chunks/node_modules_next_dist_1e8vcs8._.js:776
[  383505ms] [LOG] [Fast Refresh] done in 155ms @ http://localhost:3001/_next/static/chunks/node_modules_next_dist_1e8vcs8._.js:776
[  383556ms] [LOG] [Fast Refresh] done in 155ms @ http://localhost:3001/_next/static/chunks/node_modules_next_dist_1e8vcs8._.js:776
[  383606ms] [LOG] [Fast Refresh] done in 155ms @ http://localhost:3001/_next/static/chunks/node_modules_next_dist_1e8vcs8._.js:776
[  383657ms] [LOG] [Fast Refresh] done in 155ms @ http://localhost:3001/_next/static/chunks/node_modules_next_dist_1e8vcs8._.js:776
[  383706ms] [LOG] [Fast Refresh] done in 155ms @ http://localhost:3001/_next/static/chunks/node_modules_next_dist_1e8vcs8._.js:776
[  383755ms] [LOG] [Fast Refresh] done in 155ms @ http://localhost:3001/_next/static/chunks/node_modules_next_dist_1e8vcs8._.js:776
[  383806ms] [LOG] [Fast Refresh] done in 155ms @ http://localhost:3001/_next/static/chunks/node_modules_next_dist_1e8vcs8._.js:776
[  383872ms] [LOG] [Fast Refresh] done in 155ms @ http://localhost:3001/_next/static/chunks/node_modules_next_dist_1e8vcs8._.js:776
[  383924ms] [LOG] [Fast Refresh] done in 155ms @ http://localhost:3001/_next/static/chunks/node_modules_next_dist_1e8vcs8._.js:776
[  383973ms] [LOG] [Fast Refresh] done in 155ms @ http://localhost:3001/_next/static/chunks/node_modules_next_dist_1e8vcs8._.js:776
[  384039ms] [LOG] [Fast Refresh] done in 155ms @ http://localhost:3001/_next/static/chunks/node_modules_next_dist_1e8vcs8._.js:776
[  384089ms] [LOG] [Fast Refresh] done in 155ms @ http://localhost:3001/_next/static/chunks/node_modules_next_dist_1e8vcs8._.js:776
[  384152ms] [LOG] [Fast Refresh] done in 155ms @ http://localhost:3001/_next/static/chunks/node_modules_next_dist_1e8vcs8._.js:776
[  384207ms] [LOG] [Fast Refresh] done in 155ms @ http://localhost:3001/_next/static/chunks/node_modules_next_dist_1e8vcs8._.js:776
[  384256ms] [LOG] [Fast Refresh] done in 155ms @ http://localhost:3001/_next/static/chunks/node_modules_next_dist_1e8vcs8._.js:776
[  384306ms] [LOG] [Fast Refresh] done in 155ms @ http://localhost:3001/_next/static/chunks/node_modules_next_dist_1e8vcs8._.js:776
[  384356ms] [LOG] [Fast Refresh] done in 155ms @ http://localhost:3001/_next/static/chunks/node_modules_next_dist_1e8vcs8._.js:776
[  384420ms] [LOG] [Fast Refresh] done in 155ms @ http://localhost:3001/_next/static/chunks/node_modules_next_dist_1e8vcs8._.js:776
[  384473ms] [LOG] [Fast Refresh] done in 155ms @ http://localhost:3001/_next/static/chunks/node_modules_next_dist_1e8vcs8._.js:776
[  384523ms] [LOG] [Fast Refresh] done in 155ms @ http://localhost:3001/_next/static/chunks/node_modules_next_dist_1e8vcs8._.js:776
[  384573ms] [LOG] [Fast Refresh] done in 155ms @ http://localhost:3001/_next/static/chunks/node_modules_next_dist_1e8vcs8._.js:776
[  384622ms] [LOG] [Fast Refresh] done in 155ms @ http://localhost:3001/_next/static/chunks/node_modules_next_dist_1e8vcs8._.js:776
[  384673ms] [LOG] [Fast Refresh] done in 155ms @ http://localhost:3001/_next/static/chunks/node_modules_next_dist_1e8vcs8._.js:776
[  384722ms] [LOG] [Fast Refresh] done in 155ms @ http://localhost:3001/_next/static/chunks/node_modules_next_dist_1e8vcs8._.js:776
[  384783ms] [LOG] [Fast Refresh] done in 155ms @ http://localhost:3001/_next/static/chunks/node_modules_next_dist_1e8vcs8._.js:776
[  384823ms] [LOG] [Fast Refresh] done in 155ms @ http://localhost:3001/_next/static/chunks/node_modules_next_dist_1e8vcs8._.js:776
[  384873ms] [LOG] [Fast Refresh] done in 155ms @ http://localhost:3001/_next/static/chunks/node_modules_next_dist_1e8vcs8._.js:776
[  384936ms] [LOG] [Fast Refresh] done in 155ms @ http://localhost:3001/_next/static/chunks/node_modules_next_dist_1e8vcs8._.js:776
[  384988ms] [LOG] [Fast Refresh] done in 155ms @ http://localhost:3001/_next/static/chunks/node_modules_next_dist_1e8vcs8._.js:776
[  385039ms] [LOG] [Fast Refresh] done in 155ms @ http://localhost:3001/_next/static/chunks/node_modules_next_dist_1e8vcs8._.js:776
[  385090ms] [LOG] [Fast Refresh] done in 155ms @ http://localhost:3001/_next/static/chunks/node_modules_next_dist_1e8vcs8._.js:776
[  385139ms] [LOG] [Fast Refresh] done in 155ms @ http://localhost:3001/_next/static/chunks/node_modules_next_dist_1e8vcs8._.js:776
[  385202ms] [LOG] [Fast Refresh] done in 155ms @ http://localhost:3001/_next/static/chunks/node_modules_next_dist_1e8vcs8._.js:776
[  385269ms] [LOG] [Fast Refresh] done in 155ms @ http://localhost:3001/_next/static/chunks/node_modules_next_dist_1e8vcs8._.js:776
[  385322ms] [LOG] [Fast Refresh] done in 155ms @ http://localhost:3001/_next/static/chunks/node_modules_next_dist_1e8vcs8._.js:776
[  385372ms] [LOG] [Fast Refresh] done in 155ms @ http://localhost:3001/_next/static/chunks/node_modules_next_dist_1e8vcs8._.js:776
[  385438ms] [LOG] [Fast Refresh] done in 155ms @ http://localhost:3001/_next/static/chunks/node_modules_next_dist_1e8vcs8._.js:776
[  385489ms] [LOG] [Fast Refresh] done in 155ms @ http://localhost:3001/_next/static/chunks/node_modules_next_dist_1e8vcs8._.js:776
[  385539ms] [LOG] [Fast Refresh] done in 155ms @ http://localhost:3001/_next/static/chunks/node_modules_next_dist_1e8vcs8._.js:776
[  385603ms] [LOG] [Fast Refresh] done in 155ms @ http://localhost:3001/_next/static/chunks/node_modules_next_dist_1e8vcs8._.js:776
[  385656ms] [LOG] [Fast Refresh] done in 155ms @ http://localhost:3001/_next/static/chunks/node_modules_next_dist_1e8vcs8._.js:776
[  385707ms] [LOG] [Fast Refresh] done in 155ms @ http://localhost:3001/_next/static/chunks/node_modules_next_dist_1e8vcs8._.js:776
[  385757ms] [LOG] [Fast Refresh] done in 155ms @ http://localhost:3001/_next/static/chunks/node_modules_next_dist_1e8vcs8._.js:776
[  385820ms] [LOG] [Fast Refresh] done in 155ms @ http://localhost:3001/_next/static/chunks/node_modules_next_dist_1e8vcs8._.js:776
[  385873ms] [LOG] [Fast Refresh] done in 155ms @ http://localhost:3001/_next/static/chunks/node_modules_next_dist_1e8vcs8._.js:776
[  385936ms] [LOG] [Fast Refresh] done in 155ms @ http://localhost:3001/_next/static/chunks/node_modules_next_dist_1e8vcs8._.js:776
[  385990ms] [LOG] [Fast Refresh] done in 155ms @ http://localhost:3001/_next/static/chunks/node_modules_next_dist_1e8vcs8._.js:776
[  386040ms] [LOG] [Fast Refresh] done in 155ms @ http://localhost:3001/_next/static/chunks/node_modules_next_dist_1e8vcs8._.js:776
[  386104ms] [LOG] [Fast Refresh] done in 155ms @ http://localhost:3001/_next/static/chunks/node_modules_next_dist_1e8vcs8._.js:776
[  386153ms] [LOG] [Fast Refresh] done in 155ms @ http://localhost:3001/_next/static/chunks/node_modules_next_dist_1e8vcs8._.js:776
[  386220ms] [LOG] [Fast Refresh] done in 155ms @ http://localhost:3001/_next/static/chunks/node_modules_next_dist_1e8vcs8._.js:776
[  386287ms] [LOG] [Fast Refresh] done in 155ms @ http://localhost:3001/_next/static/chunks/node_modules_next_dist_1e8vcs8._.js:776
[  386353ms] [LOG] [Fast Refresh] done in 155ms @ http://localhost:3001/_next/static/chunks/node_modules_next_dist_1e8vcs8._.js:776
[  386405ms] [LOG] [Fast Refresh] done in 155ms @ http://localhost:3001/_next/static/chunks/node_modules_next_dist_1e8vcs8._.js:776
[  386456ms] [LOG] [Fast Refresh] done in 155ms @ http://localhost:3001/_next/static/chunks/node_modules_next_dist_1e8vcs8._.js:776
[  386506ms] [LOG] [Fast Refresh] done in 155ms @ http://localhost:3001/_next/static/chunks/node_modules_next_dist_1e8vcs8._.js:776
[  386571ms] [LOG] [Fast Refresh] done in 155ms @ http://localhost:3001/_next/static/chunks/node_modules_next_dist_1e8vcs8._.js:776
[  386622ms] [LOG] [Fast Refresh] done in 155ms @ http://localhost:3001/_next/static/chunks/node_modules_next_dist_1e8vcs8._.js:776
[  386673ms] [LOG] [Fast Refresh] done in 155ms @ http://localhost:3001/_next/static/chunks/node_modules_next_dist_1e8vcs8._.js:776
[  386723ms] [LOG] [Fast Refresh] done in 155ms @ http://localhost:3001/_next/static/chunks/node_modules_next_dist_1e8vcs8._.js:776
[  386773ms] [LOG] [Fast Refresh] done in 155ms @ http://localhost:3001/_next/static/chunks/node_modules_next_dist_1e8vcs8._.js:776
[  386836ms] [LOG] [Fast Refresh] done in 155ms @ http://localhost:3001/_next/static/chunks/node_modules_next_dist_1e8vcs8._.js:776
[  386889ms] [LOG] [Fast Refresh] done in 155ms @ http://localhost:3001/_next/static/chunks/node_modules_next_dist_1e8vcs8._.js:776
[  386941ms] [LOG] [Fast Refresh] done in 155ms @ http://localhost:3001/_next/static/chunks/node_modules_next_dist_1e8vcs8._.js:776
[  387003ms] [LOG] [Fast Refresh] done in 155ms @ http://localhost:3001/_next/static/chunks/node_modules_next_dist_1e8vcs8._.js:776
[  387056ms] [LOG] [Fast Refresh] done in 155ms @ http://localhost:3001/_next/static/chunks/node_modules_next_dist_1e8vcs8._.js:776
[  387106ms] [LOG] [Fast Refresh] done in 155ms @ http://localhost:3001/_next/static/chunks/node_modules_next_dist_1e8vcs8._.js:776
[  387171ms] [LOG] [Fast Refresh] done in 155ms @ http://localhost:3001/_next/static/chunks/node_modules_next_dist_1e8vcs8._.js:776
[  387222ms] [LOG] [Fast Refresh] done in 155ms @ http://localhost:3001/_next/static/chunks/node_modules_next_dist_1e8vcs8._.js:776
[  387274ms] [LOG] [Fast Refresh] done in 155ms @ http://localhost:3001/_next/static/chunks/node_modules_next_dist_1e8vcs8._.js:776
[  387324ms] [LOG] [Fast Refresh] done in 155ms @ http://localhost:3001/_next/static/chunks/node_modules_next_dist_1e8vcs8._.js:776
[  387372ms] [LOG] [Fast Refresh] done in 155ms @ http://localhost:3001/_next/static/chunks/node_modules_next_dist_1e8vcs8._.js:776
[  387433ms] [LOG] [Fast Refresh] done in 155ms @ http://localhost:3001/_next/static/chunks/node_modules_next_dist_1e8vcs8._.js:776
[  387474ms] [LOG] [Fast Refresh] done in 155ms @ http://localhost:3001/_next/static/chunks/node_modules_next_dist_1e8vcs8._.js:776
[  387539ms] [LOG] [Fast Refresh] done in 155ms @ http://localhost:3001/_next/static/chunks/node_modules_next_dist_1e8vcs8._.js:776
[  387590ms] [LOG] [Fast Refresh] done in 155ms @ http://localhost:3001/_next/static/chunks/node_modules_next_dist_1e8vcs8._.js:776
[  387640ms] [LOG] [Fast Refresh] done in 155ms @ http://localhost:3001/_next/static/chunks/node_modules_next_dist_1e8vcs8._.js:776
[  387690ms] [LOG] [Fast Refresh] done in 155ms @ http://localhost:3001/_next/static/chunks/node_modules_next_dist_1e8vcs8._.js:776
[  387741ms] [LOG] [Fast Refresh] done in 155ms @ http://localhost:3001/_next/static/chunks/node_modules_next_dist_1e8vcs8._.js:776
[  387792ms] [LOG] [Fast Refresh] done in 155ms @ http://localhost:3001/_next/static/chunks/node_modules_next_dist_1e8vcs8._.js:776
[  387840ms] [LOG] [Fast Refresh] done in 155ms @ http://localhost:3001/_next/static/chunks/node_modules_next_dist_1e8vcs8._.js:776
[  387904ms] [LOG] [Fast Refresh] done in 155ms @ http://localhost:3001/_next/static/chunks/node_modules_next_dist_1e8vcs8._.js:776
[  387969ms] [LOG] [Fast Refresh] done in 155ms @ http://localhost:3001/_next/static/chunks/node_modules_next_dist_1e8vcs8._.js:776
[  388023ms] [LOG] [Fast Refresh] done in 155ms @ http://localhost:3001/_next/static/chunks/node_modules_next_dist_1e8vcs8._.js:776
[  388087ms] [LOG] [Fast Refresh] done in 155ms @ http://localhost:3001/_next/static/chunks/node_modules_next_dist_1e8vcs8._.js:776
[  388150ms] [LOG] [Fast Refresh] done in 155ms @ http://localhost:3001/_next/static/chunks/node_modules_next_dist_1e8vcs8._.js:776
[  388204ms] [LOG] [Fast Refresh] done in 155ms @ http://localhost:3001/_next/static/chunks/node_modules_next_dist_1e8vcs8._.js:776
[  388255ms] [LOG] [Fast Refresh] done in 155ms @ http://localhost:3001/_next/static/chunks/node_modules_next_dist_1e8vcs8._.js:776
[  388306ms] [LOG] [Fast Refresh] done in 155ms @ http://localhost:3001/_next/static/chunks/node_modules_next_dist_1e8vcs8._.js:776
[  388357ms] [LOG] [Fast Refresh] done in 155ms @ http://localhost:3001/_next/static/chunks/node_modules_next_dist_1e8vcs8._.js:776
[  388418ms] [LOG] [Fast Refresh] done in 155ms @ http://localhost:3001/_next/static/chunks/node_modules_next_dist_1e8vcs8._.js:776
[  388482ms] [LOG] [Fast Refresh] done in 155ms @ http://localhost:3001/_next/static/chunks/node_modules_next_dist_1e8vcs8._.js:776
[  388543ms] [LOG] [Fast Refresh] done in 155ms @ http://localhost:3001/_next/static/chunks/node_modules_next_dist_1e8vcs8._.js:776
[  388607ms] [LOG] [Fast Refresh] done in 155ms @ http://localhost:3001/_next/static/chunks/node_modules_next_dist_1e8vcs8._.js:776
[  388669ms] [LOG] [Fast Refresh] done in 155ms @ http://localhost:3001/_next/static/chunks/node_modules_next_dist_1e8vcs8._.js:776
[  388732ms] [LOG] [Fast Refresh] done in 155ms @ http://localhost:3001/_next/static/chunks/node_modules_next_dist_1e8vcs8._.js:776
[  388795ms] [LOG] [Fast Refresh] done in 155ms @ http://localhost:3001/_next/static/chunks/node_modules_next_dist_1e8vcs8._.js:776
[  388858ms] [LOG] [Fast Refresh] done in 155ms @ http://localhost:3001/_next/static/chunks/node_modules_next_dist_1e8vcs8._.js:776
[  388920ms] [LOG] [Fast Refresh] done in 155ms @ http://localhost:3001/_next/static/chunks/node_modules_next_dist_1e8vcs8._.js:776
[  388983ms] [LOG] [Fast Refresh] done in 155ms @ http://localhost:3001/_next/static/chunks/node_modules_next_dist_1e8vcs8._.js:776
[  389026ms] [LOG] [Fast Refresh] done in 155ms @ http://localhost:3001/_next/static/chunks/node_modules_next_dist_1e8vcs8._.js:776
[  389088ms] [LOG] [Fast Refresh] done in 155ms @ http://localhost:3001/_next/static/chunks/node_modules_next_dist_1e8vcs8._.js:776
[  389151ms] [LOG] [Fast Refresh] done in 155ms @ http://localhost:3001/_next/static/chunks/node_modules_next_dist_1e8vcs8._.js:776
[  389213ms] [LOG] [Fast Refresh] done in 155ms @ http://localhost:3001/_next/static/chunks/node_modules_next_dist_1e8vcs8._.js:776
[  389276ms] [LOG] [Fast Refresh] done in 155ms @ http://localhost:3001/_next/static/chunks/node_modules_next_dist_1e8vcs8._.js:776
[  389339ms] [LOG] [Fast Refresh] done in 155ms @ http://localhost:3001/_next/static/chunks/node_modules_next_dist_1e8vcs8._.js:776
[  389401ms] [LOG] [Fast Refresh] done in 155ms @ http://localhost:3001/_next/static/chunks/node_modules_next_dist_1e8vcs8._.js:776
[  389458ms] [LOG] [Fast Refresh] done in 155ms @ http://localhost:3001/_next/static/chunks/node_modules_next_dist_1e8vcs8._.js:776
[  389520ms] [LOG] [Fast Refresh] done in 155ms @ http://localhost:3001/_next/static/chunks/node_modules_next_dist_1e8vcs8._.js:776
[  389583ms] [LOG] [Fast Refresh] done in 155ms @ http://localhost:3001/_next/static/chunks/node_modules_next_dist_1e8vcs8._.js:776
[  389625ms] [LOG] [Fast Refresh] done in 155ms @ http://localhost:3001/_next/static/chunks/node_modules_next_dist_1e8vcs8._.js:776
[  389679ms] [LOG] [Fast Refresh] done in 155ms @ http://localhost:3001/_next/static/chunks/node_modules_next_dist_1e8vcs8._.js:776
[  389741ms] [LOG] [Fast Refresh] done in 155ms @ http://localhost:3001/_next/static/chunks/node_modules_next_dist_1e8vcs8._.js:776
[  389804ms] [LOG] [Fast Refresh] done in 155ms @ http://localhost:3001/_next/static/chunks/node_modules_next_dist_1e8vcs8._.js:776
[  389857ms] [LOG] [Fast Refresh] done in 155ms @ http://localhost:3001/_next/static/chunks/node_modules_next_dist_1e8vcs8._.js:776
[  389919ms] [LOG] [Fast Refresh] done in 155ms @ http://localhost:3001/_next/static/chunks/node_modules_next_dist_1e8vcs8._.js:776
[  389981ms] [LOG] [Fast Refresh] done in 155ms @ http://localhost:3001/_next/static/chunks/node_modules_next_dist_1e8vcs8._.js:776
[  390043ms] [LOG] [Fast Refresh] done in 155ms @ http://localhost:3001/_next/static/chunks/node_modules_next_dist_1e8vcs8._.js:776
[  390104ms] [LOG] [Fast Refresh] done in 155ms @ http://localhost:3001/_next/static/chunks/node_modules_next_dist_1e8vcs8._.js:776
[  390165ms] [LOG] [Fast Refresh] done in 155ms @ http://localhost:3001/_next/static/chunks/node_modules_next_dist_1e8vcs8._.js:776
[  390228ms] [LOG] [Fast Refresh] done in 155ms @ http://localhost:3001/_next/static/chunks/node_modules_next_dist_1e8vcs8._.js:776
[  390291ms] [LOG] [Fast Refresh] done in 155ms @ http://localhost:3001/_next/static/chunks/node_modules_next_dist_1e8vcs8._.js:776
[  390353ms] [LOG] [Fast Refresh] done in 155ms @ http://localhost:3001/_next/static/chunks/node_modules_next_dist_1e8vcs8._.js:776
[  390416ms] [LOG] [Fast Refresh] done in 155ms @ http://localhost:3001/_next/static/chunks/node_modules_next_dist_1e8vcs8._.js:776
[  390478ms] [LOG] [Fast Refresh] done in 155ms @ http://localhost:3001/_next/static/chunks/node_modules_next_dist_1e8vcs8._.js:776
[  390540ms] [LOG] [Fast Refresh] done in 155ms @ http://localhost:3001/_next/static/chunks/node_modules_next_dist_1e8vcs8._.js:776
[  390602ms] [LOG] [Fast Refresh] done in 155ms @ http://localhost:3001/_next/static/chunks/node_modules_next_dist_1e8vcs8._.js:776
[  390664ms] [LOG] [Fast Refresh] done in 155ms @ http://localhost:3001/_next/static/chunks/node_modules_next_dist_1e8vcs8._.js:776
[  390726ms] [LOG] [Fast Refresh] done in 155ms @ http://localhost:3001/_next/static/chunks/node_modules_next_dist_1e8vcs8._.js:776
[  390787ms] [LOG] [Fast Refresh] done in 155ms @ http://localhost:3001/_next/static/chunks/node_modules_next_dist_1e8vcs8._.js:776
[  390848ms] [LOG] [Fast Refresh] done in 155ms @ http://localhost:3001/_next/static/chunks/node_modules_next_dist_1e8vcs8._.js:776
[  390910ms] [LOG] [Fast Refresh] done in 155ms @ http://localhost:3001/_next/static/chunks/node_modules_next_dist_1e8vcs8._.js:776
[  390973ms] [LOG] [Fast Refresh] done in 155ms @ http://localhost:3001/_next/static/chunks/node_modules_next_dist_1e8vcs8._.js:776
[  391036ms] [LOG] [Fast Refresh] done in 155ms @ http://localhost:3001/_next/static/chunks/node_modules_next_dist_1e8vcs8._.js:776
[  391097ms] [LOG] [Fast Refresh] done in 155ms @ http://localhost:3001/_next/static/chunks/node_modules_next_dist_1e8vcs8._.js:776
[  391160ms] [LOG] [Fast Refresh] done in 155ms @ http://localhost:3001/_next/static/chunks/node_modules_next_dist_1e8vcs8._.js:776
[  391227ms] [LOG] [Fast Refresh] done in 155ms @ http://localhost:3001/_next/static/chunks/node_modules_next_dist_1e8vcs8._.js:776
[  391286ms] [LOG] [Fast Refresh] done in 155ms @ http://localhost:3001/_next/static/chunks/node_modules_next_dist_1e8vcs8._.js:776
[  391349ms] [LOG] [Fast Refresh] done in 155ms @ http://localhost:3001/_next/static/chunks/node_modules_next_dist_1e8vcs8._.js:776
[  391411ms] [LOG] [Fast Refresh] done in 155ms @ http://localhost:3001/_next/static/chunks/node_modules_next_dist_1e8vcs8._.js:776
[  391474ms] [LOG] [Fast Refresh] done in 155ms @ http://localhost:3001/_next/static/chunks/node_modules_next_dist_1e8vcs8._.js:776
[  391537ms] [LOG] [Fast Refresh] done in 155ms @ http://localhost:3001/_next/static/chunks/node_modules_next_dist_1e8vcs8._.js:776
[  391598ms] [LOG] [Fast Refresh] done in 155ms @ http://localhost:3001/_next/static/chunks/node_modules_next_dist_1e8vcs8._.js:776
[  391654ms] [LOG] [Fast Refresh] done in 155ms @ http://localhost:3001/_next/static/chunks/node_modules_next_dist_1e8vcs8._.js:776
[  391722ms] [LOG] [Fast Refresh] done in 155ms @ http://localhost:3001/_next/static/chunks/node_modules_next_dist_1e8vcs8._.js:776
[  391772ms] [LOG] [Fast Refresh] done in 155ms @ http://localhost:3001/_next/static/chunks/node_modules_next_dist_1e8vcs8._.js:776
[  391836ms] [LOG] [Fast Refresh] done in 155ms @ http://localhost:3001/_next/static/chunks/node_modules_next_dist_1e8vcs8._.js:776
[  391891ms] [LOG] [Fast Refresh] done in 155ms @ http://localhost:3001/_next/static/chunks/node_modules_next_dist_1e8vcs8._.js:776
[  391951ms] [LOG] [Fast Refresh] done in 155ms @ http://localhost:3001/_next/static/chunks/node_modules_next_dist_1e8vcs8._.js:776
[  392013ms] [LOG] [Fast Refresh] done in 155ms @ http://localhost:3001/_next/static/chunks/node_modules_next_dist_1e8vcs8._.js:776
[  392072ms] [LOG] [Fast Refresh] done in 155ms @ http://localhost:3001/_next/static/chunks/node_modules_next_dist_1e8vcs8._.js:776
[  392139ms] [LOG] [Fast Refresh] done in 155ms @ http://localhost:3001/_next/static/chunks/node_modules_next_dist_1e8vcs8._.js:776
[  392200ms] [LOG] [Fast Refresh] done in 155ms @ http://localhost:3001/_next/static/chunks/node_modules_next_dist_1e8vcs8._.js:776
[  392262ms] [LOG] [Fast Refresh] done in 155ms @ http://localhost:3001/_next/static/chunks/node_modules_next_dist_1e8vcs8._.js:776
[  392322ms] [LOG] [Fast Refresh] done in 155ms @ http://localhost:3001/_next/static/chunks/node_modules_next_dist_1e8vcs8._.js:776
[  392385ms] [LOG] [Fast Refresh] done in 155ms @ http://localhost:3001/_next/static/chunks/node_modules_next_dist_1e8vcs8._.js:776
[  392447ms] [LOG] [Fast Refresh] done in 155ms @ http://localhost:3001/_next/static/chunks/node_modules_next_dist_1e8vcs8._.js:776
[  392506ms] [LOG] [Fast Refresh] done in 155ms @ http://localhost:3001/_next/static/chunks/node_modules_next_dist_1e8vcs8._.js:776
[  392567ms] [LOG] [Fast Refresh] done in 155ms @ http://localhost:3001/_next/static/chunks/node_modules_next_dist_1e8vcs8._.js:776
[  392631ms] [LOG] [Fast Refresh] done in 155ms @ http://localhost:3001/_next/static/chunks/node_modules_next_dist_1e8vcs8._.js:776
[  392694ms] [LOG] [Fast Refresh] done in 155ms @ http://localhost:3001/_next/static/chunks/node_modules_next_dist_1e8vcs8._.js:776
[  392757ms] [LOG] [Fast Refresh] done in 155ms @ http://localhost:3001/_next/static/chunks/node_modules_next_dist_1e8vcs8._.js:776
[  392819ms] [LOG] [Fast Refresh] done in 155ms @ http://localhost:3001/_next/static/chunks/node_modules_next_dist_1e8vcs8._.js:776
[  392885ms] [LOG] [Fast Refresh] done in 155ms @ http://localhost:3001/_next/static/chunks/node_modules_next_dist_1e8vcs8._.js:776
[  392939ms] [LOG] [Fast Refresh] done in 155ms @ http://localhost:3001/_next/static/chunks/node_modules_next_dist_1e8vcs8._.js:776
[  393001ms] [LOG] [Fast Refresh] done in 155ms @ http://localhost:3001/_next/static/chunks/node_modules_next_dist_1e8vcs8._.js:776
[  393064ms] [LOG] [Fast Refresh] done in 155ms @ http://localhost:3001/_next/static/chunks/node_modules_next_dist_1e8vcs8._.js:776
[  393123ms] [LOG] [Fast Refresh] done in 155ms @ http://localhost:3001/_next/static/chunks/node_modules_next_dist_1e8vcs8._.js:776
[  393185ms] [LOG] [Fast Refresh] done in 155ms @ http://localhost:3001/_next/static/chunks/node_modules_next_dist_1e8vcs8._.js:776
[  393247ms] [LOG] [Fast Refresh] done in 155ms @ http://localhost:3001/_next/static/chunks/node_modules_next_dist_1e8vcs8._.js:776
[  393309ms] [LOG] [Fast Refresh] done in 155ms @ http://localhost:3001/_next/static/chunks/node_modules_next_dist_1e8vcs8._.js:776
[  393372ms] [LOG] [Fast Refresh] done in 155ms @ http://localhost:3001/_next/static/chunks/node_modules_next_dist_1e8vcs8._.js:776
[  393434ms] [LOG] [Fast Refresh] done in 155ms @ http://localhost:3001/_next/static/chunks/node_modules_next_dist_1e8vcs8._.js:776
[  393497ms] [LOG] [Fast Refresh] done in 155ms @ http://localhost:3001/_next/static/chunks/node_modules_next_dist_1e8vcs8._.js:776
[  393560ms] [LOG] [Fast Refresh] done in 155ms @ http://localhost:3001/_next/static/chunks/node_modules_next_dist_1e8vcs8._.js:776
[  393622ms] [LOG] [Fast Refresh] done in 155ms @ http://localhost:3001/_next/static/chunks/node_modules_next_dist_1e8vcs8._.js:776
[  393684ms] [LOG] [Fast Refresh] done in 155ms @ http://localhost:3001/_next/static/chunks/node_modules_next_dist_1e8vcs8._.js:776
[  393747ms] [LOG] [Fast Refresh] done in 155ms @ http://localhost:3001/_next/static/chunks/node_modules_next_dist_1e8vcs8._.js:776
[  393810ms] [LOG] [Fast Refresh] done in 155ms @ http://localhost:3001/_next/static/chunks/node_modules_next_dist_1e8vcs8._.js:776
[  393872ms] [LOG] [Fast Refresh] done in 155ms @ http://localhost:3001/_next/static/chunks/node_modules_next_dist_1e8vcs8._.js:776
[  393936ms] [LOG] [Fast Refresh] done in 155ms @ http://localhost:3001/_next/static/chunks/node_modules_next_dist_1e8vcs8._.js:776
[  393997ms] [LOG] [Fast Refresh] done in 155ms @ http://localhost:3001/_next/static/chunks/node_modules_next_dist_1e8vcs8._.js:776
[  394057ms] [LOG] [Fast Refresh] done in 155ms @ http://localhost:3001/_next/static/chunks/node_modules_next_dist_1e8vcs8._.js:776
[  394121ms] [LOG] [Fast Refresh] done in 155ms @ http://localhost:3001/_next/static/chunks/node_modules_next_dist_1e8vcs8._.js:776
[  394174ms] [LOG] [Fast Refresh] done in 155ms @ http://localhost:3001/_next/static/chunks/node_modules_next_dist_1e8vcs8._.js:776
[  394239ms] [LOG] [Fast Refresh] done in 155ms @ http://localhost:3001/_next/static/chunks/node_modules_next_dist_1e8vcs8._.js:776
[  394288ms] [LOG] [Fast Refresh] done in 155ms @ http://localhost:3001/_next/static/chunks/node_modules_next_dist_1e8vcs8._.js:776
[  394354ms] [LOG] [Fast Refresh] done in 155ms @ http://localhost:3001/_next/static/chunks/node_modules_next_dist_1e8vcs8._.js:776
[  394407ms] [LOG] [Fast Refresh] done in 155ms @ http://localhost:3001/_next/static/chunks/node_modules_next_dist_1e8vcs8._.js:776
[  394471ms] [LOG] [Fast Refresh] done in 155ms @ http://localhost:3001/_next/static/chunks/node_modules_next_dist_1e8vcs8._.js:776
[  394523ms] [LOG] [Fast Refresh] done in 155ms @ http://localhost:3001/_next/static/chunks/node_modules_next_dist_1e8vcs8._.js:776
[  394587ms] [LOG] [Fast Refresh] done in 155ms @ http://localhost:3001/_next/static/chunks/node_modules_next_dist_1e8vcs8._.js:776
[  394651ms] [LOG] [Fast Refresh] done in 155ms @ http://localhost:3001/_next/static/chunks/node_modules_next_dist_1e8vcs8._.js:776
[  394705ms] [LOG] [Fast Refresh] done in 155ms @ http://localhost:3001/_next/static/chunks/node_modules_next_dist_1e8vcs8._.js:776
[  394767ms] [LOG] [Fast Refresh] done in 155ms @ http://localhost:3001/_next/static/chunks/node_modules_next_dist_1e8vcs8._.js:776
[  394821ms] [LOG] [Fast Refresh] done in 155ms @ http://localhost:3001/_next/static/chunks/node_modules_next_dist_1e8vcs8._.js:776
[  394885ms] [LOG] [Fast Refresh] done in 155ms @ http://localhost:3001/_next/static/chunks/node_modules_next_dist_1e8vcs8._.js:776
[  394948ms] [LOG] [Fast Refresh] done in 155ms @ http://localhost:3001/_next/static/chunks/node_modules_next_dist_1e8vcs8._.js:776
[  395012ms] [LOG] [Fast Refresh] done in 155ms @ http://localhost:3001/_next/static/chunks/node_modules_next_dist_1e8vcs8._.js:776
[  395075ms] [LOG] [Fast Refresh] done in 155ms @ http://localhost:3001/_next/static/chunks/node_modules_next_dist_1e8vcs8._.js:776
[  395139ms] [LOG] [Fast Refresh] done in 155ms @ http://localhost:3001/_next/static/chunks/node_modules_next_dist_1e8vcs8._.js:776
[  395189ms] [LOG] [Fast Refresh] done in 155ms @ http://localhost:3001/_next/static/chunks/node_modules_next_dist_1e8vcs8._.js:776
[  395239ms] [LOG] [Fast Refresh] done in 155ms @ http://localhost:3001/_next/static/chunks/node_modules_next_dist_1e8vcs8._.js:776
[  395305ms] [LOG] [Fast Refresh] done in 155ms @ http://localhost:3001/_next/static/chunks/node_modules_next_dist_1e8vcs8._.js:776
[  395368ms] [LOG] [Fast Refresh] done in 155ms @ http://localhost:3001/_next/static/chunks/node_modules_next_dist_1e8vcs8._.js:776
[  395431ms] [LOG] [Fast Refresh] done in 155ms @ http://localhost:3001/_next/static/chunks/node_modules_next_dist_1e8vcs8._.js:776
[  395490ms] [LOG] [Fast Refresh] done in 155ms @ http://localhost:3001/_next/static/chunks/node_modules_next_dist_1e8vcs8._.js:776
[  395555ms] [LOG] [Fast Refresh] done in 155ms @ http://localhost:3001/_next/static/chunks/node_modules_next_dist_1e8vcs8._.js:776
[  395607ms] [LOG] [Fast Refresh] done in 155ms @ http://localhost:3001/_next/static/chunks/node_modules_next_dist_1e8vcs8._.js:776
[  395656ms] [LOG] [Fast Refresh] done in 155ms @ http://localhost:3001/_next/static/chunks/node_modules_next_dist_1e8vcs8._.js:776
[  395706ms] [LOG] [Fast Refresh] done in 155ms @ http://localhost:3001/_next/static/chunks/node_modules_next_dist_1e8vcs8._.js:776
[  395771ms] [LOG] [Fast Refresh] done in 155ms @ http://localhost:3001/_next/static/chunks/node_modules_next_dist_1e8vcs8._.js:776
[  395834ms] [LOG] [Fast Refresh] done in 155ms @ http://localhost:3001/_next/static/chunks/node_modules_next_dist_1e8vcs8._.js:776
[  395896ms] [LOG] [Fast Refresh] done in 155ms @ http://localhost:3001/_next/static/chunks/node_modules_next_dist_1e8vcs8._.js:776
[  395957ms] [LOG] [Fast Refresh] done in 155ms @ http://localhost:3001/_next/static/chunks/node_modules_next_dist_1e8vcs8._.js:776
[  396021ms] [LOG] [Fast Refresh] done in 155ms @ http://localhost:3001/_next/static/chunks/node_modules_next_dist_1e8vcs8._.js:776
[  396085ms] [LOG] [Fast Refresh] done in 155ms @ http://localhost:3001/_next/static/chunks/node_modules_next_dist_1e8vcs8._.js:776
[  396147ms] [LOG] [Fast Refresh] done in 155ms @ http://localhost:3001/_next/static/chunks/node_modules_next_dist_1e8vcs8._.js:776
[  396206ms] [LOG] [Fast Refresh] done in 155ms @ http://localhost:3001/_next/static/chunks/node_modules_next_dist_1e8vcs8._.js:776
[  396258ms] [LOG] [Fast Refresh] done in 155ms @ http://localhost:3001/_next/static/chunks/node_modules_next_dist_1e8vcs8._.js:776
[  396321ms] [LOG] [Fast Refresh] done in 155ms @ http://localhost:3001/_next/static/chunks/node_modules_next_dist_1e8vcs8._.js:776
[  396381ms] [LOG] [Fast Refresh] done in 155ms @ http://localhost:3001/_next/static/chunks/node_modules_next_dist_1e8vcs8._.js:776
[  396445ms] [LOG] [Fast Refresh] done in 155ms @ http://localhost:3001/_next/static/chunks/node_modules_next_dist_1e8vcs8._.js:776
[  396507ms] [LOG] [Fast Refresh] done in 155ms @ http://localhost:3001/_next/static/chunks/node_modules_next_dist_1e8vcs8._.js:776
[  396570ms] [LOG] [Fast Refresh] done in 155ms @ http://localhost:3001/_next/static/chunks/node_modules_next_dist_1e8vcs8._.js:776
[  396636ms] [LOG] [Fast Refresh] done in 155ms @ http://localhost:3001/_next/static/chunks/node_modules_next_dist_1e8vcs8._.js:776
[  396699ms] [LOG] [Fast Refresh] done in 155ms @ http://localhost:3001/_next/static/chunks/node_modules_next_dist_1e8vcs8._.js:776
[  396754ms] [LOG] [Fast Refresh] done in 155ms @ http://localhost:3001/_next/static/chunks/node_modules_next_dist_1e8vcs8._.js:776
[  396807ms] [LOG] [Fast Refresh] done in 155ms @ http://localhost:3001/_next/static/chunks/node_modules_next_dist_1e8vcs8._.js:776
[  396873ms] [LOG] [Fast Refresh] done in 155ms @ http://localhost:3001/_next/static/chunks/node_modules_next_dist_1e8vcs8._.js:776
[  396934ms] [LOG] [Fast Refresh] done in 155ms @ http://localhost:3001/_next/static/chunks/node_modules_next_dist_1e8vcs8._.js:776
[  396997ms] [LOG] [Fast Refresh] done in 155ms @ http://localhost:3001/_next/static/chunks/node_modules_next_dist_1e8vcs8._.js:776
[  397063ms] [LOG] [Fast Refresh] done in 155ms @ http://localhost:3001/_next/static/chunks/node_modules_next_dist_1e8vcs8._.js:776
[  397152ms] [LOG] [Fast Refresh] done in 155ms @ http://localhost:3001/_next/static/chunks/node_modules_next_dist_1e8vcs8._.js:776
[  397229ms] [LOG] [Fast Refresh] done in 155ms @ http://localhost:3001/_next/static/chunks/node_modules_next_dist_1e8vcs8._.js:776
[  397289ms] [LOG] [Fast Refresh] done in 155ms @ http://localhost:3001/_next/static/chunks/node_modules_next_dist_1e8vcs8._.js:776
[  397351ms] [LOG] [Fast Refresh] done in 155ms @ http://localhost:3001/_next/static/chunks/node_modules_next_dist_1e8vcs8._.js:776
[  397407ms] [LOG] [Fast Refresh] done in 155ms @ http://localhost:3001/_next/static/chunks/node_modules_next_dist_1e8vcs8._.js:776
[  397472ms] [LOG] [Fast Refresh] done in 155ms @ http://localhost:3001/_next/static/chunks/node_modules_next_dist_1e8vcs8._.js:776
[  397524ms] [LOG] [Fast Refresh] done in 155ms @ http://localhost:3001/_next/static/chunks/node_modules_next_dist_1e8vcs8._.js:776
[  397587ms] [LOG] [Fast Refresh] done in 155ms @ http://localhost:3001/_next/static/chunks/node_modules_next_dist_1e8vcs8._.js:776
[  397659ms] [LOG] [Fast Refresh] done in 155ms @ http://localhost:3001/_next/static/chunks/node_modules_next_dist_1e8vcs8._.js:776
[  397732ms] [LOG] [Fast Refresh] done in 155ms @ http://localhost:3001/_next/static/chunks/node_modules_next_dist_1e8vcs8._.js:776
[  397803ms] [LOG] [Fast Refresh] done in 155ms @ http://localhost:3001/_next/static/chunks/node_modules_next_dist_1e8vcs8._.js:776
[  397865ms] [LOG] [Fast Refresh] done in 155ms @ http://localhost:3001/_next/static/chunks/node_modules_next_dist_1e8vcs8._.js:776
[  397927ms] [LOG] [Fast Refresh] done in 155ms @ http://localhost:3001/_next/static/chunks/node_modules_next_dist_1e8vcs8._.js:776
[  397991ms] [LOG] [Fast Refresh] done in 155ms @ http://localhost:3001/_next/static/chunks/node_modules_next_dist_1e8vcs8._.js:776
[  398069ms] [LOG] [Fast Refresh] done in 155ms @ http://localhost:3001/_next/static/chunks/node_modules_next_dist_1e8vcs8._.js:776
[  398132ms] [LOG] [Fast Refresh] done in 155ms @ http://localhost:3001/_next/static/chunks/node_modules_next_dist_1e8vcs8._.js:776
[  398195ms] [LOG] [Fast Refresh] done in 155ms @ http://localhost:3001/_next/static/chunks/node_modules_next_dist_1e8vcs8._.js:776
[  398258ms] [LOG] [Fast Refresh] done in 155ms @ http://localhost:3001/_next/static/chunks/node_modules_next_dist_1e8vcs8._.js:776
[  398319ms] [LOG] [Fast Refresh] done in 155ms @ http://localhost:3001/_next/static/chunks/node_modules_next_dist_1e8vcs8._.js:776
[  398383ms] [LOG] [Fast Refresh] done in 155ms @ http://localhost:3001/_next/static/chunks/node_modules_next_dist_1e8vcs8._.js:776
[  398446ms] [LOG] [Fast Refresh] done in 155ms @ http://localhost:3001/_next/static/chunks/node_modules_next_dist_1e8vcs8._.js:776
[  398509ms] [LOG] [Fast Refresh] done in 155ms @ http://localhost:3001/_next/static/chunks/node_modules_next_dist_1e8vcs8._.js:776
[  398570ms] [LOG] [Fast Refresh] done in 155ms @ http://localhost:3001/_next/static/chunks/node_modules_next_dist_1e8vcs8._.js:776
[  398632ms] [LOG] [Fast Refresh] done in 155ms @ http://localhost:3001/_next/static/chunks/node_modules_next_dist_1e8vcs8._.js:776
[  398693ms] [LOG] [Fast Refresh] done in 155ms @ http://localhost:3001/_next/static/chunks/node_modules_next_dist_1e8vcs8._.js:776
[  398756ms] [LOG] [Fast Refresh] done in 155ms @ http://localhost:3001/_next/static/chunks/node_modules_next_dist_1e8vcs8._.js:776
[  398818ms] [LOG] [Fast Refresh] done in 155ms @ http://localhost:3001/_next/static/chunks/node_modules_next_dist_1e8vcs8._.js:776
[  398880ms] [LOG] [Fast Refresh] done in 155ms @ http://localhost:3001/_next/static/chunks/node_modules_next_dist_1e8vcs8._.js:776
[  398942ms] [LOG] [Fast Refresh] done in 155ms @ http://localhost:3001/_next/static/chunks/node_modules_next_dist_1e8vcs8._.js:776
[  399005ms] [LOG] [Fast Refresh] done in 155ms @ http://localhost:3001/_next/static/chunks/node_modules_next_dist_1e8vcs8._.js:776
[  399068ms] [LOG] [Fast Refresh] done in 155ms @ http://localhost:3001/_next/static/chunks/node_modules_next_dist_1e8vcs8._.js:776
[  399124ms] [LOG] [Fast Refresh] done in 155ms @ http://localhost:3001/_next/static/chunks/node_modules_next_dist_1e8vcs8._.js:776
[  399185ms] [LOG] [Fast Refresh] done in 155ms @ http://localhost:3001/_next/static/chunks/node_modules_next_dist_1e8vcs8._.js:776
[  399241ms] [LOG] [Fast Refresh] done in 155ms @ http://localhost:3001/_next/static/chunks/node_modules_next_dist_1e8vcs8._.js:776
[  399305ms] [LOG] [Fast Refresh] done in 155ms @ http://localhost:3001/_next/static/chunks/node_modules_next_dist_1e8vcs8._.js:776
[  399355ms] [LOG] [Fast Refresh] done in 155ms @ http://localhost:3001/_next/static/chunks/node_modules_next_dist_1e8vcs8._.js:776
[  399420ms] [LOG] [Fast Refresh] done in 155ms @ http://localhost:3001/_next/static/chunks/node_modules_next_dist_1e8vcs8._.js:776
[  399473ms] [LOG] [Fast Refresh] done in 155ms @ http://localhost:3001/_next/static/chunks/node_modules_next_dist_1e8vcs8._.js:776
[  399537ms] [LOG] [Fast Refresh] done in 155ms @ http://localhost:3001/_next/static/chunks/node_modules_next_dist_1e8vcs8._.js:776
[  399590ms] [LOG] [Fast Refresh] done in 155ms @ http://localhost:3001/_next/static/chunks/node_modules_next_dist_1e8vcs8._.js:776
[  399653ms] [LOG] [Fast Refresh] done in 155ms @ http://localhost:3001/_next/static/chunks/node_modules_next_dist_1e8vcs8._.js:776
[  399717ms] [LOG] [Fast Refresh] done in 155ms @ http://localhost:3001/_next/static/chunks/node_modules_next_dist_1e8vcs8._.js:776
[  399773ms] [LOG] [Fast Refresh] done in 155ms @ http://localhost:3001/_next/static/chunks/node_modules_next_dist_1e8vcs8._.js:776
[  399824ms] [LOG] [Fast Refresh] done in 155ms @ http://localhost:3001/_next/static/chunks/node_modules_next_dist_1e8vcs8._.js:776
[  399886ms] [LOG] [Fast Refresh] done in 155ms @ http://localhost:3001/_next/static/chunks/node_modules_next_dist_1e8vcs8._.js:776
[  399939ms] [LOG] [Fast Refresh] done in 155ms @ http://localhost:3001/_next/static/chunks/node_modules_next_dist_1e8vcs8._.js:776
[  399990ms] [LOG] [Fast Refresh] done in 155ms @ http://localhost:3001/_next/static/chunks/node_modules_next_dist_1e8vcs8._.js:776
[  400040ms] [LOG] [Fast Refresh] done in 155ms @ http://localhost:3001/_next/static/chunks/node_modules_next_dist_1e8vcs8._.js:776
[  400104ms] [LOG] [Fast Refresh] done in 155ms @ http://localhost:3001/_next/static/chunks/node_modules_next_dist_1e8vcs8._.js:776
[  400157ms] [LOG] [Fast Refresh] done in 155ms @ http://localhost:3001/_next/static/chunks/node_modules_next_dist_1e8vcs8._.js:776
[  400207ms] [LOG] [Fast Refresh] done in 155ms @ http://localhost:3001/_next/static/chunks/node_modules_next_dist_1e8vcs8._.js:776
[  400269ms] [LOG] [Fast Refresh] done in 155ms @ http://localhost:3001/_next/static/chunks/node_modules_next_dist_1e8vcs8._.js:776
[  400331ms] [LOG] [Fast Refresh] done in 155ms @ http://localhost:3001/_next/static/chunks/node_modules_next_dist_1e8vcs8._.js:776
[  400387ms] [LOG] [Fast Refresh] done in 155ms @ http://localhost:3001/_next/static/chunks/node_modules_next_dist_1e8vcs8._.js:776
[  400455ms] [LOG] [Fast Refresh] done in 155ms @ http://localhost:3001/_next/static/chunks/node_modules_next_dist_1e8vcs8._.js:776
[  400517ms] [LOG] [Fast Refresh] done in 155ms @ http://localhost:3001/_next/static/chunks/node_modules_next_dist_1e8vcs8._.js:776
[  400574ms] [LOG] [Fast Refresh] done in 155ms @ http://localhost:3001/_next/static/chunks/node_modules_next_dist_1e8vcs8._.js:776
[  400639ms] [LOG] [Fast Refresh] done in 155ms @ http://localhost:3001/_next/static/chunks/node_modules_next_dist_1e8vcs8._.js:776
[  400690ms] [LOG] [Fast Refresh] done in 155ms @ http://localhost:3001/_next/static/chunks/node_modules_next_dist_1e8vcs8._.js:776
[  400741ms] [LOG] [Fast Refresh] done in 155ms @ http://localhost:3001/_next/static/chunks/node_modules_next_dist_1e8vcs8._.js:776
[  400791ms] [LOG] [Fast Refresh] done in 155ms @ http://localhost:3001/_next/static/chunks/node_modules_next_dist_1e8vcs8._.js:776
[  400853ms] [LOG] [Fast Refresh] done in 155ms @ http://localhost:3001/_next/static/chunks/node_modules_next_dist_1e8vcs8._.js:776
[  400905ms] [LOG] [Fast Refresh] done in 155ms @ http://localhost:3001/_next/static/chunks/node_modules_next_dist_1e8vcs8._.js:776
[  400968ms] [LOG] [Fast Refresh] done in 155ms @ http://localhost:3001/_next/static/chunks/node_modules_next_dist_1e8vcs8._.js:776
[  401021ms] [LOG] [Fast Refresh] done in 155ms @ http://localhost:3001/_next/static/chunks/node_modules_next_dist_1e8vcs8._.js:776
[  401073ms] [LOG] [Fast Refresh] done in 155ms @ http://localhost:3001/_next/static/chunks/node_modules_next_dist_1e8vcs8._.js:776
[  401124ms] [LOG] [Fast Refresh] done in 155ms @ http://localhost:3001/_next/static/chunks/node_modules_next_dist_1e8vcs8._.js:776
[  401187ms] [LOG] [Fast Refresh] done in 155ms @ http://localhost:3001/_next/static/chunks/node_modules_next_dist_1e8vcs8._.js:776
[  401250ms] [LOG] [Fast Refresh] done in 155ms @ http://localhost:3001/_next/static/chunks/node_modules_next_dist_1e8vcs8._.js:776
[  401304ms] [LOG] [Fast Refresh] done in 155ms @ http://localhost:3001/_next/static/chunks/node_modules_next_dist_1e8vcs8._.js:776
[  401358ms] [LOG] [Fast Refresh] done in 155ms @ http://localhost:3001/_next/static/chunks/node_modules_next_dist_1e8vcs8._.js:776
[  401420ms] [LOG] [Fast Refresh] done in 155ms @ http://localhost:3001/_next/static/chunks/node_modules_next_dist_1e8vcs8._.js:776
[  401482ms] [LOG] [Fast Refresh] done in 155ms @ http://localhost:3001/_next/static/chunks/node_modules_next_dist_1e8vcs8._.js:776
[  401539ms] [LOG] [Fast Refresh] done in 155ms @ http://localhost:3001/_next/static/chunks/node_modules_next_dist_1e8vcs8._.js:776
[  401602ms] [LOG] [Fast Refresh] done in 155ms @ http://localhost:3001/_next/static/chunks/node_modules_next_dist_1e8vcs8._.js:776
[  401656ms] [LOG] [Fast Refresh] done in 155ms @ http://localhost:3001/_next/static/chunks/node_modules_next_dist_1e8vcs8._.js:776
[  401708ms] [LOG] [Fast Refresh] done in 155ms @ http://localhost:3001/_next/static/chunks/node_modules_next_dist_1e8vcs8._.js:776
[  401757ms] [LOG] [Fast Refresh] done in 155ms @ http://localhost:3001/_next/static/chunks/node_modules_next_dist_1e8vcs8._.js:776
[  401822ms] [LOG] [Fast Refresh] done in 155ms @ http://localhost:3001/_next/static/chunks/node_modules_next_dist_1e8vcs8._.js:776
[  401875ms] [LOG] [Fast Refresh] done in 155ms @ http://localhost:3001/_next/static/chunks/node_modules_next_dist_1e8vcs8._.js:776
[  401939ms] [LOG] [Fast Refresh] done in 155ms @ http://localhost:3001/_next/static/chunks/node_modules_next_dist_1e8vcs8._.js:776
[  402001ms] [LOG] [Fast Refresh] done in 155ms @ http://localhost:3001/_next/static/chunks/node_modules_next_dist_1e8vcs8._.js:776
[  402065ms] [LOG] [Fast Refresh] done in 155ms @ http://localhost:3001/_next/static/chunks/node_modules_next_dist_1e8vcs8._.js:776
[  402123ms] [LOG] [Fast Refresh] done in 155ms @ http://localhost:3001/_next/static/chunks/node_modules_next_dist_1e8vcs8._.js:776
[  402188ms] [LOG] [Fast Refresh] done in 155ms @ http://localhost:3001/_next/static/chunks/node_modules_next_dist_1e8vcs8._.js:776
[  402240ms] [LOG] [Fast Refresh] done in 155ms @ http://localhost:3001/_next/static/chunks/node_modules_next_dist_1e8vcs8._.js:776
[  402291ms] [LOG] [Fast Refresh] done in 155ms @ http://localhost:3001/_next/static/chunks/node_modules_next_dist_1e8vcs8._.js:776
[  402341ms] [LOG] [Fast Refresh] done in 155ms @ http://localhost:3001/_next/static/chunks/node_modules_next_dist_1e8vcs8._.js:776
[  402404ms] [LOG] [Fast Refresh] done in 155ms @ http://localhost:3001/_next/static/chunks/node_modules_next_dist_1e8vcs8._.js:776
[  402457ms] [LOG] [Fast Refresh] done in 155ms @ http://localhost:3001/_next/static/chunks/node_modules_next_dist_1e8vcs8._.js:776
[  402507ms] [LOG] [Fast Refresh] done in 155ms @ http://localhost:3001/_next/static/chunks/node_modules_next_dist_1e8vcs8._.js:776
[  402575ms] [LOG] [Fast Refresh] done in 155ms @ http://localhost:3001/_next/static/chunks/node_modules_next_dist_1e8vcs8._.js:776
[  402640ms] [LOG] [Fast Refresh] done in 155ms @ http://localhost:3001/_next/static/chunks/node_modules_next_dist_1e8vcs8._.js:776
[  402690ms] [LOG] [Fast Refresh] done in 155ms @ http://localhost:3001/_next/static/chunks/node_modules_next_dist_1e8vcs8._.js:776
[  402756ms] [LOG] [Fast Refresh] done in 155ms @ http://localhost:3001/_next/static/chunks/node_modules_next_dist_1e8vcs8._.js:776
[  402819ms] [LOG] [Fast Refresh] done in 155ms @ http://localhost:3001/_next/static/chunks/node_modules_next_dist_1e8vcs8._.js:776
[  402882ms] [LOG] [Fast Refresh] done in 155ms @ http://localhost:3001/_next/static/chunks/node_modules_next_dist_1e8vcs8._.js:776
[  402943ms] [LOG] [Fast Refresh] done in 155ms @ http://localhost:3001/_next/static/chunks/node_modules_next_dist_1e8vcs8._.js:776
[  403006ms] [LOG] [Fast Refresh] done in 155ms @ http://localhost:3001/_next/static/chunks/node_modules_next_dist_1e8vcs8._.js:776
[  403068ms] [LOG] [Fast Refresh] done in 155ms @ http://localhost:3001/_next/static/chunks/node_modules_next_dist_1e8vcs8._.js:776
[  403133ms] [LOG] [Fast Refresh] done in 155ms @ http://localhost:3001/_next/static/chunks/node_modules_next_dist_1e8vcs8._.js:776
[  403194ms] [LOG] [Fast Refresh] done in 155ms @ http://localhost:3001/_next/static/chunks/node_modules_next_dist_1e8vcs8._.js:776
[  403353ms] [LOG] [Fast Refresh] done in 155ms @ http://localhost:3001/_next/static/chunks/node_modules_next_dist_1e8vcs8._.js:776
[  403444ms] [LOG] [Fast Refresh] done in 155ms @ http://localhost:3001/_next/static/chunks/node_modules_next_dist_1e8vcs8._.js:776
[  403508ms] [LOG] [Fast Refresh] done in 155ms @ http://localhost:3001/_next/static/chunks/node_modules_next_dist_1e8vcs8._.js:776
[  403569ms] [LOG] [Fast Refresh] done in 155ms @ http://localhost:3001/_next/static/chunks/node_modules_next_dist_1e8vcs8._.js:776
[  403631ms] [LOG] [Fast Refresh] done in 155ms @ http://localhost:3001/_next/static/chunks/node_modules_next_dist_1e8vcs8._.js:776
[  403694ms] [LOG] [Fast Refresh] done in 155ms @ http://localhost:3001/_next/static/chunks/node_modules_next_dist_1e8vcs8._.js:776
[  403755ms] [LOG] [Fast Refresh] done in 155ms @ http://localhost:3001/_next/static/chunks/node_modules_next_dist_1e8vcs8._.js:776
[  403818ms] [LOG] [Fast Refresh] done in 155ms @ http://localhost:3001/_next/static/chunks/node_modules_next_dist_1e8vcs8._.js:776
[  403881ms] [LOG] [Fast Refresh] done in 155ms @ http://localhost:3001/_next/static/chunks/node_modules_next_dist_1e8vcs8._.js:776
[  403944ms] [LOG] [Fast Refresh] done in 155ms @ http://localhost:3001/_next/static/chunks/node_modules_next_dist_1e8vcs8._.js:776
[  404006ms] [LOG] [Fast Refresh] done in 155ms @ http://localhost:3001/_next/static/chunks/node_modules_next_dist_1e8vcs8._.js:776
[  404059ms] [LOG] [Fast Refresh] done in 155ms @ http://localhost:3001/_next/static/chunks/node_modules_next_dist_1e8vcs8._.js:776
[  404126ms] [LOG] [Fast Refresh] done in 155ms @ http://localhost:3001/_next/static/chunks/node_modules_next_dist_1e8vcs8._.js:776
[  404190ms] [LOG] [Fast Refresh] done in 155ms @ http://localhost:3001/_next/static/chunks/node_modules_next_dist_1e8vcs8._.js:776
[  404253ms] [LOG] [Fast Refresh] done in 155ms @ http://localhost:3001/_next/static/chunks/node_modules_next_dist_1e8vcs8._.js:776
[  404314ms] [LOG] [Fast Refresh] done in 155ms @ http://localhost:3001/_next/static/chunks/node_modules_next_dist_1e8vcs8._.js:776
[  404373ms] [LOG] [Fast Refresh] done in 155ms @ http://localhost:3001/_next/static/chunks/node_modules_next_dist_1e8vcs8._.js:776
[  404436ms] [LOG] [Fast Refresh] done in 155ms @ http://localhost:3001/_next/static/chunks/node_modules_next_dist_1e8vcs8._.js:776
[  404525ms] [LOG] [Fast Refresh] done in 155ms @ http://localhost:3001/_next/static/chunks/node_modules_next_dist_1e8vcs8._.js:776
[  404592ms] [LOG] [Fast Refresh] done in 155ms @ http://localhost:3001/_next/static/chunks/node_modules_next_dist_1e8vcs8._.js:776
[  404655ms] [LOG] [Fast Refresh] done in 155ms @ http://localhost:3001/_next/static/chunks/node_modules_next_dist_1e8vcs8._.js:776
[  404719ms] [LOG] [Fast Refresh] done in 155ms @ http://localhost:3001/_next/static/chunks/node_modules_next_dist_1e8vcs8._.js:776
[  404774ms] [LOG] [Fast Refresh] done in 155ms @ http://localhost:3001/_next/static/chunks/node_modules_next_dist_1e8vcs8._.js:776
[  404838ms] [LOG] [Fast Refresh] done in 155ms @ http://localhost:3001/_next/static/chunks/node_modules_next_dist_1e8vcs8._.js:776
[  404906ms] [LOG] [Fast Refresh] done in 155ms @ http://localhost:3001/_next/static/chunks/node_modules_next_dist_1e8vcs8._.js:776
[  404969ms] [LOG] [Fast Refresh] done in 155ms @ http://localhost:3001/_next/static/chunks/node_modules_next_dist_1e8vcs8._.js:776
[  405023ms] [LOG] [Fast Refresh] done in 155ms @ http://localhost:3001/_next/static/chunks/node_modules_next_dist_1e8vcs8._.js:776
[  405089ms] [LOG] [Fast Refresh] done in 155ms @ http://localhost:3001/_next/static/chunks/node_modules_next_dist_1e8vcs8._.js:776
[  405154ms] [LOG] [Fast Refresh] done in 155ms @ http://localhost:3001/_next/static/chunks/node_modules_next_dist_1e8vcs8._.js:776
[  405206ms] [LOG] [Fast Refresh] done in 155ms @ http://localhost:3001/_next/static/chunks/node_modules_next_dist_1e8vcs8._.js:776
[  405273ms] [LOG] [Fast Refresh] done in 155ms @ http://localhost:3001/_next/static/chunks/node_modules_next_dist_1e8vcs8._.js:776
[  405323ms] [LOG] [Fast Refresh] done in 155ms @ http://localhost:3001/_next/static/chunks/node_modules_next_dist_1e8vcs8._.js:776
[  405385ms] [LOG] [Fast Refresh] done in 155ms @ http://localhost:3001/_next/static/chunks/node_modules_next_dist_1e8vcs8._.js:776
[  405449ms] [LOG] [Fast Refresh] done in 155ms @ http://localhost:3001/_next/static/chunks/node_modules_next_dist_1e8vcs8._.js:776
[  405512ms] [LOG] [Fast Refresh] done in 155ms @ http://localhost:3001/_next/static/chunks/node_modules_next_dist_1e8vcs8._.js:776
[  405574ms] [LOG] [Fast Refresh] done in 155ms @ http://localhost:3001/_next/static/chunks/node_modules_next_dist_1e8vcs8._.js:776
[  405624ms] [LOG] [Fast Refresh] done in 155ms @ http://localhost:3001/_next/static/chunks/node_modules_next_dist_1e8vcs8._.js:776
[  405690ms] [LOG] [Fast Refresh] done in 155ms @ http://localhost:3001/_next/static/chunks/node_modules_next_dist_1e8vcs8._.js:776
[  405740ms] [LOG] [Fast Refresh] done in 155ms @ http://localhost:3001/_next/static/chunks/node_modules_next_dist_1e8vcs8._.js:776
[  405791ms] [LOG] [Fast Refresh] done in 155ms @ http://localhost:3001/_next/static/chunks/node_modules_next_dist_1e8vcs8._.js:776
[  405856ms] [LOG] [Fast Refresh] done in 155ms @ http://localhost:3001/_next/static/chunks/node_modules_next_dist_1e8vcs8._.js:776
[  405922ms] [LOG] [Fast Refresh] done in 155ms @ http://localhost:3001/_next/static/chunks/node_modules_next_dist_1e8vcs8._.js:776
[  405987ms] [LOG] [Fast Refresh] done in 155ms @ http://localhost:3001/_next/static/chunks/node_modules_next_dist_1e8vcs8._.js:776
[  406051ms] [LOG] [Fast Refresh] done in 155ms @ http://localhost:3001/_next/static/chunks/node_modules_next_dist_1e8vcs8._.js:776
[  406104ms] [LOG] [Fast Refresh] done in 155ms @ http://localhost:3001/_next/static/chunks/node_modules_next_dist_1e8vcs8._.js:776
[  406157ms] [LOG] [Fast Refresh] done in 155ms @ http://localhost:3001/_next/static/chunks/node_modules_next_dist_1e8vcs8._.js:776
[  406221ms] [LOG] [Fast Refresh] done in 155ms @ http://localhost:3001/_next/static/chunks/node_modules_next_dist_1e8vcs8._.js:776
[  406274ms] [LOG] [Fast Refresh] done in 155ms @ http://localhost:3001/_next/static/chunks/node_modules_next_dist_1e8vcs8._.js:776
[  406339ms] [LOG] [Fast Refresh] done in 155ms @ http://localhost:3001/_next/static/chunks/node_modules_next_dist_1e8vcs8._.js:776
[  406402ms] [LOG] [Fast Refresh] done in 155ms @ http://localhost:3001/_next/static/chunks/node_modules_next_dist_1e8vcs8._.js:776
[  406456ms] [LOG] [Fast Refresh] done in 155ms @ http://localhost:3001/_next/static/chunks/node_modules_next_dist_1e8vcs8._.js:776
[  406508ms] [LOG] [Fast Refresh] done in 155ms @ http://localhost:3001/_next/static/chunks/node_modules_next_dist_1e8vcs8._.js:776
[  406572ms] [LOG] [Fast Refresh] done in 155ms @ http://localhost:3001/_next/static/chunks/node_modules_next_dist_1e8vcs8._.js:776
[  406635ms] [LOG] [Fast Refresh] done in 155ms @ http://localhost:3001/_next/static/chunks/node_modules_next_dist_1e8vcs8._.js:776
[  406690ms] [LOG] [Fast Refresh] done in 155ms @ http://localhost:3001/_next/static/chunks/node_modules_next_dist_1e8vcs8._.js:776
[  406751ms] [LOG] [Fast Refresh] done in 155ms @ http://localhost:3001/_next/static/chunks/node_modules_next_dist_1e8vcs8._.js:776
[  406804ms] [LOG] [Fast Refresh] done in 155ms @ http://localhost:3001/_next/static/chunks/node_modules_next_dist_1e8vcs8._.js:776
[  406866ms] [LOG] [Fast Refresh] done in 155ms @ http://localhost:3001/_next/static/chunks/node_modules_next_dist_1e8vcs8._.js:776
[  406923ms] [LOG] [Fast Refresh] done in 155ms @ http://localhost:3001/_next/static/chunks/node_modules_next_dist_1e8vcs8._.js:776
[  406985ms] [LOG] [Fast Refresh] done in 155ms @ http://localhost:3001/_next/static/chunks/node_modules_next_dist_1e8vcs8._.js:776
[  407038ms] [LOG] [Fast Refresh] done in 155ms @ http://localhost:3001/_next/static/chunks/node_modules_next_dist_1e8vcs8._.js:776
[  407103ms] [LOG] [Fast Refresh] done in 155ms @ http://localhost:3001/_next/static/chunks/node_modules_next_dist_1e8vcs8._.js:776
[  407166ms] [LOG] [Fast Refresh] done in 155ms @ http://localhost:3001/_next/static/chunks/node_modules_next_dist_1e8vcs8._.js:776
[  407274ms] [LOG] [Fast Refresh] done in 155ms @ http://localhost:3001/_next/static/chunks/node_modules_next_dist_1e8vcs8._.js:776
[  407337ms] [LOG] [Fast Refresh] done in 155ms @ http://localhost:3001/_next/static/chunks/node_modules_next_dist_1e8vcs8._.js:776
[  407401ms] [LOG] [Fast Refresh] done in 155ms @ http://localhost:3001/_next/static/chunks/node_modules_next_dist_1e8vcs8._.js:776
[  407468ms] [LOG] [Fast Refresh] done in 155ms @ http://localhost:3001/_next/static/chunks/node_modules_next_dist_1e8vcs8._.js:776
[  407555ms] [LOG] [Fast Refresh] done in 155ms @ http://localhost:3001/_next/static/chunks/node_modules_next_dist_1e8vcs8._.js:776
[  407620ms] [LOG] [Fast Refresh] done in 155ms @ http://localhost:3001/_next/static/chunks/node_modules_next_dist_1e8vcs8._.js:776
[  407690ms] [LOG] [Fast Refresh] done in 155ms @ http://localhost:3001/_next/static/chunks/node_modules_next_dist_1e8vcs8._.js:776
[  407742ms] [LOG] [Fast Refresh] done in 155ms @ http://localhost:3001/_next/static/chunks/node_modules_next_dist_1e8vcs8._.js:776
[  407814ms] [LOG] [Fast Refresh] done in 155ms @ http://localhost:3001/_next/static/chunks/node_modules_next_dist_1e8vcs8._.js:776
[  407877ms] [LOG] [Fast Refresh] done in 155ms @ http://localhost:3001/_next/static/chunks/node_modules_next_dist_1e8vcs8._.js:776
[  407950ms] [LOG] [Fast Refresh] done in 155ms @ http://localhost:3001/_next/static/chunks/node_modules_next_dist_1e8vcs8._.js:776
[  408019ms] [LOG] [Fast Refresh] done in 155ms @ http://localhost:3001/_next/static/chunks/node_modules_next_dist_1e8vcs8._.js:776
[  408080ms] [LOG] [Fast Refresh] done in 155ms @ http://localhost:3001/_next/static/chunks/node_modules_next_dist_1e8vcs8._.js:776
[  408145ms] [LOG] [Fast Refresh] done in 155ms @ http://localhost:3001/_next/static/chunks/node_modules_next_dist_1e8vcs8._.js:776
[  408223ms] [LOG] [Fast Refresh] done in 155ms @ http://localhost:3001/_next/static/chunks/node_modules_next_dist_1e8vcs8._.js:776
[  408311ms] [LOG] [Fast Refresh] done in 155ms @ http://localhost:3001/_next/static/chunks/node_modules_next_dist_1e8vcs8._.js:776
[  408423ms] [LOG] [Fast Refresh] done in 155ms @ http://localhost:3001/_next/static/chunks/node_modules_next_dist_1e8vcs8._.js:776
[  408535ms] [LOG] [Fast Refresh] done in 155ms @ http://localhost:3001/_next/static/chunks/node_modules_next_dist_1e8vcs8._.js:776
[  408628ms] [LOG] [Fast Refresh] done in 155ms @ http://localhost:3001/_next/static/chunks/node_modules_next_dist_1e8vcs8._.js:776
[  408693ms] [LOG] [Fast Refresh] done in 155ms @ http://localhost:3001/_next/static/chunks/node_modules_next_dist_1e8vcs8._.js:776
[  408752ms] [LOG] [Fast Refresh] done in 155ms @ http://localhost:3001/_next/static/chunks/node_modules_next_dist_1e8vcs8._.js:776
[  408816ms] [LOG] [Fast Refresh] done in 155ms @ http://localhost:3001/_next/static/chunks/node_modules_next_dist_1e8vcs8._.js:776
[  408881ms] [LOG] [Fast Refresh] done in 155ms @ http://localhost:3001/_next/static/chunks/node_modules_next_dist_1e8vcs8._.js:776
[  408938ms] [LOG] [Fast Refresh] done in 155ms @ http://localhost:3001/_next/static/chunks/node_modules_next_dist_1e8vcs8._.js:776
[  409002ms] [LOG] [Fast Refresh] done in 155ms @ http://localhost:3001/_next/static/chunks/node_modules_next_dist_1e8vcs8._.js:776
[  409062ms] [LOG] [Fast Refresh] done in 155ms @ http://localhost:3001/_next/static/chunks/node_modules_next_dist_1e8vcs8._.js:776
[  409125ms] [LOG] [Fast Refresh] done in 155ms @ http://localhost:3001/_next/static/chunks/node_modules_next_dist_1e8vcs8._.js:776
[  409191ms] [LOG] [Fast Refresh] done in 155ms @ http://localhost:3001/_next/static/chunks/node_modules_next_dist_1e8vcs8._.js:776
[  409250ms] [LOG] [Fast Refresh] done in 155ms @ http://localhost:3001/_next/static/chunks/node_modules_next_dist_1e8vcs8._.js:776
[  409316ms] [LOG] [Fast Refresh] done in 155ms @ http://localhost:3001/_next/static/chunks/node_modules_next_dist_1e8vcs8._.js:776
[  409375ms] [LOG] [Fast Refresh] done in 155ms @ http://localhost:3001/_next/static/chunks/node_modules_next_dist_1e8vcs8._.js:776
[  409441ms] [LOG] [Fast Refresh] done in 155ms @ http://localhost:3001/_next/static/chunks/node_modules_next_dist_1e8vcs8._.js:776
[  409530ms] [LOG] [Fast Refresh] done in 155ms @ http://localhost:3001/_next/static/chunks/node_modules_next_dist_1e8vcs8._.js:776
[  409618ms] [LOG] [Fast Refresh] done in 155ms @ http://localhost:3001/_next/static/chunks/node_modules_next_dist_1e8vcs8._.js:776
[  409683ms] [LOG] [Fast Refresh] done in 155ms @ http://localhost:3001/_next/static/chunks/node_modules_next_dist_1e8vcs8._.js:776
[  409746ms] [LOG] [Fast Refresh] done in 155ms @ http://localhost:3001/_next/static/chunks/node_modules_next_dist_1e8vcs8._.js:776
[  409805ms] [LOG] [Fast Refresh] done in 155ms @ http://localhost:3001/_next/static/chunks/node_modules_next_dist_1e8vcs8._.js:776
[  409867ms] [LOG] [Fast Refresh] done in 155ms @ http://localhost:3001/_next/static/chunks/node_modules_next_dist_1e8vcs8._.js:776
[  409929ms] [LOG] [Fast Refresh] done in 155ms @ http://localhost:3001/_next/static/chunks/node_modules_next_dist_1e8vcs8._.js:776
[  409993ms] [LOG] [Fast Refresh] done in 155ms @ http://localhost:3001/_next/static/chunks/node_modules_next_dist_1e8vcs8._.js:776
[  410046ms] [LOG] [Fast Refresh] done in 155ms @ http://localhost:3001/_next/static/chunks/node_modules_next_dist_1e8vcs8._.js:776
[  410121ms] [LOG] [Fast Refresh] done in 155ms @ http://localhost:3001/_next/static/chunks/node_modules_next_dist_1e8vcs8._.js:776
[  410224ms] [LOG] [Fast Refresh] done in 155ms @ http://localhost:3001/_next/static/chunks/node_modules_next_dist_1e8vcs8._.js:776
[  410293ms] [LOG] [Fast Refresh] done in 155ms @ http://localhost:3001/_next/static/chunks/node_modules_next_dist_1e8vcs8._.js:776
[  410374ms] [LOG] [Fast Refresh] done in 155ms @ http://localhost:3001/_next/static/chunks/node_modules_next_dist_1e8vcs8._.js:776
[  410468ms] [LOG] [Fast Refresh] done in 155ms @ http://localhost:3001/_next/static/chunks/node_modules_next_dist_1e8vcs8._.js:776
[  410537ms] [LOG] [Fast Refresh] done in 155ms @ http://localhost:3001/_next/static/chunks/node_modules_next_dist_1e8vcs8._.js:776
[  410605ms] [LOG] [Fast Refresh] done in 155ms @ http://localhost:3001/_next/static/chunks/node_modules_next_dist_1e8vcs8._.js:776
[  410661ms] [LOG] [Fast Refresh] done in 155ms @ http://localhost:3001/_next/static/chunks/node_modules_next_dist_1e8vcs8._.js:776
[  410723ms] [LOG] [Fast Refresh] done in 155ms @ http://localhost:3001/_next/static/chunks/node_modules_next_dist_1e8vcs8._.js:776
[  410786ms] [LOG] [Fast Refresh] done in 155ms @ http://localhost:3001/_next/static/chunks/node_modules_next_dist_1e8vcs8._.js:776
[  410850ms] [LOG] [Fast Refresh] done in 155ms @ http://localhost:3001/_next/static/chunks/node_modules_next_dist_1e8vcs8._.js:776
[  410910ms] [LOG] [Fast Refresh] done in 155ms @ http://localhost:3001/_next/static/chunks/node_modules_next_dist_1e8vcs8._.js:776
[  410973ms] [LOG] [Fast Refresh] done in 155ms @ http://localhost:3001/_next/static/chunks/node_modules_next_dist_1e8vcs8._.js:776
[  411035ms] [LOG] [Fast Refresh] done in 155ms @ http://localhost:3001/_next/static/chunks/node_modules_next_dist_1e8vcs8._.js:776
[  411096ms] [LOG] [Fast Refresh] done in 155ms @ http://localhost:3001/_next/static/chunks/node_modules_next_dist_1e8vcs8._.js:776
[  411159ms] [LOG] [Fast Refresh] done in 155ms @ http://localhost:3001/_next/static/chunks/node_modules_next_dist_1e8vcs8._.js:776
[  411227ms] [LOG] [Fast Refresh] done in 155ms @ http://localhost:3001/_next/static/chunks/node_modules_next_dist_1e8vcs8._.js:776
[  411290ms] [LOG] [Fast Refresh] done in 155ms @ http://localhost:3001/_next/static/chunks/node_modules_next_dist_1e8vcs8._.js:776
[  411342ms] [LOG] [Fast Refresh] done in 155ms @ http://localhost:3001/_next/static/chunks/node_modules_next_dist_1e8vcs8._.js:776
[  411409ms] [LOG] [Fast Refresh] done in 155ms @ http://localhost:3001/_next/static/chunks/node_modules_next_dist_1e8vcs8._.js:776
[  411458ms] [LOG] [Fast Refresh] done in 155ms @ http://localhost:3001/_next/static/chunks/node_modules_next_dist_1e8vcs8._.js:776
[  411507ms] [LOG] [Fast Refresh] done in 155ms @ http://localhost:3001/_next/static/chunks/node_modules_next_dist_1e8vcs8._.js:776
[  411572ms] [LOG] [Fast Refresh] done in 155ms @ http://localhost:3001/_next/static/chunks/node_modules_next_dist_1e8vcs8._.js:776
[  411624ms] [LOG] [Fast Refresh] done in 155ms @ http://localhost:3001/_next/static/chunks/node_modules_next_dist_1e8vcs8._.js:776
[  411677ms] [LOG] [Fast Refresh] done in 155ms @ http://localhost:3001/_next/static/chunks/node_modules_next_dist_1e8vcs8._.js:776
[  411739ms] [LOG] [Fast Refresh] done in 155ms @ http://localhost:3001/_next/static/chunks/node_modules_next_dist_1e8vcs8._.js:776
[  411791ms] [LOG] [Fast Refresh] done in 155ms @ http://localhost:3001/_next/static/chunks/node_modules_next_dist_1e8vcs8._.js:776
[  411842ms] [LOG] [Fast Refresh] done in 155ms @ http://localhost:3001/_next/static/chunks/node_modules_next_dist_1e8vcs8._.js:776
[  411903ms] [LOG] [Fast Refresh] done in 155ms @ http://localhost:3001/_next/static/chunks/node_modules_next_dist_1e8vcs8._.js:776
[  411956ms] [LOG] [Fast Refresh] done in 155ms @ http://localhost:3001/_next/static/chunks/node_modules_next_dist_1e8vcs8._.js:776
[  412007ms] [LOG] [Fast Refresh] done in 155ms @ http://localhost:3001/_next/static/chunks/node_modules_next_dist_1e8vcs8._.js:776
[  412057ms] [LOG] [Fast Refresh] done in 155ms @ http://localhost:3001/_next/static/chunks/node_modules_next_dist_1e8vcs8._.js:776
[  412125ms] [LOG] [Fast Refresh] done in 155ms @ http://localhost:3001/_next/static/chunks/node_modules_next_dist_1e8vcs8._.js:776
[  412173ms] [LOG] [Fast Refresh] done in 155ms @ http://localhost:3001/_next/static/chunks/node_modules_next_dist_1e8vcs8._.js:776
[  412223ms] [LOG] [Fast Refresh] done in 155ms @ http://localhost:3001/_next/static/chunks/node_modules_next_dist_1e8vcs8._.js:776
[  412273ms] [LOG] [Fast Refresh] done in 155ms @ http://localhost:3001/_next/static/chunks/node_modules_next_dist_1e8vcs8._.js:776
[  412324ms] [LOG] [Fast Refresh] done in 155ms @ http://localhost:3001/_next/static/chunks/node_modules_next_dist_1e8vcs8._.js:776
[  412374ms] [LOG] [Fast Refresh] done in 155ms @ http://localhost:3001/_next/static/chunks/node_modules_next_dist_1e8vcs8._.js:776
[  412438ms] [LOG] [Fast Refresh] done in 155ms @ http://localhost:3001/_next/static/chunks/node_modules_next_dist_1e8vcs8._.js:776
[  412490ms] [LOG] [Fast Refresh] done in 155ms @ http://localhost:3001/_next/static/chunks/node_modules_next_dist_1e8vcs8._.js:776
[  412541ms] [LOG] [Fast Refresh] done in 155ms @ http://localhost:3001/_next/static/chunks/node_modules_next_dist_1e8vcs8._.js:776
[  412606ms] [LOG] [Fast Refresh] done in 155ms @ http://localhost:3001/_next/static/chunks/node_modules_next_dist_1e8vcs8._.js:776
[  412657ms] [LOG] [Fast Refresh] done in 155ms @ http://localhost:3001/_next/static/chunks/node_modules_next_dist_1e8vcs8._.js:776
[  412721ms] [LOG] [Fast Refresh] done in 155ms @ http://localhost:3001/_next/static/chunks/node_modules_next_dist_1e8vcs8._.js:776
[  412773ms] [LOG] [Fast Refresh] done in 155ms @ http://localhost:3001/_next/static/chunks/node_modules_next_dist_1e8vcs8._.js:776
[  412828ms] [LOG] [Fast Refresh] done in 155ms @ http://localhost:3001/_next/static/chunks/node_modules_next_dist_1e8vcs8._.js:776
[  412895ms] [LOG] [Fast Refresh] done in 155ms @ http://localhost:3001/_next/static/chunks/node_modules_next_dist_1e8vcs8._.js:776
[  412955ms] [LOG] [Fast Refresh] done in 155ms @ http://localhost:3001/_next/static/chunks/node_modules_next_dist_1e8vcs8._.js:776
[  413006ms] [LOG] [Fast Refresh] done in 155ms @ http://localhost:3001/_next/static/chunks/node_modules_next_dist_1e8vcs8._.js:776
[  413057ms] [LOG] [Fast Refresh] done in 155ms @ http://localhost:3001/_next/static/chunks/node_modules_next_dist_1e8vcs8._.js:776
[  413107ms] [LOG] [Fast Refresh] done in 155ms @ http://localhost:3001/_next/static/chunks/node_modules_next_dist_1e8vcs8._.js:776
[  413172ms] [LOG] [Fast Refresh] done in 155ms @ http://localhost:3001/_next/static/chunks/node_modules_next_dist_1e8vcs8._.js:776
[  413239ms] [LOG] [Fast Refresh] done in 155ms @ http://localhost:3001/_next/static/chunks/node_modules_next_dist_1e8vcs8._.js:776
[  413294ms] [LOG] [Fast Refresh] done in 155ms @ http://localhost:3001/_next/static/chunks/node_modules_next_dist_1e8vcs8._.js:776
[  413340ms] [LOG] [Fast Refresh] done in 155ms @ http://localhost:3001/_next/static/chunks/node_modules_next_dist_1e8vcs8._.js:776
[  413407ms] [LOG] [Fast Refresh] done in 155ms @ http://localhost:3001/_next/static/chunks/node_modules_next_dist_1e8vcs8._.js:776
[  413475ms] [LOG] [Fast Refresh] done in 155ms @ http://localhost:3001/_next/static/chunks/node_modules_next_dist_1e8vcs8._.js:776
[  413540ms] [LOG] [Fast Refresh] done in 155ms @ http://localhost:3001/_next/static/chunks/node_modules_next_dist_1e8vcs8._.js:776
[  413590ms] [LOG] [Fast Refresh] done in 155ms @ http://localhost:3001/_next/static/chunks/node_modules_next_dist_1e8vcs8._.js:776
[  413640ms] [LOG] [Fast Refresh] done in 155ms @ http://localhost:3001/_next/static/chunks/node_modules_next_dist_1e8vcs8._.js:776
[  413691ms] [LOG] [Fast Refresh] done in 155ms @ http://localhost:3001/_next/static/chunks/node_modules_next_dist_1e8vcs8._.js:776
[  413740ms] [LOG] [Fast Refresh] done in 155ms @ http://localhost:3001/_next/static/chunks/node_modules_next_dist_1e8vcs8._.js:776
[  413790ms] [LOG] [Fast Refresh] done in 155ms @ http://localhost:3001/_next/static/chunks/node_modules_next_dist_1e8vcs8._.js:776
[  413855ms] [LOG] [Fast Refresh] done in 155ms @ http://localhost:3001/_next/static/chunks/node_modules_next_dist_1e8vcs8._.js:776
[  413908ms] [LOG] [Fast Refresh] done in 155ms @ http://localhost:3001/_next/static/chunks/node_modules_next_dist_1e8vcs8._.js:776
[  413973ms] [LOG] [Fast Refresh] done in 155ms @ http://localhost:3001/_next/static/chunks/node_modules_next_dist_1e8vcs8._.js:776
[  414024ms] [LOG] [Fast Refresh] done in 155ms @ http://localhost:3001/_next/static/chunks/node_modules_next_dist_1e8vcs8._.js:776
[  414074ms] [LOG] [Fast Refresh] done in 155ms @ http://localhost:3001/_next/static/chunks/node_modules_next_dist_1e8vcs8._.js:776
[  414123ms] [LOG] [Fast Refresh] done in 155ms @ http://localhost:3001/_next/static/chunks/node_modules_next_dist_1e8vcs8._.js:776
[  414173ms] [LOG] [Fast Refresh] done in 155ms @ http://localhost:3001/_next/static/chunks/node_modules_next_dist_1e8vcs8._.js:776
[  414224ms] [LOG] [Fast Refresh] done in 155ms @ http://localhost:3001/_next/static/chunks/node_modules_next_dist_1e8vcs8._.js:776
[  414274ms] [LOG] [Fast Refresh] done in 155ms @ http://localhost:3001/_next/static/chunks/node_modules_next_dist_1e8vcs8._.js:776
[  414325ms] [LOG] [Fast Refresh] done in 155ms @ http://localhost:3001/_next/static/chunks/node_modules_next_dist_1e8vcs8._.js:776
[  414374ms] [LOG] [Fast Refresh] done in 155ms @ http://localhost:3001/_next/static/chunks/node_modules_next_dist_1e8vcs8._.js:776
[  414423ms] [LOG] [Fast Refresh] done in 155ms @ http://localhost:3001/_next/static/chunks/node_modules_next_dist_1e8vcs8._.js:776
[  414473ms] [LOG] [Fast Refresh] done in 155ms @ http://localhost:3001/_next/static/chunks/node_modules_next_dist_1e8vcs8._.js:776
[  414524ms] [LOG] [Fast Refresh] done in 155ms @ http://localhost:3001/_next/static/chunks/node_modules_next_dist_1e8vcs8._.js:776
[  414588ms] [LOG] [Fast Refresh] done in 155ms @ http://localhost:3001/_next/static/chunks/node_modules_next_dist_1e8vcs8._.js:776
[  414639ms] [LOG] [Fast Refresh] done in 155ms @ http://localhost:3001/_next/static/chunks/node_modules_next_dist_1e8vcs8._.js:776
[  414691ms] [LOG] [Fast Refresh] done in 155ms @ http://localhost:3001/_next/static/chunks/node_modules_next_dist_1e8vcs8._.js:776
[  414740ms] [LOG] [Fast Refresh] done in 155ms @ http://localhost:3001/_next/static/chunks/node_modules_next_dist_1e8vcs8._.js:776
[  414790ms] [LOG] [Fast Refresh] done in 155ms @ http://localhost:3001/_next/static/chunks/node_modules_next_dist_1e8vcs8._.js:776
[  414855ms] [LOG] [Fast Refresh] done in 155ms @ http://localhost:3001/_next/static/chunks/node_modules_next_dist_1e8vcs8._.js:776
[  414907ms] [LOG] [Fast Refresh] done in 155ms @ http://localhost:3001/_next/static/chunks/node_modules_next_dist_1e8vcs8._.js:776
[  414956ms] [LOG] [Fast Refresh] done in 155ms @ http://localhost:3001/_next/static/chunks/node_modules_next_dist_1e8vcs8._.js:776
[  415007ms] [LOG] [Fast Refresh] done in 155ms @ http://localhost:3001/_next/static/chunks/node_modules_next_dist_1e8vcs8._.js:776
[  415057ms] [LOG] [Fast Refresh] done in 155ms @ http://localhost:3001/_next/static/chunks/node_modules_next_dist_1e8vcs8._.js:776
[  415106ms] [LOG] [Fast Refresh] done in 155ms @ http://localhost:3001/_next/static/chunks/node_modules_next_dist_1e8vcs8._.js:776
[  415155ms] [LOG] [Fast Refresh] done in 155ms @ http://localhost:3001/_next/static/chunks/node_modules_next_dist_1e8vcs8._.js:776
[  415207ms] [LOG] [Fast Refresh] done in 155ms @ http://localhost:3001/_next/static/chunks/node_modules_next_dist_1e8vcs8._.js:776
[  415274ms] [LOG] [Fast Refresh] done in 155ms @ http://localhost:3001/_next/static/chunks/node_modules_next_dist_1e8vcs8._.js:776
[  415339ms] [LOG] [Fast Refresh] done in 155ms @ http://localhost:3001/_next/static/chunks/node_modules_next_dist_1e8vcs8._.js:776
[  415408ms] [LOG] [Fast Refresh] done in 155ms @ http://localhost:3001/_next/static/chunks/node_modules_next_dist_1e8vcs8._.js:776
[  415457ms] [LOG] [Fast Refresh] done in 155ms @ http://localhost:3001/_next/static/chunks/node_modules_next_dist_1e8vcs8._.js:776
[  415507ms] [LOG] [Fast Refresh] done in 155ms @ http://localhost:3001/_next/static/chunks/node_modules_next_dist_1e8vcs8._.js:776
[  415557ms] [LOG] [Fast Refresh] done in 155ms @ http://localhost:3001/_next/static/chunks/node_modules_next_dist_1e8vcs8._.js:776
[  415607ms] [LOG] [Fast Refresh] done in 155ms @ http://localhost:3001/_next/static/chunks/node_modules_next_dist_1e8vcs8._.js:776
[  415657ms] [LOG] [Fast Refresh] done in 155ms @ http://localhost:3001/_next/static/chunks/node_modules_next_dist_1e8vcs8._.js:776
[  415707ms] [LOG] [Fast Refresh] done in 155ms @ http://localhost:3001/_next/static/chunks/node_modules_next_dist_1e8vcs8._.js:776
[  415772ms] [LOG] [Fast Refresh] done in 155ms @ http://localhost:3001/_next/static/chunks/node_modules_next_dist_1e8vcs8._.js:776
[  415822ms] [LOG] [Fast Refresh] done in 155ms @ http://localhost:3001/_next/static/chunks/node_modules_next_dist_1e8vcs8._.js:776
[  415874ms] [LOG] [Fast Refresh] done in 155ms @ http://localhost:3001/_next/static/chunks/node_modules_next_dist_1e8vcs8._.js:776
[  415923ms] [LOG] [Fast Refresh] done in 155ms @ http://localhost:3001/_next/static/chunks/node_modules_next_dist_1e8vcs8._.js:776
[  415973ms] [LOG] [Fast Refresh] done in 155ms @ http://localhost:3001/_next/static/chunks/node_modules_next_dist_1e8vcs8._.js:776
[  416022ms] [LOG] [Fast Refresh] done in 155ms @ http://localhost:3001/_next/static/chunks/node_modules_next_dist_1e8vcs8._.js:776
[  416073ms] [LOG] [Fast Refresh] done in 155ms @ http://localhost:3001/_next/static/chunks/node_modules_next_dist_1e8vcs8._.js:776
[  416123ms] [LOG] [Fast Refresh] done in 155ms @ http://localhost:3001/_next/static/chunks/node_modules_next_dist_1e8vcs8._.js:776
[  416174ms] [LOG] [Fast Refresh] done in 155ms @ http://localhost:3001/_next/static/chunks/node_modules_next_dist_1e8vcs8._.js:776
[  416224ms] [LOG] [Fast Refresh] done in 155ms @ http://localhost:3001/_next/static/chunks/node_modules_next_dist_1e8vcs8._.js:776
[  416274ms] [LOG] [Fast Refresh] done in 155ms @ http://localhost:3001/_next/static/chunks/node_modules_next_dist_1e8vcs8._.js:776
[  416324ms] [LOG] [Fast Refresh] done in 155ms @ http://localhost:3001/_next/static/chunks/node_modules_next_dist_1e8vcs8._.js:776
[  416386ms] [LOG] [Fast Refresh] done in 155ms @ http://localhost:3001/_next/static/chunks/node_modules_next_dist_1e8vcs8._.js:776
[  416438ms] [LOG] [Fast Refresh] done in 155ms @ http://localhost:3001/_next/static/chunks/node_modules_next_dist_1e8vcs8._.js:776
[  416502ms] [LOG] [Fast Refresh] done in 155ms @ http://localhost:3001/_next/static/chunks/node_modules_next_dist_1e8vcs8._.js:776
[  416555ms] [LOG] [Fast Refresh] done in 155ms @ http://localhost:3001/_next/static/chunks/node_modules_next_dist_1e8vcs8._.js:776
[  416620ms] [LOG] [Fast Refresh] done in 155ms @ http://localhost:3001/_next/static/chunks/node_modules_next_dist_1e8vcs8._.js:776
[  416673ms] [LOG] [Fast Refresh] done in 155ms @ http://localhost:3001/_next/static/chunks/node_modules_next_dist_1e8vcs8._.js:776
[  416739ms] [LOG] [Fast Refresh] done in 155ms @ http://localhost:3001/_next/static/chunks/node_modules_next_dist_1e8vcs8._.js:776
[  416803ms] [LOG] [Fast Refresh] done in 155ms @ http://localhost:3001/_next/static/chunks/node_modules_next_dist_1e8vcs8._.js:776
[  416865ms] [LOG] [Fast Refresh] done in 155ms @ http://localhost:3001/_next/static/chunks/node_modules_next_dist_1e8vcs8._.js:776
[  416927ms] [LOG] [Fast Refresh] done in 155ms @ http://localhost:3001/_next/static/chunks/node_modules_next_dist_1e8vcs8._.js:776
[  416990ms] [LOG] [Fast Refresh] done in 155ms @ http://localhost:3001/_next/static/chunks/node_modules_next_dist_1e8vcs8._.js:776
[  417040ms] [LOG] [Fast Refresh] done in 155ms @ http://localhost:3001/_next/static/chunks/node_modules_next_dist_1e8vcs8._.js:776
[  417103ms] [LOG] [Fast Refresh] done in 155ms @ http://localhost:3001/_next/static/chunks/node_modules_next_dist_1e8vcs8._.js:776
[  417169ms] [LOG] [Fast Refresh] done in 155ms @ http://localhost:3001/_next/static/chunks/node_modules_next_dist_1e8vcs8._.js:776
[  417234ms] [LOG] [Fast Refresh] done in 155ms @ http://localhost:3001/_next/static/chunks/node_modules_next_dist_1e8vcs8._.js:776
[  417294ms] [LOG] [Fast Refresh] done in 155ms @ http://localhost:3001/_next/static/chunks/node_modules_next_dist_1e8vcs8._.js:776
[  417355ms] [LOG] [Fast Refresh] done in 155ms @ http://localhost:3001/_next/static/chunks/node_modules_next_dist_1e8vcs8._.js:776
[  417422ms] [LOG] [Fast Refresh] done in 155ms @ http://localhost:3001/_next/static/chunks/node_modules_next_dist_1e8vcs8._.js:776
[  417473ms] [LOG] [Fast Refresh] done in 155ms @ http://localhost:3001/_next/static/chunks/node_modules_next_dist_1e8vcs8._.js:776
[  417539ms] [LOG] [Fast Refresh] done in 155ms @ http://localhost:3001/_next/static/chunks/node_modules_next_dist_1e8vcs8._.js:776
[  417606ms] [LOG] [Fast Refresh] done in 155ms @ http://localhost:3001/_next/static/chunks/node_modules_next_dist_1e8vcs8._.js:776
[  417673ms] [LOG] [Fast Refresh] done in 155ms @ http://localhost:3001/_next/static/chunks/node_modules_next_dist_1e8vcs8._.js:776
[  417740ms] [LOG] [Fast Refresh] done in 155ms @ http://localhost:3001/_next/static/chunks/node_modules_next_dist_1e8vcs8._.js:776
[  417791ms] [LOG] [Fast Refresh] done in 155ms @ http://localhost:3001/_next/static/chunks/node_modules_next_dist_1e8vcs8._.js:776
[  417857ms] [LOG] [Fast Refresh] done in 155ms @ http://localhost:3001/_next/static/chunks/node_modules_next_dist_1e8vcs8._.js:776
[  417906ms] [LOG] [Fast Refresh] done in 155ms @ http://localhost:3001/_next/static/chunks/node_modules_next_dist_1e8vcs8._.js:776
[  417958ms] [LOG] [Fast Refresh] done in 155ms @ http://localhost:3001/_next/static/chunks/node_modules_next_dist_1e8vcs8._.js:776
[  418007ms] [LOG] [Fast Refresh] done in 155ms @ http://localhost:3001/_next/static/chunks/node_modules_next_dist_1e8vcs8._.js:776
[  418057ms] [LOG] [Fast Refresh] done in 155ms @ http://localhost:3001/_next/static/chunks/node_modules_next_dist_1e8vcs8._.js:776
[  418106ms] [LOG] [Fast Refresh] done in 155ms @ http://localhost:3001/_next/static/chunks/node_modules_next_dist_1e8vcs8._.js:776
[  418171ms] [LOG] [Fast Refresh] done in 155ms @ http://localhost:3001/_next/static/chunks/node_modules_next_dist_1e8vcs8._.js:776
[  418224ms] [LOG] [Fast Refresh] done in 155ms @ http://localhost:3001/_next/static/chunks/node_modules_next_dist_1e8vcs8._.js:776
[  418290ms] [LOG] [Fast Refresh] done in 155ms @ http://localhost:3001/_next/static/chunks/node_modules_next_dist_1e8vcs8._.js:776
[  418355ms] [LOG] [Fast Refresh] done in 155ms @ http://localhost:3001/_next/static/chunks/node_modules_next_dist_1e8vcs8._.js:776
[  418407ms] [LOG] [Fast Refresh] done in 155ms @ http://localhost:3001/_next/static/chunks/node_modules_next_dist_1e8vcs8._.js:776
[  418472ms] [LOG] [Fast Refresh] done in 155ms @ http://localhost:3001/_next/static/chunks/node_modules_next_dist_1e8vcs8._.js:776
[  418536ms] [LOG] [Fast Refresh] done in 155ms @ http://localhost:3001/_next/static/chunks/node_modules_next_dist_1e8vcs8._.js:776
[  418588ms] [LOG] [Fast Refresh] done in 155ms @ http://localhost:3001/_next/static/chunks/node_modules_next_dist_1e8vcs8._.js:776
[  418656ms] [LOG] [Fast Refresh] done in 155ms @ http://localhost:3001/_next/static/chunks/node_modules_next_dist_1e8vcs8._.js:776
[  418708ms] [LOG] [Fast Refresh] done in 155ms @ http://localhost:3001/_next/static/chunks/node_modules_next_dist_1e8vcs8._.js:776
[  418758ms] [LOG] [Fast Refresh] done in 155ms @ http://localhost:3001/_next/static/chunks/node_modules_next_dist_1e8vcs8._.js:776
[  418809ms] [LOG] [Fast Refresh] done in 155ms @ http://localhost:3001/_next/static/chunks/node_modules_next_dist_1e8vcs8._.js:776
[  418873ms] [LOG] [Fast Refresh] done in 155ms @ http://localhost:3001/_next/static/chunks/node_modules_next_dist_1e8vcs8._.js:776
[  418938ms] [LOG] [Fast Refresh] done in 155ms @ http://localhost:3001/_next/static/chunks/node_modules_next_dist_1e8vcs8._.js:776
[  418990ms] [LOG] [Fast Refresh] done in 155ms @ http://localhost:3001/_next/static/chunks/node_modules_next_dist_1e8vcs8._.js:776
[  419040ms] [LOG] [Fast Refresh] done in 155ms @ http://localhost:3001/_next/static/chunks/node_modules_next_dist_1e8vcs8._.js:776
[  419091ms] [LOG] [Fast Refresh] done in 155ms @ http://localhost:3001/_next/static/chunks/node_modules_next_dist_1e8vcs8._.js:776
[  419141ms] [LOG] [Fast Refresh] done in 155ms @ http://localhost:3001/_next/static/chunks/node_modules_next_dist_1e8vcs8._.js:776
[  419191ms] [LOG] [Fast Refresh] done in 155ms @ http://localhost:3001/_next/static/chunks/node_modules_next_dist_1e8vcs8._.js:776
[  419241ms] [LOG] [Fast Refresh] done in 155ms @ http://localhost:3001/_next/static/chunks/node_modules_next_dist_1e8vcs8._.js:776
[  419291ms] [LOG] [Fast Refresh] done in 155ms @ http://localhost:3001/_next/static/chunks/node_modules_next_dist_1e8vcs8._.js:776
[  419357ms] [LOG] [Fast Refresh] done in 155ms @ http://localhost:3001/_next/static/chunks/node_modules_next_dist_1e8vcs8._.js:776
[  419421ms] [LOG] [Fast Refresh] done in 155ms @ http://localhost:3001/_next/static/chunks/node_modules_next_dist_1e8vcs8._.js:776
[  419483ms] [LOG] [Fast Refresh] done in 155ms @ http://localhost:3001/_next/static/chunks/node_modules_next_dist_1e8vcs8._.js:776
[  419541ms] [LOG] [Fast Refresh] done in 155ms @ http://localhost:3001/_next/static/chunks/node_modules_next_dist_1e8vcs8._.js:776
[  419590ms] [LOG] [Fast Refresh] done in 155ms @ http://localhost:3001/_next/static/chunks/node_modules_next_dist_1e8vcs8._.js:776
[  419640ms] [LOG] [Fast Refresh] done in 155ms @ http://localhost:3001/_next/static/chunks/node_modules_next_dist_1e8vcs8._.js:776
[  419691ms] [LOG] [Fast Refresh] done in 155ms @ http://localhost:3001/_next/static/chunks/node_modules_next_dist_1e8vcs8._.js:776
[  419754ms] [LOG] [Fast Refresh] done in 155ms @ http://localhost:3001/_next/static/chunks/node_modules_next_dist_1e8vcs8._.js:776
[  419817ms] [LOG] [Fast Refresh] done in 155ms @ http://localhost:3001/_next/static/chunks/node_modules_next_dist_1e8vcs8._.js:776
[  419893ms] [LOG] [Fast Refresh] done in 155ms @ http://localhost:3001/_next/static/chunks/node_modules_next_dist_1e8vcs8._.js:776
[  419953ms] [LOG] [Fast Refresh] done in 155ms @ http://localhost:3001/_next/static/chunks/node_modules_next_dist_1e8vcs8._.js:776
[  420019ms] [LOG] [Fast Refresh] done in 155ms @ http://localhost:3001/_next/static/chunks/node_modules_next_dist_1e8vcs8._.js:776
[  420073ms] [LOG] [Fast Refresh] done in 155ms @ http://localhost:3001/_next/static/chunks/node_modules_next_dist_1e8vcs8._.js:776
[  420124ms] [LOG] [Fast Refresh] done in 155ms @ http://localhost:3001/_next/static/chunks/node_modules_next_dist_1e8vcs8._.js:776
[  420173ms] [LOG] [Fast Refresh] done in 155ms @ http://localhost:3001/_next/static/chunks/node_modules_next_dist_1e8vcs8._.js:776
[  420223ms] [LOG] [Fast Refresh] done in 155ms @ http://localhost:3001/_next/static/chunks/node_modules_next_dist_1e8vcs8._.js:776
[  420291ms] [LOG] [Fast Refresh] done in 155ms @ http://localhost:3001/_next/static/chunks/node_modules_next_dist_1e8vcs8._.js:776
[  420355ms] [LOG] [Fast Refresh] done in 155ms @ http://localhost:3001/_next/static/chunks/node_modules_next_dist_1e8vcs8._.js:776
[  420421ms] [LOG] [Fast Refresh] done in 155ms @ http://localhost:3001/_next/static/chunks/node_modules_next_dist_1e8vcs8._.js:776
[  420474ms] [LOG] [Fast Refresh] done in 155ms @ http://localhost:3001/_next/static/chunks/node_modules_next_dist_1e8vcs8._.js:776
[  420537ms] [LOG] [Fast Refresh] done in 155ms @ http://localhost:3001/_next/static/chunks/node_modules_next_dist_1e8vcs8._.js:776
[  420590ms] [LOG] [Fast Refresh] done in 155ms @ http://localhost:3001/_next/static/chunks/node_modules_next_dist_1e8vcs8._.js:776
[  420640ms] [LOG] [Fast Refresh] done in 155ms @ http://localhost:3001/_next/static/chunks/node_modules_next_dist_1e8vcs8._.js:776
[  420690ms] [LOG] [Fast Refresh] done in 155ms @ http://localhost:3001/_next/static/chunks/node_modules_next_dist_1e8vcs8._.js:776
[  420740ms] [LOG] [Fast Refresh] done in 155ms @ http://localhost:3001/_next/static/chunks/node_modules_next_dist_1e8vcs8._.js:776
[  420790ms] [LOG] [Fast Refresh] done in 155ms @ http://localhost:3001/_next/static/chunks/node_modules_next_dist_1e8vcs8._.js:776
[  420857ms] [LOG] [Fast Refresh] done in 155ms @ http://localhost:3001/_next/static/chunks/node_modules_next_dist_1e8vcs8._.js:776
[  420908ms] [LOG] [Fast Refresh] done in 155ms @ http://localhost:3001/_next/static/chunks/node_modules_next_dist_1e8vcs8._.js:776
[  420972ms] [LOG] [Fast Refresh] done in 155ms @ http://localhost:3001/_next/static/chunks/node_modules_next_dist_1e8vcs8._.js:776
[  421024ms] [LOG] [Fast Refresh] done in 155ms @ http://localhost:3001/_next/static/chunks/node_modules_next_dist_1e8vcs8._.js:776
[  421088ms] [LOG] [Fast Refresh] done in 155ms @ http://localhost:3001/_next/static/chunks/node_modules_next_dist_1e8vcs8._.js:776
[  421142ms] [LOG] [Fast Refresh] done in 155ms @ http://localhost:3001/_next/static/chunks/node_modules_next_dist_1e8vcs8._.js:776
[  421206ms] [LOG] [Fast Refresh] done in 155ms @ http://localhost:3001/_next/static/chunks/node_modules_next_dist_1e8vcs8._.js:776
[  421273ms] [LOG] [Fast Refresh] done in 155ms @ http://localhost:3001/_next/static/chunks/node_modules_next_dist_1e8vcs8._.js:776
[  421338ms] [LOG] [Fast Refresh] done in 155ms @ http://localhost:3001/_next/static/chunks/node_modules_next_dist_1e8vcs8._.js:776
[  421389ms] [LOG] [Fast Refresh] done in 155ms @ http://localhost:3001/_next/static/chunks/node_modules_next_dist_1e8vcs8._.js:776
[  421441ms] [LOG] [Fast Refresh] done in 155ms @ http://localhost:3001/_next/static/chunks/node_modules_next_dist_1e8vcs8._.js:776
[  421503ms] [LOG] [Fast Refresh] done in 155ms @ http://localhost:3001/_next/static/chunks/node_modules_next_dist_1e8vcs8._.js:776
[  421556ms] [LOG] [Fast Refresh] done in 155ms @ http://localhost:3001/_next/static/chunks/node_modules_next_dist_1e8vcs8._.js:776
[  421607ms] [LOG] [Fast Refresh] done in 155ms @ http://localhost:3001/_next/static/chunks/node_modules_next_dist_1e8vcs8._.js:776
[  421672ms] [LOG] [Fast Refresh] done in 155ms @ http://localhost:3001/_next/static/chunks/node_modules_next_dist_1e8vcs8._.js:776
[  421726ms] [LOG] [Fast Refresh] done in 155ms @ http://localhost:3001/_next/static/chunks/node_modules_next_dist_1e8vcs8._.js:776
[  421790ms] [LOG] [Fast Refresh] done in 155ms @ http://localhost:3001/_next/static/chunks/node_modules_next_dist_1e8vcs8._.js:776
[  421841ms] [LOG] [Fast Refresh] done in 155ms @ http://localhost:3001/_next/static/chunks/node_modules_next_dist_1e8vcs8._.js:776
[  421891ms] [LOG] [Fast Refresh] done in 155ms @ http://localhost:3001/_next/static/chunks/node_modules_next_dist_1e8vcs8._.js:776
[  421941ms] [LOG] [Fast Refresh] done in 155ms @ http://localhost:3001/_next/static/chunks/node_modules_next_dist_1e8vcs8._.js:776
[  422005ms] [LOG] [Fast Refresh] done in 155ms @ http://localhost:3001/_next/static/chunks/node_modules_next_dist_1e8vcs8._.js:776
[  422073ms] [LOG] [Fast Refresh] done in 155ms @ http://localhost:3001/_next/static/chunks/node_modules_next_dist_1e8vcs8._.js:776
[  422140ms] [LOG] [Fast Refresh] done in 155ms @ http://localhost:3001/_next/static/chunks/node_modules_next_dist_1e8vcs8._.js:776
[  422202ms] [LOG] [Fast Refresh] done in 155ms @ http://localhost:3001/_next/static/chunks/node_modules_next_dist_1e8vcs8._.js:776
[  422266ms] [LOG] [Fast Refresh] done in 155ms @ http://localhost:3001/_next/static/chunks/node_modules_next_dist_1e8vcs8._.js:776
[  422325ms] [LOG] [Fast Refresh] done in 155ms @ http://localhost:3001/_next/static/chunks/node_modules_next_dist_1e8vcs8._.js:776
[  422387ms] [LOG] [Fast Refresh] done in 155ms @ http://localhost:3001/_next/static/chunks/node_modules_next_dist_1e8vcs8._.js:776
[  422450ms] [LOG] [Fast Refresh] done in 155ms @ http://localhost:3001/_next/static/chunks/node_modules_next_dist_1e8vcs8._.js:776
[  422511ms] [LOG] [Fast Refresh] done in 155ms @ http://localhost:3001/_next/static/chunks/node_modules_next_dist_1e8vcs8._.js:776
[  422574ms] [LOG] [Fast Refresh] done in 155ms @ http://localhost:3001/_next/static/chunks/node_modules_next_dist_1e8vcs8._.js:776
[  422636ms] [LOG] [Fast Refresh] done in 155ms @ http://localhost:3001/_next/static/chunks/node_modules_next_dist_1e8vcs8._.js:776
[  422688ms] [LOG] [Fast Refresh] done in 155ms @ http://localhost:3001/_next/static/chunks/node_modules_next_dist_1e8vcs8._.js:776
[  422750ms] [LOG] [Fast Refresh] done in 155ms @ http://localhost:3001/_next/static/chunks/node_modules_next_dist_1e8vcs8._.js:776
[  422808ms] [LOG] [Fast Refresh] done in 155ms @ http://localhost:3001/_next/static/chunks/node_modules_next_dist_1e8vcs8._.js:776
[  422869ms] [LOG] [Fast Refresh] done in 155ms @ http://localhost:3001/_next/static/chunks/node_modules_next_dist_1e8vcs8._.js:776
[  422931ms] [LOG] [Fast Refresh] done in 155ms @ http://localhost:3001/_next/static/chunks/node_modules_next_dist_1e8vcs8._.js:776
[  422993ms] [LOG] [Fast Refresh] done in 155ms @ http://localhost:3001/_next/static/chunks/node_modules_next_dist_1e8vcs8._.js:776
[  423055ms] [LOG] [Fast Refresh] done in 155ms @ http://localhost:3001/_next/static/chunks/node_modules_next_dist_1e8vcs8._.js:776
[  423117ms] [LOG] [Fast Refresh] done in 155ms @ http://localhost:3001/_next/static/chunks/node_modules_next_dist_1e8vcs8._.js:776
[  423170ms] [LOG] [Fast Refresh] done in 155ms @ http://localhost:3001/_next/static/chunks/node_modules_next_dist_1e8vcs8._.js:776
[  423233ms] [LOG] [Fast Refresh] done in 155ms @ http://localhost:3001/_next/static/chunks/node_modules_next_dist_1e8vcs8._.js:776
[  423288ms] [LOG] [Fast Refresh] done in 155ms @ http://localhost:3001/_next/static/chunks/node_modules_next_dist_1e8vcs8._.js:776
[  423340ms] [LOG] [Fast Refresh] done in 155ms @ http://localhost:3001/_next/static/chunks/node_modules_next_dist_1e8vcs8._.js:776
[  423403ms] [LOG] [Fast Refresh] done in 155ms @ http://localhost:3001/_next/static/chunks/node_modules_next_dist_1e8vcs8._.js:776
[  423458ms] [LOG] [Fast Refresh] done in 155ms @ http://localhost:3001/_next/static/chunks/node_modules_next_dist_1e8vcs8._.js:776
[  423522ms] [LOG] [Fast Refresh] done in 155ms @ http://localhost:3001/_next/static/chunks/node_modules_next_dist_1e8vcs8._.js:776
[  423590ms] [LOG] [Fast Refresh] done in 155ms @ http://localhost:3001/_next/static/chunks/node_modules_next_dist_1e8vcs8._.js:776
[  423639ms] [LOG] [Fast Refresh] done in 155ms @ http://localhost:3001/_next/static/chunks/node_modules_next_dist_1e8vcs8._.js:776
[  423691ms] [LOG] [Fast Refresh] done in 155ms @ http://localhost:3001/_next/static/chunks/node_modules_next_dist_1e8vcs8._.js:776
[  423756ms] [LOG] [Fast Refresh] done in 155ms @ http://localhost:3001/_next/static/chunks/node_modules_next_dist_1e8vcs8._.js:776
[  423808ms] [LOG] [Fast Refresh] done in 155ms @ http://localhost:3001/_next/static/chunks/node_modules_next_dist_1e8vcs8._.js:776
[  423858ms] [LOG] [Fast Refresh] done in 155ms @ http://localhost:3001/_next/static/chunks/node_modules_next_dist_1e8vcs8._.js:776
[  423923ms] [LOG] [Fast Refresh] done in 155ms @ http://localhost:3001/_next/static/chunks/node_modules_next_dist_1e8vcs8._.js:776
[  423974ms] [LOG] [Fast Refresh] done in 155ms @ http://localhost:3001/_next/static/chunks/node_modules_next_dist_1e8vcs8._.js:776
[  424038ms] [LOG] [Fast Refresh] done in 155ms @ http://localhost:3001/_next/static/chunks/node_modules_next_dist_1e8vcs8._.js:776
[  424103ms] [LOG] [Fast Refresh] done in 155ms @ http://localhost:3001/_next/static/chunks/node_modules_next_dist_1e8vcs8._.js:776
[  424158ms] [LOG] [Fast Refresh] done in 155ms @ http://localhost:3001/_next/static/chunks/node_modules_next_dist_1e8vcs8._.js:776
[  424206ms] [LOG] [Fast Refresh] done in 155ms @ http://localhost:3001/_next/static/chunks/node_modules_next_dist_1e8vcs8._.js:776
[  424273ms] [LOG] [Fast Refresh] done in 155ms @ http://localhost:3001/_next/static/chunks/node_modules_next_dist_1e8vcs8._.js:776
[  424340ms] [LOG] [Fast Refresh] done in 155ms @ http://localhost:3001/_next/static/chunks/node_modules_next_dist_1e8vcs8._.js:776
[  424401ms] [LOG] [Fast Refresh] done in 155ms @ http://localhost:3001/_next/static/chunks/node_modules_next_dist_1e8vcs8._.js:776
[  424457ms] [LOG] [Fast Refresh] done in 155ms @ http://localhost:3001/_next/static/chunks/node_modules_next_dist_1e8vcs8._.js:776
[  424522ms] [LOG] [Fast Refresh] done in 155ms @ http://localhost:3001/_next/static/chunks/node_modules_next_dist_1e8vcs8._.js:776
[  424574ms] [LOG] [Fast Refresh] done in 155ms @ http://localhost:3001/_next/static/chunks/node_modules_next_dist_1e8vcs8._.js:776
[  424623ms] [LOG] [Fast Refresh] done in 155ms @ http://localhost:3001/_next/static/chunks/node_modules_next_dist_1e8vcs8._.js:776
[  424688ms] [LOG] [Fast Refresh] done in 155ms @ http://localhost:3001/_next/static/chunks/node_modules_next_dist_1e8vcs8._.js:776
[  424752ms] [LOG] [Fast Refresh] done in 155ms @ http://localhost:3001/_next/static/chunks/node_modules_next_dist_1e8vcs8._.js:776
[  424806ms] [LOG] [Fast Refresh] done in 155ms @ http://localhost:3001/_next/static/chunks/node_modules_next_dist_1e8vcs8._.js:776
[  424857ms] [LOG] [Fast Refresh] done in 155ms @ http://localhost:3001/_next/static/chunks/node_modules_next_dist_1e8vcs8._.js:776
[  424923ms] [LOG] [Fast Refresh] done in 155ms @ http://localhost:3001/_next/static/chunks/node_modules_next_dist_1e8vcs8._.js:776
[  424974ms] [LOG] [Fast Refresh] done in 155ms @ http://localhost:3001/_next/static/chunks/node_modules_next_dist_1e8vcs8._.js:776
[  425039ms] [LOG] [Fast Refresh] done in 155ms @ http://localhost:3001/_next/static/chunks/node_modules_next_dist_1e8vcs8._.js:776
[  425091ms] [LOG] [Fast Refresh] done in 155ms @ http://localhost:3001/_next/static/chunks/node_modules_next_dist_1e8vcs8._.js:776
[  425140ms] [LOG] [Fast Refresh] done in 155ms @ http://localhost:3001/_next/static/chunks/node_modules_next_dist_1e8vcs8._.js:776
[  425205ms] [LOG] [Fast Refresh] done in 155ms @ http://localhost:3001/_next/static/chunks/node_modules_next_dist_1e8vcs8._.js:776
[  425273ms] [LOG] [Fast Refresh] done in 155ms @ http://localhost:3001/_next/static/chunks/node_modules_next_dist_1e8vcs8._.js:776
[  425339ms] [LOG] [Fast Refresh] done in 155ms @ http://localhost:3001/_next/static/chunks/node_modules_next_dist_1e8vcs8._.js:776
[  425406ms] [LOG] [Fast Refresh] done in 155ms @ http://localhost:3001/_next/static/chunks/node_modules_next_dist_1e8vcs8._.js:776
[  425458ms] [LOG] [Fast Refresh] done in 155ms @ http://localhost:3001/_next/static/chunks/node_modules_next_dist_1e8vcs8._.js:776
[  425507ms] [LOG] [Fast Refresh] done in 155ms @ http://localhost:3001/_next/static/chunks/node_modules_next_dist_1e8vcs8._.js:776
[  425558ms] [LOG] [Fast Refresh] done in 155ms @ http://localhost:3001/_next/static/chunks/node_modules_next_dist_1e8vcs8._.js:776
[  425607ms] [LOG] [Fast Refresh] done in 155ms @ http://localhost:3001/_next/static/chunks/node_modules_next_dist_1e8vcs8._.js:776
[  425674ms] [LOG] [Fast Refresh] done in 155ms @ http://localhost:3001/_next/static/chunks/node_modules_next_dist_1e8vcs8._.js:776
[  425724ms] [LOG] [Fast Refresh] done in 155ms @ http://localhost:3001/_next/static/chunks/node_modules_next_dist_1e8vcs8._.js:776
[  425773ms] [LOG] [Fast Refresh] done in 155ms @ http://localhost:3001/_next/static/chunks/node_modules_next_dist_1e8vcs8._.js:776
[  425824ms] [LOG] [Fast Refresh] done in 155ms @ http://localhost:3001/_next/static/chunks/node_modules_next_dist_1e8vcs8._.js:776
[  425887ms] [LOG] [Fast Refresh] done in 155ms @ http://localhost:3001/_next/static/chunks/node_modules_next_dist_1e8vcs8._.js:776
[  425956ms] [LOG] [Fast Refresh] done in 155ms @ http://localhost:3001/_next/static/chunks/node_modules_next_dist_1e8vcs8._.js:776
[  426007ms] [LOG] [Fast Refresh] done in 155ms @ http://localhost:3001/_next/static/chunks/node_modules_next_dist_1e8vcs8._.js:776
[  426057ms] [LOG] [Fast Refresh] done in 155ms @ http://localhost:3001/_next/static/chunks/node_modules_next_dist_1e8vcs8._.js:776
[  426122ms] [LOG] [Fast Refresh] done in 155ms @ http://localhost:3001/_next/static/chunks/node_modules_next_dist_1e8vcs8._.js:776
[  426174ms] [LOG] [Fast Refresh] done in 155ms @ http://localhost:3001/_next/static/chunks/node_modules_next_dist_1e8vcs8._.js:776
[  426236ms] [LOG] [Fast Refresh] done in 155ms @ http://localhost:3001/_next/static/chunks/node_modules_next_dist_1e8vcs8._.js:776
[  426307ms] [LOG] [Fast Refresh] done in 155ms @ http://localhost:3001/_next/static/chunks/node_modules_next_dist_1e8vcs8._.js:776
[  426373ms] [LOG] [Fast Refresh] done in 155ms @ http://localhost:3001/_next/static/chunks/node_modules_next_dist_1e8vcs8._.js:776
[  426425ms] [LOG] [Fast Refresh] done in 155ms @ http://localhost:3001/_next/static/chunks/node_modules_next_dist_1e8vcs8._.js:776
[  426490ms] [LOG] [Fast Refresh] done in 155ms @ http://localhost:3001/_next/static/chunks/node_modules_next_dist_1e8vcs8._.js:776
[  426556ms] [LOG] [Fast Refresh] done in 155ms @ http://localhost:3001/_next/static/chunks/node_modules_next_dist_1e8vcs8._.js:776
[  426623ms] [LOG] [Fast Refresh] done in 155ms @ http://localhost:3001/_next/static/chunks/node_modules_next_dist_1e8vcs8._.js:776
[  426673ms] [LOG] [Fast Refresh] done in 155ms @ http://localhost:3001/_next/static/chunks/node_modules_next_dist_1e8vcs8._.js:776
[  426723ms] [LOG] [Fast Refresh] done in 155ms @ http://localhost:3001/_next/static/chunks/node_modules_next_dist_1e8vcs8._.js:776
[  426787ms] [LOG] [Fast Refresh] done in 155ms @ http://localhost:3001/_next/static/chunks/node_modules_next_dist_1e8vcs8._.js:776
[  426840ms] [LOG] [Fast Refresh] done in 155ms @ http://localhost:3001/_next/static/chunks/node_modules_next_dist_1e8vcs8._.js:776
[  426891ms] [LOG] [Fast Refresh] done in 155ms @ http://localhost:3001/_next/static/chunks/node_modules_next_dist_1e8vcs8._.js:776
[  426941ms] [LOG] [Fast Refresh] done in 155ms @ http://localhost:3001/_next/static/chunks/node_modules_next_dist_1e8vcs8._.js:776
[  427006ms] [LOG] [Fast Refresh] done in 155ms @ http://localhost:3001/_next/static/chunks/node_modules_next_dist_1e8vcs8._.js:776
[  427056ms] [LOG] [Fast Refresh] done in 155ms @ http://localhost:3001/_next/static/chunks/node_modules_next_dist_1e8vcs8._.js:776
[  427109ms] [LOG] [Fast Refresh] done in 155ms @ http://localhost:3001/_next/static/chunks/node_modules_next_dist_1e8vcs8._.js:776
[  427173ms] [LOG] [Fast Refresh] done in 155ms @ http://localhost:3001/_next/static/chunks/node_modules_next_dist_1e8vcs8._.js:776
[  427224ms] [LOG] [Fast Refresh] done in 155ms @ http://localhost:3001/_next/static/chunks/node_modules_next_dist_1e8vcs8._.js:776
[  427289ms] [LOG] [Fast Refresh] done in 155ms @ http://localhost:3001/_next/static/chunks/node_modules_next_dist_1e8vcs8._.js:776
[  427340ms] [LOG] [Fast Refresh] done in 155ms @ http://localhost:3001/_next/static/chunks/node_modules_next_dist_1e8vcs8._.js:776
[  427406ms] [LOG] [Fast Refresh] done in 155ms @ http://localhost:3001/_next/static/chunks/node_modules_next_dist_1e8vcs8._.js:776
[  427473ms] [LOG] [Fast Refresh] done in 155ms @ http://localhost:3001/_next/static/chunks/node_modules_next_dist_1e8vcs8._.js:776
[  427546ms] [LOG] [Fast Refresh] done in 155ms @ http://localhost:3001/_next/static/chunks/node_modules_next_dist_1e8vcs8._.js:776
[  427608ms] [LOG] [Fast Refresh] done in 155ms @ http://localhost:3001/_next/static/chunks/node_modules_next_dist_1e8vcs8._.js:776
[  427674ms] [LOG] [Fast Refresh] done in 155ms @ http://localhost:3001/_next/static/chunks/node_modules_next_dist_1e8vcs8._.js:776
[  427740ms] [LOG] [Fast Refresh] done in 155ms @ http://localhost:3001/_next/static/chunks/node_modules_next_dist_1e8vcs8._.js:776
[  427803ms] [LOG] [Fast Refresh] done in 155ms @ http://localhost:3001/_next/static/chunks/node_modules_next_dist_1e8vcs8._.js:776
[  427857ms] [LOG] [Fast Refresh] done in 155ms @ http://localhost:3001/_next/static/chunks/node_modules_next_dist_1e8vcs8._.js:776
[  427921ms] [LOG] [Fast Refresh] done in 155ms @ http://localhost:3001/_next/static/chunks/node_modules_next_dist_1e8vcs8._.js:776
[  427974ms] [LOG] [Fast Refresh] done in 155ms @ http://localhost:3001/_next/static/chunks/node_modules_next_dist_1e8vcs8._.js:776
[  428024ms] [LOG] [Fast Refresh] done in 155ms @ http://localhost:3001/_next/static/chunks/node_modules_next_dist_1e8vcs8._.js:776
[  428075ms] [LOG] [Fast Refresh] done in 155ms @ http://localhost:3001/_next/static/chunks/node_modules_next_dist_1e8vcs8._.js:776
[  428139ms] [LOG] [Fast Refresh] done in 155ms @ http://localhost:3001/_next/static/chunks/node_modules_next_dist_1e8vcs8._.js:776
[  428204ms] [LOG] [Fast Refresh] done in 155ms @ http://localhost:3001/_next/static/chunks/node_modules_next_dist_1e8vcs8._.js:776
[  428257ms] [LOG] [Fast Refresh] done in 155ms @ http://localhost:3001/_next/static/chunks/node_modules_next_dist_1e8vcs8._.js:776
[  428307ms] [LOG] [Fast Refresh] done in 155ms @ http://localhost:3001/_next/static/chunks/node_modules_next_dist_1e8vcs8._.js:776
[  428358ms] [LOG] [Fast Refresh] done in 155ms @ http://localhost:3001/_next/static/chunks/node_modules_next_dist_1e8vcs8._.js:776
[  428408ms] [LOG] [Fast Refresh] done in 155ms @ http://localhost:3001/_next/static/chunks/node_modules_next_dist_1e8vcs8._.js:776
[  428471ms] [LOG] [Fast Refresh] done in 155ms @ http://localhost:3001/_next/static/chunks/node_modules_next_dist_1e8vcs8._.js:776
[  428524ms] [LOG] [Fast Refresh] done in 155ms @ http://localhost:3001/_next/static/chunks/node_modules_next_dist_1e8vcs8._.js:776
[  428590ms] [LOG] [Fast Refresh] done in 155ms @ http://localhost:3001/_next/static/chunks/node_modules_next_dist_1e8vcs8._.js:776
[  428641ms] [LOG] [Fast Refresh] done in 155ms @ http://localhost:3001/_next/static/chunks/node_modules_next_dist_1e8vcs8._.js:776
[  428703ms] [LOG] [Fast Refresh] done in 155ms @ http://localhost:3001/_next/static/chunks/node_modules_next_dist_1e8vcs8._.js:776
[  428756ms] [LOG] [Fast Refresh] done in 155ms @ http://localhost:3001/_next/static/chunks/node_modules_next_dist_1e8vcs8._.js:776
[  428812ms] [LOG] [Fast Refresh] done in 155ms @ http://localhost:3001/_next/static/chunks/node_modules_next_dist_1e8vcs8._.js:776
[  428875ms] [LOG] [Fast Refresh] done in 155ms @ http://localhost:3001/_next/static/chunks/node_modules_next_dist_1e8vcs8._.js:776
[  428939ms] [LOG] [Fast Refresh] done in 155ms @ http://localhost:3001/_next/static/chunks/node_modules_next_dist_1e8vcs8._.js:776
[  429006ms] [LOG] [Fast Refresh] done in 155ms @ http://localhost:3001/_next/static/chunks/node_modules_next_dist_1e8vcs8._.js:776
[  429073ms] [LOG] [Fast Refresh] done in 155ms @ http://localhost:3001/_next/static/chunks/node_modules_next_dist_1e8vcs8._.js:776
[  429124ms] [LOG] [Fast Refresh] done in 155ms @ http://localhost:3001/_next/static/chunks/node_modules_next_dist_1e8vcs8._.js:776
[  429174ms] [LOG] [Fast Refresh] done in 155ms @ http://localhost:3001/_next/static/chunks/node_modules_next_dist_1e8vcs8._.js:776
[  429225ms] [LOG] [Fast Refresh] done in 155ms @ http://localhost:3001/_next/static/chunks/node_modules_next_dist_1e8vcs8._.js:776
[  429274ms] [LOG] [Fast Refresh] done in 155ms @ http://localhost:3001/_next/static/chunks/node_modules_next_dist_1e8vcs8._.js:776
[  429324ms] [LOG] [Fast Refresh] done in 155ms @ http://localhost:3001/_next/static/chunks/node_modules_next_dist_1e8vcs8._.js:776
[  429374ms] [LOG] [Fast Refresh] done in 155ms @ http://localhost:3001/_next/static/chunks/node_modules_next_dist_1e8vcs8._.js:776
[  429438ms] [LOG] [Fast Refresh] done in 155ms @ http://localhost:3001/_next/static/chunks/node_modules_next_dist_1e8vcs8._.js:776
[  429491ms] [LOG] [Fast Refresh] done in 155ms @ http://localhost:3001/_next/static/chunks/node_modules_next_dist_1e8vcs8._.js:776
[  429555ms] [LOG] [Fast Refresh] done in 155ms @ http://localhost:3001/_next/static/chunks/node_modules_next_dist_1e8vcs8._.js:776
[  429607ms] [LOG] [Fast Refresh] done in 155ms @ http://localhost:3001/_next/static/chunks/node_modules_next_dist_1e8vcs8._.js:776
[  429657ms] [LOG] [Fast Refresh] done in 155ms @ http://localhost:3001/_next/static/chunks/node_modules_next_dist_1e8vcs8._.js:776
[  429723ms] [LOG] [Fast Refresh] done in 155ms @ http://localhost:3001/_next/static/chunks/node_modules_next_dist_1e8vcs8._.js:776
[  429774ms] [LOG] [Fast Refresh] done in 155ms @ http://localhost:3001/_next/static/chunks/node_modules_next_dist_1e8vcs8._.js:776
[  429823ms] [LOG] [Fast Refresh] done in 155ms @ http://localhost:3001/_next/static/chunks/node_modules_next_dist_1e8vcs8._.js:776
[  429874ms] [LOG] [Fast Refresh] done in 155ms @ http://localhost:3001/_next/static/chunks/node_modules_next_dist_1e8vcs8._.js:776
[  429924ms] [LOG] [Fast Refresh] done in 155ms @ http://localhost:3001/_next/static/chunks/node_modules_next_dist_1e8vcs8._.js:776
[  429974ms] [LOG] [Fast Refresh] done in 155ms @ http://localhost:3001/_next/static/chunks/node_modules_next_dist_1e8vcs8._.js:776
[  430027ms] [LOG] [Fast Refresh] done in 155ms @ http://localhost:3001/_next/static/chunks/node_modules_next_dist_1e8vcs8._.js:776
[  430074ms] [LOG] [Fast Refresh] done in 155ms @ http://localhost:3001/_next/static/chunks/node_modules_next_dist_1e8vcs8._.js:776
[  430139ms] [LOG] [Fast Refresh] done in 155ms @ http://localhost:3001/_next/static/chunks/node_modules_next_dist_1e8vcs8._.js:776
[  430224ms] [LOG] [Fast Refresh] done in 155ms @ http://localhost:3001/_next/static/chunks/node_modules_next_dist_1e8vcs8._.js:776
[  430293ms] [LOG] [Fast Refresh] done in 155ms @ http://localhost:3001/_next/static/chunks/node_modules_next_dist_1e8vcs8._.js:776
[  430357ms] [LOG] [Fast Refresh] done in 155ms @ http://localhost:3001/_next/static/chunks/node_modules_next_dist_1e8vcs8._.js:776
[  430406ms] [LOG] [Fast Refresh] done in 155ms @ http://localhost:3001/_next/static/chunks/node_modules_next_dist_1e8vcs8._.js:776
[  430472ms] [LOG] [Fast Refresh] done in 155ms @ http://localhost:3001/_next/static/chunks/node_modules_next_dist_1e8vcs8._.js:776
[  430525ms] [LOG] [Fast Refresh] done in 155ms @ http://localhost:3001/_next/static/chunks/node_modules_next_dist_1e8vcs8._.js:776
[  430588ms] [LOG] [Fast Refresh] done in 155ms @ http://localhost:3001/_next/static/chunks/node_modules_next_dist_1e8vcs8._.js:776
[  430641ms] [LOG] [Fast Refresh] done in 155ms @ http://localhost:3001/_next/static/chunks/node_modules_next_dist_1e8vcs8._.js:776
[  430691ms] [LOG] [Fast Refresh] done in 155ms @ http://localhost:3001/_next/static/chunks/node_modules_next_dist_1e8vcs8._.js:776
[  430754ms] [LOG] [Fast Refresh] done in 155ms @ http://localhost:3001/_next/static/chunks/node_modules_next_dist_1e8vcs8._.js:776
[  430817ms] [LOG] [Fast Refresh] done in 155ms @ http://localhost:3001/_next/static/chunks/node_modules_next_dist_1e8vcs8._.js:776
[  430880ms] [LOG] [Fast Refresh] done in 155ms @ http://localhost:3001/_next/static/chunks/node_modules_next_dist_1e8vcs8._.js:776
[  430942ms] [LOG] [Fast Refresh] done in 155ms @ http://localhost:3001/_next/static/chunks/node_modules_next_dist_1e8vcs8._.js:776
[  431004ms] [LOG] [Fast Refresh] done in 155ms @ http://localhost:3001/_next/static/chunks/node_modules_next_dist_1e8vcs8._.js:776
[  431128ms] [LOG] [Fast Refresh] done in 155ms @ http://localhost:3001/_next/static/chunks/node_modules_next_dist_1e8vcs8._.js:776
[  431190ms] [LOG] [Fast Refresh] done in 155ms @ http://localhost:3001/_next/static/chunks/node_modules_next_dist_1e8vcs8._.js:776
[  431253ms] [LOG] [Fast Refresh] done in 155ms @ http://localhost:3001/_next/static/chunks/node_modules_next_dist_1e8vcs8._.js:776
[  431322ms] [LOG] [Fast Refresh] done in 155ms @ http://localhost:3001/_next/static/chunks/node_modules_next_dist_1e8vcs8._.js:776
[  431375ms] [LOG] [Fast Refresh] done in 155ms @ http://localhost:3001/_next/static/chunks/node_modules_next_dist_1e8vcs8._.js:776
[  431424ms] [LOG] [Fast Refresh] done in 155ms @ http://localhost:3001/_next/static/chunks/node_modules_next_dist_1e8vcs8._.js:776
[  431474ms] [LOG] [Fast Refresh] done in 155ms @ http://localhost:3001/_next/static/chunks/node_modules_next_dist_1e8vcs8._.js:776
[  431524ms] [LOG] [Fast Refresh] done in 155ms @ http://localhost:3001/_next/static/chunks/node_modules_next_dist_1e8vcs8._.js:776
[  431589ms] [LOG] [Fast Refresh] done in 155ms @ http://localhost:3001/_next/static/chunks/node_modules_next_dist_1e8vcs8._.js:776
[  431640ms] [LOG] [Fast Refresh] done in 155ms @ http://localhost:3001/_next/static/chunks/node_modules_next_dist_1e8vcs8._.js:776
[  431703ms] [LOG] [Fast Refresh] done in 155ms @ http://localhost:3001/_next/static/chunks/node_modules_next_dist_1e8vcs8._.js:776
[  431757ms] [LOG] [Fast Refresh] done in 155ms @ http://localhost:3001/_next/static/chunks/node_modules_next_dist_1e8vcs8._.js:776
[  431806ms] [LOG] [Fast Refresh] done in 155ms @ http://localhost:3001/_next/static/chunks/node_modules_next_dist_1e8vcs8._.js:776
[  431857ms] [LOG] [Fast Refresh] done in 155ms @ http://localhost:3001/_next/static/chunks/node_modules_next_dist_1e8vcs8._.js:776
[  431906ms] [LOG] [Fast Refresh] done in 155ms @ http://localhost:3001/_next/static/chunks/node_modules_next_dist_1e8vcs8._.js:776
[  431957ms] [LOG] [Fast Refresh] done in 155ms @ http://localhost:3001/_next/static/chunks/node_modules_next_dist_1e8vcs8._.js:776
[  432006ms] [LOG] [Fast Refresh] done in 155ms @ http://localhost:3001/_next/static/chunks/node_modules_next_dist_1e8vcs8._.js:776
[  432057ms] [LOG] [Fast Refresh] done in 155ms @ http://localhost:3001/_next/static/chunks/node_modules_next_dist_1e8vcs8._.js:776
[  432105ms] [LOG] [Fast Refresh] done in 155ms @ http://localhost:3001/_next/static/chunks/node_modules_next_dist_1e8vcs8._.js:776
[  432158ms] [LOG] [Fast Refresh] done in 155ms @ http://localhost:3001/_next/static/chunks/node_modules_next_dist_1e8vcs8._.js:776
[  432223ms] [LOG] [Fast Refresh] done in 155ms @ http://localhost:3001/_next/static/chunks/node_modules_next_dist_1e8vcs8._.js:776
[  432273ms] [LOG] [Fast Refresh] done in 155ms @ http://localhost:3001/_next/static/chunks/node_modules_next_dist_1e8vcs8._.js:776
[  432324ms] [LOG] [Fast Refresh] done in 155ms @ http://localhost:3001/_next/static/chunks/node_modules_next_dist_1e8vcs8._.js:776
[  432390ms] [LOG] [Fast Refresh] done in 155ms @ http://localhost:3001/_next/static/chunks/node_modules_next_dist_1e8vcs8._.js:776
[  432441ms] [LOG] [Fast Refresh] done in 155ms @ http://localhost:3001/_next/static/chunks/node_modules_next_dist_1e8vcs8._.js:776
[  432491ms] [LOG] [Fast Refresh] done in 155ms @ http://localhost:3001/_next/static/chunks/node_modules_next_dist_1e8vcs8._.js:776
[  432541ms] [LOG] [Fast Refresh] done in 155ms @ http://localhost:3001/_next/static/chunks/node_modules_next_dist_1e8vcs8._.js:776
[  432607ms] [LOG] [Fast Refresh] done in 155ms @ http://localhost:3001/_next/static/chunks/node_modules_next_dist_1e8vcs8._.js:776
[  432658ms] [LOG] [Fast Refresh] done in 155ms @ http://localhost:3001/_next/static/chunks/node_modules_next_dist_1e8vcs8._.js:776
[  432707ms] [LOG] [Fast Refresh] done in 155ms @ http://localhost:3001/_next/static/chunks/node_modules_next_dist_1e8vcs8._.js:776
[  432756ms] [LOG] [Fast Refresh] done in 155ms @ http://localhost:3001/_next/static/chunks/node_modules_next_dist_1e8vcs8._.js:776
[  432807ms] [LOG] [Fast Refresh] done in 155ms @ http://localhost:3001/_next/static/chunks/node_modules_next_dist_1e8vcs8._.js:776
[  432858ms] [LOG] [Fast Refresh] done in 155ms @ http://localhost:3001/_next/static/chunks/node_modules_next_dist_1e8vcs8._.js:776
[  432907ms] [LOG] [Fast Refresh] done in 155ms @ http://localhost:3001/_next/static/chunks/node_modules_next_dist_1e8vcs8._.js:776
[  432957ms] [LOG] [Fast Refresh] done in 155ms @ http://localhost:3001/_next/static/chunks/node_modules_next_dist_1e8vcs8._.js:776
[  433022ms] [LOG] [Fast Refresh] done in 155ms @ http://localhost:3001/_next/static/chunks/node_modules_next_dist_1e8vcs8._.js:776
[  433088ms] [LOG] [Fast Refresh] done in 155ms @ http://localhost:3001/_next/static/chunks/node_modules_next_dist_1e8vcs8._.js:776
[  433140ms] [LOG] [Fast Refresh] done in 155ms @ http://localhost:3001/_next/static/chunks/node_modules_next_dist_1e8vcs8._.js:776
[  433203ms] [LOG] [Fast Refresh] done in 155ms @ http://localhost:3001/_next/static/chunks/node_modules_next_dist_1e8vcs8._.js:776
[  433273ms] [LOG] [Fast Refresh] done in 155ms @ http://localhost:3001/_next/static/chunks/node_modules_next_dist_1e8vcs8._.js:776
[  433341ms] [LOG] [Fast Refresh] done in 155ms @ http://localhost:3001/_next/static/chunks/node_modules_next_dist_1e8vcs8._.js:776
[  433391ms] [LOG] [Fast Refresh] done in 155ms @ http://localhost:3001/_next/static/chunks/node_modules_next_dist_1e8vcs8._.js:776
[  433441ms] [LOG] [Fast Refresh] done in 155ms @ http://localhost:3001/_next/static/chunks/node_modules_next_dist_1e8vcs8._.js:776
[  433490ms] [LOG] [Fast Refresh] done in 155ms @ http://localhost:3001/_next/static/chunks/node_modules_next_dist_1e8vcs8._.js:776
[  433540ms] [LOG] [Fast Refresh] done in 155ms @ http://localhost:3001/_next/static/chunks/node_modules_next_dist_1e8vcs8._.js:776
[  433590ms] [LOG] [Fast Refresh] done in 155ms @ http://localhost:3001/_next/static/chunks/node_modules_next_dist_1e8vcs8._.js:776
[  433641ms] [LOG] [Fast Refresh] done in 155ms @ http://localhost:3001/_next/static/chunks/node_modules_next_dist_1e8vcs8._.js:776
[  433704ms] [LOG] [Fast Refresh] done in 155ms @ http://localhost:3001/_next/static/chunks/node_modules_next_dist_1e8vcs8._.js:776
[  433767ms] [LOG] [Fast Refresh] done in 155ms @ http://localhost:3001/_next/static/chunks/node_modules_next_dist_1e8vcs8._.js:776
[  433807ms] [LOG] [Fast Refresh] done in 155ms @ http://localhost:3001/_next/static/chunks/node_modules_next_dist_1e8vcs8._.js:776
[  433857ms] [LOG] [Fast Refresh] done in 155ms @ http://localhost:3001/_next/static/chunks/node_modules_next_dist_1e8vcs8._.js:776
[  433908ms] [LOG] [Fast Refresh] done in 155ms @ http://localhost:3001/_next/static/chunks/node_modules_next_dist_1e8vcs8._.js:776
[  433973ms] [LOG] [Fast Refresh] done in 155ms @ http://localhost:3001/_next/static/chunks/node_modules_next_dist_1e8vcs8._.js:776
[  434024ms] [LOG] [Fast Refresh] done in 155ms @ http://localhost:3001/_next/static/chunks/node_modules_next_dist_1e8vcs8._.js:776
[  434074ms] [LOG] [Fast Refresh] done in 155ms @ http://localhost:3001/_next/static/chunks/node_modules_next_dist_1e8vcs8._.js:776
[  434124ms] [LOG] [Fast Refresh] done in 155ms @ http://localhost:3001/_next/static/chunks/node_modules_next_dist_1e8vcs8._.js:776
[  434174ms] [LOG] [Fast Refresh] done in 155ms @ http://localhost:3001/_next/static/chunks/node_modules_next_dist_1e8vcs8._.js:776
[  434239ms] [LOG] [Fast Refresh] done in 155ms @ http://localhost:3001/_next/static/chunks/node_modules_next_dist_1e8vcs8._.js:776
[  434291ms] [LOG] [Fast Refresh] done in 155ms @ http://localhost:3001/_next/static/chunks/node_modules_next_dist_1e8vcs8._.js:776
[  434356ms] [LOG] [Fast Refresh] done in 155ms @ http://localhost:3001/_next/static/chunks/node_modules_next_dist_1e8vcs8._.js:776
[  434408ms] [LOG] [Fast Refresh] done in 155ms @ http://localhost:3001/_next/static/chunks/node_modules_next_dist_1e8vcs8._.js:776
[  434473ms] [LOG] [Fast Refresh] done in 155ms @ http://localhost:3001/_next/static/chunks/node_modules_next_dist_1e8vcs8._.js:776
[  434523ms] [LOG] [Fast Refresh] done in 155ms @ http://localhost:3001/_next/static/chunks/node_modules_next_dist_1e8vcs8._.js:776
[  434573ms] [LOG] [Fast Refresh] done in 155ms @ http://localhost:3001/_next/static/chunks/node_modules_next_dist_1e8vcs8._.js:776
[  434636ms] [LOG] [Fast Refresh] done in 155ms @ http://localhost:3001/_next/static/chunks/node_modules_next_dist_1e8vcs8._.js:776
[  434699ms] [LOG] [Fast Refresh] done in 155ms @ http://localhost:3001/_next/static/chunks/node_modules_next_dist_1e8vcs8._.js:776
[  434762ms] [LOG] [Fast Refresh] done in 155ms @ http://localhost:3001/_next/static/chunks/node_modules_next_dist_1e8vcs8._.js:776
[  434825ms] [LOG] [Fast Refresh] done in 155ms @ http://localhost:3001/_next/static/chunks/node_modules_next_dist_1e8vcs8._.js:776
[  434888ms] [LOG] [Fast Refresh] done in 155ms @ http://localhost:3001/_next/static/chunks/node_modules_next_dist_1e8vcs8._.js:776
[  434950ms] [LOG] [Fast Refresh] done in 155ms @ http://localhost:3001/_next/static/chunks/node_modules_next_dist_1e8vcs8._.js:776
[  435005ms] [LOG] [Fast Refresh] done in 155ms @ http://localhost:3001/_next/static/chunks/node_modules_next_dist_1e8vcs8._.js:776
[  435067ms] [LOG] [Fast Refresh] done in 155ms @ http://localhost:3001/_next/static/chunks/node_modules_next_dist_1e8vcs8._.js:776
[  435123ms] [LOG] [Fast Refresh] done in 155ms @ http://localhost:3001/_next/static/chunks/node_modules_next_dist_1e8vcs8._.js:776
[  435173ms] [LOG] [Fast Refresh] done in 155ms @ http://localhost:3001/_next/static/chunks/node_modules_next_dist_1e8vcs8._.js:776
[  435230ms] [LOG] [Fast Refresh] done in 155ms @ http://localhost:3001/_next/static/chunks/node_modules_next_dist_1e8vcs8._.js:776
[  435290ms] [LOG] [Fast Refresh] done in 155ms @ http://localhost:3001/_next/static/chunks/node_modules_next_dist_1e8vcs8._.js:776
[  435355ms] [LOG] [Fast Refresh] done in 155ms @ http://localhost:3001/_next/static/chunks/node_modules_next_dist_1e8vcs8._.js:776
[  435417ms] [LOG] [Fast Refresh] done in 155ms @ http://localhost:3001/_next/static/chunks/node_modules_next_dist_1e8vcs8._.js:776
[  435479ms] [LOG] [Fast Refresh] done in 155ms @ http://localhost:3001/_next/static/chunks/node_modules_next_dist_1e8vcs8._.js:776
[  435541ms] [LOG] [Fast Refresh] done in 155ms @ http://localhost:3001/_next/static/chunks/node_modules_next_dist_1e8vcs8._.js:776
[  435604ms] [LOG] [Fast Refresh] done in 155ms @ http://localhost:3001/_next/static/chunks/node_modules_next_dist_1e8vcs8._.js:776
[  435667ms] [LOG] [Fast Refresh] done in 155ms @ http://localhost:3001/_next/static/chunks/node_modules_next_dist_1e8vcs8._.js:776
[  435729ms] [LOG] [Fast Refresh] done in 155ms @ http://localhost:3001/_next/static/chunks/node_modules_next_dist_1e8vcs8._.js:776
[  435790ms] [LOG] [Fast Refresh] done in 155ms @ http://localhost:3001/_next/static/chunks/node_modules_next_dist_1e8vcs8._.js:776
[  435856ms] [LOG] [Fast Refresh] done in 155ms @ http://localhost:3001/_next/static/chunks/node_modules_next_dist_1e8vcs8._.js:776
[  435939ms] [LOG] [Fast Refresh] done in 155ms @ http://localhost:3001/_next/static/chunks/node_modules_next_dist_1e8vcs8._.js:776
[  436001ms] [LOG] [Fast Refresh] done in 155ms @ http://localhost:3001/_next/static/chunks/node_modules_next_dist_1e8vcs8._.js:776
[  436064ms] [LOG] [Fast Refresh] done in 155ms @ http://localhost:3001/_next/static/chunks/node_modules_next_dist_1e8vcs8._.js:776
[  436125ms] [LOG] [Fast Refresh] done in 155ms @ http://localhost:3001/_next/static/chunks/node_modules_next_dist_1e8vcs8._.js:776
[  436188ms] [LOG] [Fast Refresh] done in 155ms @ http://localhost:3001/_next/static/chunks/node_modules_next_dist_1e8vcs8._.js:776
[  436250ms] [LOG] [Fast Refresh] done in 155ms @ http://localhost:3001/_next/static/chunks/node_modules_next_dist_1e8vcs8._.js:776
[  436314ms] [LOG] [Fast Refresh] done in 155ms @ http://localhost:3001/_next/static/chunks/node_modules_next_dist_1e8vcs8._.js:776
[  436376ms] [LOG] [Fast Refresh] done in 155ms @ http://localhost:3001/_next/static/chunks/node_modules_next_dist_1e8vcs8._.js:776
[  436439ms] [LOG] [Fast Refresh] done in 155ms @ http://localhost:3001/_next/static/chunks/node_modules_next_dist_1e8vcs8._.js:776
[  436504ms] [LOG] [Fast Refresh] done in 155ms @ http://localhost:3001/_next/static/chunks/node_modules_next_dist_1e8vcs8._.js:776
[  436567ms] [LOG] [Fast Refresh] done in 155ms @ http://localhost:3001/_next/static/chunks/node_modules_next_dist_1e8vcs8._.js:776
[  436630ms] [LOG] [Fast Refresh] done in 155ms @ http://localhost:3001/_next/static/chunks/node_modules_next_dist_1e8vcs8._.js:776
[  436690ms] [LOG] [Fast Refresh] done in 155ms @ http://localhost:3001/_next/static/chunks/node_modules_next_dist_1e8vcs8._.js:776
[  436757ms] [LOG] [Fast Refresh] done in 155ms @ http://localhost:3001/_next/static/chunks/node_modules_next_dist_1e8vcs8._.js:776
[  436820ms] [LOG] [Fast Refresh] done in 155ms @ http://localhost:3001/_next/static/chunks/node_modules_next_dist_1e8vcs8._.js:776
[  436882ms] [LOG] [Fast Refresh] done in 155ms @ http://localhost:3001/_next/static/chunks/node_modules_next_dist_1e8vcs8._.js:776
[  436940ms] [LOG] [Fast Refresh] done in 155ms @ http://localhost:3001/_next/static/chunks/node_modules_next_dist_1e8vcs8._.js:776
[  437002ms] [LOG] [Fast Refresh] done in 155ms @ http://localhost:3001/_next/static/chunks/node_modules_next_dist_1e8vcs8._.js:776
[  437063ms] [LOG] [Fast Refresh] done in 155ms @ http://localhost:3001/_next/static/chunks/node_modules_next_dist_1e8vcs8._.js:776
[  437124ms] [LOG] [Fast Refresh] done in 155ms @ http://localhost:3001/_next/static/chunks/node_modules_next_dist_1e8vcs8._.js:776
[  437189ms] [LOG] [Fast Refresh] done in 155ms @ http://localhost:3001/_next/static/chunks/node_modules_next_dist_1e8vcs8._.js:776
[  437255ms] [LOG] [Fast Refresh] done in 155ms @ http://localhost:3001/_next/static/chunks/node_modules_next_dist_1e8vcs8._.js:776
[  437318ms] [LOG] [Fast Refresh] done in 155ms @ http://localhost:3001/_next/static/chunks/node_modules_next_dist_1e8vcs8._.js:776
[  437389ms] [LOG] [Fast Refresh] done in 155ms @ http://localhost:3001/_next/static/chunks/node_modules_next_dist_1e8vcs8._.js:776
[  437440ms] [LOG] [Fast Refresh] done in 155ms @ http://localhost:3001/_next/static/chunks/node_modules_next_dist_1e8vcs8._.js:776
[  437493ms] [LOG] [Fast Refresh] done in 155ms @ http://localhost:3001/_next/static/chunks/node_modules_next_dist_1e8vcs8._.js:776
[  437541ms] [LOG] [Fast Refresh] done in 155ms @ http://localhost:3001/_next/static/chunks/node_modules_next_dist_1e8vcs8._.js:776
[  437605ms] [LOG] [Fast Refresh] done in 155ms @ http://localhost:3001/_next/static/chunks/node_modules_next_dist_1e8vcs8._.js:776
[  437656ms] [LOG] [Fast Refresh] done in 155ms @ http://localhost:3001/_next/static/chunks/node_modules_next_dist_1e8vcs8._.js:776
[  437708ms] [LOG] [Fast Refresh] done in 155ms @ http://localhost:3001/_next/static/chunks/node_modules_next_dist_1e8vcs8._.js:776
[  437758ms] [LOG] [Fast Refresh] done in 155ms @ http://localhost:3001/_next/static/chunks/node_modules_next_dist_1e8vcs8._.js:776
[  437806ms] [LOG] [Fast Refresh] done in 155ms @ http://localhost:3001/_next/static/chunks/node_modules_next_dist_1e8vcs8._.js:776
[  437870ms] [LOG] [Fast Refresh] done in 155ms @ http://localhost:3001/_next/static/chunks/node_modules_next_dist_1e8vcs8._.js:776
[  437922ms] [LOG] [Fast Refresh] done in 155ms @ http://localhost:3001/_next/static/chunks/node_modules_next_dist_1e8vcs8._.js:776
[  437974ms] [LOG] [Fast Refresh] done in 155ms @ http://localhost:3001/_next/static/chunks/node_modules_next_dist_1e8vcs8._.js:776
[  438040ms] [LOG] [Fast Refresh] done in 155ms @ http://localhost:3001/_next/static/chunks/node_modules_next_dist_1e8vcs8._.js:776
[  438107ms] [LOG] [Fast Refresh] done in 155ms @ http://localhost:3001/_next/static/chunks/node_modules_next_dist_1e8vcs8._.js:776
[  438170ms] [LOG] [Fast Refresh] done in 155ms @ http://localhost:3001/_next/static/chunks/node_modules_next_dist_1e8vcs8._.js:776
[  438223ms] [LOG] [Fast Refresh] done in 155ms @ http://localhost:3001/_next/static/chunks/node_modules_next_dist_1e8vcs8._.js:776
[  438288ms] [LOG] [Fast Refresh] done in 155ms @ http://localhost:3001/_next/static/chunks/node_modules_next_dist_1e8vcs8._.js:776
[  438340ms] [LOG] [Fast Refresh] done in 155ms @ http://localhost:3001/_next/static/chunks/node_modules_next_dist_1e8vcs8._.js:776
[  438403ms] [LOG] [Fast Refresh] done in 155ms @ http://localhost:3001/_next/static/chunks/node_modules_next_dist_1e8vcs8._.js:776
[  438455ms] [LOG] [Fast Refresh] done in 155ms @ http://localhost:3001/_next/static/chunks/node_modules_next_dist_1e8vcs8._.js:776
[  438508ms] [LOG] [Fast Refresh] done in 155ms @ http://localhost:3001/_next/static/chunks/node_modules_next_dist_1e8vcs8._.js:776
[  438556ms] [LOG] [Fast Refresh] done in 155ms @ http://localhost:3001/_next/static/chunks/node_modules_next_dist_1e8vcs8._.js:776
[  438606ms] [LOG] [Fast Refresh] done in 155ms @ http://localhost:3001/_next/static/chunks/node_modules_next_dist_1e8vcs8._.js:776
[  438655ms] [LOG] [Fast Refresh] done in 155ms @ http://localhost:3001/_next/static/chunks/node_modules_next_dist_1e8vcs8._.js:776
[  438706ms] [LOG] [Fast Refresh] done in 155ms @ http://localhost:3001/_next/static/chunks/node_modules_next_dist_1e8vcs8._.js:776
[  438758ms] [LOG] [Fast Refresh] done in 155ms @ http://localhost:3001/_next/static/chunks/node_modules_next_dist_1e8vcs8._.js:776
[  438820ms] [LOG] [Fast Refresh] done in 155ms @ http://localhost:3001/_next/static/chunks/node_modules_next_dist_1e8vcs8._.js:776
[  438888ms] [LOG] [Fast Refresh] done in 155ms @ http://localhost:3001/_next/static/chunks/node_modules_next_dist_1e8vcs8._.js:776
[  438940ms] [LOG] [Fast Refresh] done in 155ms @ http://localhost:3001/_next/static/chunks/node_modules_next_dist_1e8vcs8._.js:776
[  439004ms] [LOG] [Fast Refresh] done in 155ms @ http://localhost:3001/_next/static/chunks/node_modules_next_dist_1e8vcs8._.js:776
[  439067ms] [LOG] [Fast Refresh] done in 155ms @ http://localhost:3001/_next/static/chunks/node_modules_next_dist_1e8vcs8._.js:776
[  439123ms] [LOG] [Fast Refresh] done in 155ms @ http://localhost:3001/_next/static/chunks/node_modules_next_dist_1e8vcs8._.js:776
[  439187ms] [LOG] [Fast Refresh] done in 155ms @ http://localhost:3001/_next/static/chunks/node_modules_next_dist_1e8vcs8._.js:776
[  439251ms] [LOG] [Fast Refresh] done in 155ms @ http://localhost:3001/_next/static/chunks/node_modules_next_dist_1e8vcs8._.js:776
[  439307ms] [LOG] [Fast Refresh] done in 155ms @ http://localhost:3001/_next/static/chunks/node_modules_next_dist_1e8vcs8._.js:776
[  439360ms] [LOG] [Fast Refresh] done in 155ms @ http://localhost:3001/_next/static/chunks/node_modules_next_dist_1e8vcs8._.js:776
[  439422ms] [LOG] [Fast Refresh] done in 155ms @ http://localhost:3001/_next/static/chunks/node_modules_next_dist_1e8vcs8._.js:776
[  439485ms] [LOG] [Fast Refresh] done in 155ms @ http://localhost:3001/_next/static/chunks/node_modules_next_dist_1e8vcs8._.js:776
[  439540ms] [LOG] [Fast Refresh] done in 155ms @ http://localhost:3001/_next/static/chunks/node_modules_next_dist_1e8vcs8._.js:776
[  439590ms] [LOG] [Fast Refresh] done in 155ms @ http://localhost:3001/_next/static/chunks/node_modules_next_dist_1e8vcs8._.js:776
[  439640ms] [LOG] [Fast Refresh] done in 155ms @ http://localhost:3001/_next/static/chunks/node_modules_next_dist_1e8vcs8._.js:776
[  439702ms] [LOG] [Fast Refresh] done in 155ms @ http://localhost:3001/_next/static/chunks/node_modules_next_dist_1e8vcs8._.js:776
[  439764ms] [LOG] [Fast Refresh] done in 155ms @ http://localhost:3001/_next/static/chunks/node_modules_next_dist_1e8vcs8._.js:776
[  439823ms] [LOG] [Fast Refresh] done in 155ms @ http://localhost:3001/_next/static/chunks/node_modules_next_dist_1e8vcs8._.js:776
[  439874ms] [LOG] [Fast Refresh] done in 155ms @ http://localhost:3001/_next/static/chunks/node_modules_next_dist_1e8vcs8._.js:776
[  439939ms] [LOG] [Fast Refresh] done in 155ms @ http://localhost:3001/_next/static/chunks/node_modules_next_dist_1e8vcs8._.js:776
[  440006ms] [LOG] [Fast Refresh] done in 155ms @ http://localhost:3001/_next/static/chunks/node_modules_next_dist_1e8vcs8._.js:776
[  440071ms] [LOG] [Fast Refresh] done in 155ms @ http://localhost:3001/_next/static/chunks/node_modules_next_dist_1e8vcs8._.js:776
[  440122ms] [LOG] [Fast Refresh] done in 155ms @ http://localhost:3001/_next/static/chunks/node_modules_next_dist_1e8vcs8._.js:776
[  440173ms] [LOG] [Fast Refresh] done in 155ms @ http://localhost:3001/_next/static/chunks/node_modules_next_dist_1e8vcs8._.js:776
[  440236ms] [LOG] [Fast Refresh] done in 155ms @ http://localhost:3001/_next/static/chunks/node_modules_next_dist_1e8vcs8._.js:776
[  440306ms] [LOG] [Fast Refresh] done in 155ms @ http://localhost:3001/_next/static/chunks/node_modules_next_dist_1e8vcs8._.js:776
[  440358ms] [LOG] [Fast Refresh] done in 155ms @ http://localhost:3001/_next/static/chunks/node_modules_next_dist_1e8vcs8._.js:776
[  440408ms] [LOG] [Fast Refresh] done in 155ms @ http://localhost:3001/_next/static/chunks/node_modules_next_dist_1e8vcs8._.js:776
[  440458ms] [LOG] [Fast Refresh] done in 155ms @ http://localhost:3001/_next/static/chunks/node_modules_next_dist_1e8vcs8._.js:776
[  440507ms] [LOG] [Fast Refresh] done in 155ms @ http://localhost:3001/_next/static/chunks/node_modules_next_dist_1e8vcs8._.js:776
[  440571ms] [LOG] [Fast Refresh] done in 155ms @ http://localhost:3001/_next/static/chunks/node_modules_next_dist_1e8vcs8._.js:776
[  440624ms] [LOG] [Fast Refresh] done in 155ms @ http://localhost:3001/_next/static/chunks/node_modules_next_dist_1e8vcs8._.js:776
[  440673ms] [LOG] [Fast Refresh] done in 155ms @ http://localhost:3001/_next/static/chunks/node_modules_next_dist_1e8vcs8._.js:776
[  440724ms] [LOG] [Fast Refresh] done in 155ms @ http://localhost:3001/_next/static/chunks/node_modules_next_dist_1e8vcs8._.js:776
[  440790ms] [LOG] [Fast Refresh] done in 155ms @ http://localhost:3001/_next/static/chunks/node_modules_next_dist_1e8vcs8._.js:776
[  440841ms] [LOG] [Fast Refresh] done in 155ms @ http://localhost:3001/_next/static/chunks/node_modules_next_dist_1e8vcs8._.js:776
[  440907ms] [LOG] [Fast Refresh] done in 155ms @ http://localhost:3001/_next/static/chunks/node_modules_next_dist_1e8vcs8._.js:776
[  441258ms] [LOG] [Fast Refresh] rebuilding @ http://localhost:3001/_next/static/chunks/node_modules_next_dist_1e8vcs8._.js:776
[  442067ms] [LOG] [Fast Refresh] done in 910ms @ http://localhost:3001/_next/static/chunks/node_modules_next_dist_1e8vcs8._.js:776
[  542103ms] [LOG] [HMR] connected @ http://localhost:3001/_next/static/chunks/node_modules_next_dist_1e8vcs8._.js:776
[  550951ms] [INFO] %cDownload the React DevTools for a better development experience: https://react.dev/link/react-devtools font-weight:bold @ http://localhost:3001/_next/static/chunks/node_modules_next_dist_1e8vcs8._.js:776
[  551143ms] [LOG] [HMR] connected @ http://localhost:3001/_next/static/chunks/node_modules_next_dist_1e8vcs8._.js:776
[  551425ms] [LOG] [Fast Refresh] rebuilding @ http://localhost:3001/_next/static/chunks/node_modules_next_dist_1e8vcs8._.js:776
[  551972ms] [LOG] [Fast Refresh] done in 649ms @ http://localhost:3001/_next/static/chunks/node_modules_next_dist_1e8vcs8._.js:776
[  572539ms] [LOG] [Fast Refresh] rebuilding @ http://localhost:3001/_next/static/chunks/node_modules_next_dist_1e8vcs8._.js:776
[  573169ms] [LOG] [Fast Refresh] done in 743ms @ http://localhost:3001/_next/static/chunks/node_modules_next_dist_1e8vcs8._.js:776
[  626297ms] [LOG] [Fast Refresh] rebuilding @ http://localhost:3001/_next/static/chunks/node_modules_next_dist_1e8vcs8._.js:776
[  626372ms] [LOG] [Fast Refresh] done in 51ms @ http://localhost:3001/_next/static/chunks/node_modules_next_dist_1e8vcs8._.js:776
[  626454ms] [LOG] [Fast Refresh] done in 51ms @ http://localhost:3001/_next/static/chunks/node_modules_next_dist_1e8vcs8._.js:776
[  626525ms] [LOG] [Fast Refresh] done in 51ms @ http://localhost:3001/_next/static/chunks/node_modules_next_dist_1e8vcs8._.js:776
[  626588ms] [LOG] [Fast Refresh] done in 51ms @ http://localhost:3001/_next/static/chunks/node_modules_next_dist_1e8vcs8._.js:776
[  626643ms] [LOG] [Fast Refresh] done in 51ms @ http://localhost:3001/_next/static/chunks/node_modules_next_dist_1e8vcs8._.js:776
[  626691ms] [LOG] [Fast Refresh] done in 51ms @ http://localhost:3001/_next/static/chunks/node_modules_next_dist_1e8vcs8._.js:776
[  626753ms] [LOG] [Fast Refresh] done in 51ms @ http://localhost:3001/_next/static/chunks/node_modules_next_dist_1e8vcs8._.js:776
[  626815ms] [LOG] [Fast Refresh] done in 51ms @ http://localhost:3001/_next/static/chunks/node_modules_next_dist_1e8vcs8._.js:776
[  626878ms] [LOG] [Fast Refresh] done in 51ms @ http://localhost:3001/_next/static/chunks/node_modules_next_dist_1e8vcs8._.js:776
[  626941ms] [LOG] [Fast Refresh] done in 51ms @ http://localhost:3001/_next/static/chunks/node_modules_next_dist_1e8vcs8._.js:776
[  626990ms] [LOG] [Fast Refresh] done in 51ms @ http://localhost:3001/_next/static/chunks/node_modules_next_dist_1e8vcs8._.js:776
[  627040ms] [LOG] [Fast Refresh] done in 51ms @ http://localhost:3001/_next/static/chunks/node_modules_next_dist_1e8vcs8._.js:776
[  627091ms] [LOG] [Fast Refresh] done in 51ms @ http://localhost:3001/_next/static/chunks/node_modules_next_dist_1e8vcs8._.js:776
[  627140ms] [LOG] [Fast Refresh] done in 51ms @ http://localhost:3001/_next/static/chunks/node_modules_next_dist_1e8vcs8._.js:776
[  627204ms] [LOG] [Fast Refresh] done in 51ms @ http://localhost:3001/_next/static/chunks/node_modules_next_dist_1e8vcs8._.js:776
[  627256ms] [LOG] [Fast Refresh] done in 51ms @ http://localhost:3001/_next/static/chunks/node_modules_next_dist_1e8vcs8._.js:776
[  627306ms] [LOG] [Fast Refresh] done in 51ms @ http://localhost:3001/_next/static/chunks/node_modules_next_dist_1e8vcs8._.js:776
[  627357ms] [LOG] [Fast Refresh] done in 51ms @ http://localhost:3001/_next/static/chunks/node_modules_next_dist_1e8vcs8._.js:776
[  627406ms] [LOG] [Fast Refresh] done in 51ms @ http://localhost:3001/_next/static/chunks/node_modules_next_dist_1e8vcs8._.js:776
[  627457ms] [LOG] [Fast Refresh] done in 51ms @ http://localhost:3001/_next/static/chunks/node_modules_next_dist_1e8vcs8._.js:776
[  627507ms] [LOG] [Fast Refresh] done in 51ms @ http://localhost:3001/_next/static/chunks/node_modules_next_dist_1e8vcs8._.js:776
[  627556ms] [LOG] [Fast Refresh] done in 51ms @ http://localhost:3001/_next/static/chunks/node_modules_next_dist_1e8vcs8._.js:776
[  627607ms] [LOG] [Fast Refresh] done in 51ms @ http://localhost:3001/_next/static/chunks/node_modules_next_dist_1e8vcs8._.js:776
[  627656ms] [LOG] [Fast Refresh] done in 51ms @ http://localhost:3001/_next/static/chunks/node_modules_next_dist_1e8vcs8._.js:776
[  627707ms] [LOG] [Fast Refresh] done in 51ms @ http://localhost:3001/_next/static/chunks/node_modules_next_dist_1e8vcs8._.js:776
[  627769ms] [LOG] [Fast Refresh] done in 51ms @ http://localhost:3001/_next/static/chunks/node_modules_next_dist_1e8vcs8._.js:776
[  627832ms] [LOG] [Fast Refresh] done in 51ms @ http://localhost:3001/_next/static/chunks/node_modules_next_dist_1e8vcs8._.js:776
[  627894ms] [LOG] [Fast Refresh] done in 51ms @ http://localhost:3001/_next/static/chunks/node_modules_next_dist_1e8vcs8._.js:776
[  627957ms] [LOG] [Fast Refresh] done in 51ms @ http://localhost:3001/_next/static/chunks/node_modules_next_dist_1e8vcs8._.js:776
[  628020ms] [LOG] [Fast Refresh] done in 51ms @ http://localhost:3001/_next/static/chunks/node_modules_next_dist_1e8vcs8._.js:776
[  628074ms] [LOG] [Fast Refresh] done in 51ms @ http://localhost:3001/_next/static/chunks/node_modules_next_dist_1e8vcs8._.js:776
[  628124ms] [LOG] [Fast Refresh] done in 51ms @ http://localhost:3001/_next/static/chunks/node_modules_next_dist_1e8vcs8._.js:776
[  628172ms] [LOG] [Fast Refresh] done in 51ms @ http://localhost:3001/_next/static/chunks/node_modules_next_dist_1e8vcs8._.js:776
[  628223ms] [LOG] [Fast Refresh] done in 51ms @ http://localhost:3001/_next/static/chunks/node_modules_next_dist_1e8vcs8._.js:776
[  628274ms] [LOG] [Fast Refresh] done in 51ms @ http://localhost:3001/_next/static/chunks/node_modules_next_dist_1e8vcs8._.js:776
[  628324ms] [LOG] [Fast Refresh] done in 51ms @ http://localhost:3001/_next/static/chunks/node_modules_next_dist_1e8vcs8._.js:776
[  628372ms] [LOG] [Fast Refresh] done in 51ms @ http://localhost:3001/_next/static/chunks/node_modules_next_dist_1e8vcs8._.js:776
[  628422ms] [LOG] [Fast Refresh] done in 51ms @ http://localhost:3001/_next/static/chunks/node_modules_next_dist_1e8vcs8._.js:776
[  628473ms] [LOG] [Fast Refresh] done in 51ms @ http://localhost:3001/_next/static/chunks/node_modules_next_dist_1e8vcs8._.js:776
[  628523ms] [LOG] [Fast Refresh] done in 51ms @ http://localhost:3001/_next/static/chunks/node_modules_next_dist_1e8vcs8._.js:776
[  628588ms] [LOG] [Fast Refresh] done in 51ms @ http://localhost:3001/_next/static/chunks/node_modules_next_dist_1e8vcs8._.js:776
[  628651ms] [LOG] [Fast Refresh] done in 51ms @ http://localhost:3001/_next/static/chunks/node_modules_next_dist_1e8vcs8._.js:776
[  628706ms] [LOG] [Fast Refresh] done in 51ms @ http://localhost:3001/_next/static/chunks/node_modules_next_dist_1e8vcs8._.js:776
[  628756ms] [LOG] [Fast Refresh] done in 51ms @ http://localhost:3001/_next/static/chunks/node_modules_next_dist_1e8vcs8._.js:776
[  628821ms] [LOG] [Fast Refresh] done in 51ms @ http://localhost:3001/_next/static/chunks/node_modules_next_dist_1e8vcs8._.js:776
[  628873ms] [LOG] [Fast Refresh] done in 51ms @ http://localhost:3001/_next/static/chunks/node_modules_next_dist_1e8vcs8._.js:776
[  628923ms] [LOG] [Fast Refresh] done in 51ms @ http://localhost:3001/_next/static/chunks/node_modules_next_dist_1e8vcs8._.js:776
[  628987ms] [LOG] [Fast Refresh] done in 51ms @ http://localhost:3001/_next/static/chunks/node_modules_next_dist_1e8vcs8._.js:776
[  629049ms] [LOG] [Fast Refresh] done in 51ms @ http://localhost:3001/_next/static/chunks/node_modules_next_dist_1e8vcs8._.js:776
[  629112ms] [LOG] [Fast Refresh] done in 51ms @ http://localhost:3001/_next/static/chunks/node_modules_next_dist_1e8vcs8._.js:776
[  629173ms] [LOG] [Fast Refresh] done in 51ms @ http://localhost:3001/_next/static/chunks/node_modules_next_dist_1e8vcs8._.js:776
[  629223ms] [LOG] [Fast Refresh] done in 51ms @ http://localhost:3001/_next/static/chunks/node_modules_next_dist_1e8vcs8._.js:776
[  629273ms] [LOG] [Fast Refresh] done in 51ms @ http://localhost:3001/_next/static/chunks/node_modules_next_dist_1e8vcs8._.js:776
[  629335ms] [LOG] [Fast Refresh] done in 51ms @ http://localhost:3001/_next/static/chunks/node_modules_next_dist_1e8vcs8._.js:776
[  629390ms] [LOG] [Fast Refresh] done in 51ms @ http://localhost:3001/_next/static/chunks/node_modules_next_dist_1e8vcs8._.js:776
[  629440ms] [LOG] [Fast Refresh] done in 51ms @ http://localhost:3001/_next/static/chunks/node_modules_next_dist_1e8vcs8._.js:776
[  629490ms] [LOG] [Fast Refresh] done in 51ms @ http://localhost:3001/_next/static/chunks/node_modules_next_dist_1e8vcs8._.js:776
[  629539ms] [LOG] [Fast Refresh] done in 51ms @ http://localhost:3001/_next/static/chunks/node_modules_next_dist_1e8vcs8._.js:776
[  629603ms] [LOG] [Fast Refresh] done in 51ms @ http://localhost:3001/_next/static/chunks/node_modules_next_dist_1e8vcs8._.js:776
[  629656ms] [LOG] [Fast Refresh] done in 51ms @ http://localhost:3001/_next/static/chunks/node_modules_next_dist_1e8vcs8._.js:776
[  629706ms] [LOG] [Fast Refresh] done in 51ms @ http://localhost:3001/_next/static/chunks/node_modules_next_dist_1e8vcs8._.js:776
[  629756ms] [LOG] [Fast Refresh] done in 51ms @ http://localhost:3001/_next/static/chunks/node_modules_next_dist_1e8vcs8._.js:776
[  629806ms] [LOG] [Fast Refresh] done in 51ms @ http://localhost:3001/_next/static/chunks/node_modules_next_dist_1e8vcs8._.js:776
[  629871ms] [LOG] [Fast Refresh] done in 51ms @ http://localhost:3001/_next/static/chunks/node_modules_next_dist_1e8vcs8._.js:776
[  629923ms] [LOG] [Fast Refresh] done in 51ms @ http://localhost:3001/_next/static/chunks/node_modules_next_dist_1e8vcs8._.js:776
[  629972ms] [LOG] [Fast Refresh] done in 51ms @ http://localhost:3001/_next/static/chunks/node_modules_next_dist_1e8vcs8._.js:776
[  630023ms] [LOG] [Fast Refresh] done in 51ms @ http://localhost:3001/_next/static/chunks/node_modules_next_dist_1e8vcs8._.js:776
[  630087ms] [LOG] [Fast Refresh] done in 51ms @ http://localhost:3001/_next/static/chunks/node_modules_next_dist_1e8vcs8._.js:776
[  630139ms] [LOG] [Fast Refresh] done in 51ms @ http://localhost:3001/_next/static/chunks/node_modules_next_dist_1e8vcs8._.js:776
[  630188ms] [LOG] [Fast Refresh] done in 51ms @ http://localhost:3001/_next/static/chunks/node_modules_next_dist_1e8vcs8._.js:776
[  630240ms] [LOG] [Fast Refresh] done in 51ms @ http://localhost:3001/_next/static/chunks/node_modules_next_dist_1e8vcs8._.js:776
[  630290ms] [LOG] [Fast Refresh] done in 51ms @ http://localhost:3001/_next/static/chunks/node_modules_next_dist_1e8vcs8._.js:776
[  630340ms] [LOG] [Fast Refresh] done in 51ms @ http://localhost:3001/_next/static/chunks/node_modules_next_dist_1e8vcs8._.js:776
[  630401ms] [LOG] [Fast Refresh] done in 51ms @ http://localhost:3001/_next/static/chunks/node_modules_next_dist_1e8vcs8._.js:776
[  630440ms] [LOG] [Fast Refresh] done in 51ms @ http://localhost:3001/_next/static/chunks/node_modules_next_dist_1e8vcs8._.js:776
[  630490ms] [LOG] [Fast Refresh] done in 51ms @ http://localhost:3001/_next/static/chunks/node_modules_next_dist_1e8vcs8._.js:776
[  630539ms] [LOG] [Fast Refresh] done in 51ms @ http://localhost:3001/_next/static/chunks/node_modules_next_dist_1e8vcs8._.js:776
[  630589ms] [LOG] [Fast Refresh] done in 51ms @ http://localhost:3001/_next/static/chunks/node_modules_next_dist_1e8vcs8._.js:776
[  630640ms] [LOG] [Fast Refresh] done in 51ms @ http://localhost:3001/_next/static/chunks/node_modules_next_dist_1e8vcs8._.js:776
[  630690ms] [LOG] [Fast Refresh] done in 51ms @ http://localhost:3001/_next/static/chunks/node_modules_next_dist_1e8vcs8._.js:776
[  630739ms] [LOG] [Fast Refresh] done in 51ms @ http://localhost:3001/_next/static/chunks/node_modules_next_dist_1e8vcs8._.js:776
[  630789ms] [LOG] [Fast Refresh] done in 51ms @ http://localhost:3001/_next/static/chunks/node_modules_next_dist_1e8vcs8._.js:776
[  630840ms] [LOG] [Fast Refresh] done in 51ms @ http://localhost:3001/_next/static/chunks/node_modules_next_dist_1e8vcs8._.js:776
[  630890ms] [LOG] [Fast Refresh] done in 51ms @ http://localhost:3001/_next/static/chunks/node_modules_next_dist_1e8vcs8._.js:776
[  630940ms] [LOG] [Fast Refresh] done in 51ms @ http://localhost:3001/_next/static/chunks/node_modules_next_dist_1e8vcs8._.js:776
[  630989ms] [LOG] [Fast Refresh] done in 51ms @ http://localhost:3001/_next/static/chunks/node_modules_next_dist_1e8vcs8._.js:776
[  631039ms] [LOG] [Fast Refresh] done in 51ms @ http://localhost:3001/_next/static/chunks/node_modules_next_dist_1e8vcs8._.js:776
[  631091ms] [LOG] [Fast Refresh] done in 51ms @ http://localhost:3001/_next/static/chunks/node_modules_next_dist_1e8vcs8._.js:776
[  631140ms] [LOG] [Fast Refresh] done in 51ms @ http://localhost:3001/_next/static/chunks/node_modules_next_dist_1e8vcs8._.js:776
[  631204ms] [LOG] [Fast Refresh] done in 51ms @ http://localhost:3001/_next/static/chunks/node_modules_next_dist_1e8vcs8._.js:776
[  631268ms] [LOG] [Fast Refresh] done in 51ms @ http://localhost:3001/_next/static/chunks/node_modules_next_dist_1e8vcs8._.js:776
[  631331ms] [LOG] [Fast Refresh] done in 51ms @ http://localhost:3001/_next/static/chunks/node_modules_next_dist_1e8vcs8._.js:776
[  631390ms] [LOG] [Fast Refresh] done in 51ms @ http://localhost:3001/_next/static/chunks/node_modules_next_dist_1e8vcs8._.js:776
[  631453ms] [LOG] [Fast Refresh] done in 51ms @ http://localhost:3001/_next/static/chunks/node_modules_next_dist_1e8vcs8._.js:776
[  631506ms] [LOG] [Fast Refresh] done in 51ms @ http://localhost:3001/_next/static/chunks/node_modules_next_dist_1e8vcs8._.js:776
[  631557ms] [LOG] [Fast Refresh] done in 51ms @ http://localhost:3001/_next/static/chunks/node_modules_next_dist_1e8vcs8._.js:776
[  631606ms] [LOG] [Fast Refresh] done in 51ms @ http://localhost:3001/_next/static/chunks/node_modules_next_dist_1e8vcs8._.js:776
[  631657ms] [LOG] [Fast Refresh] done in 51ms @ http://localhost:3001/_next/static/chunks/node_modules_next_dist_1e8vcs8._.js:776
[  631707ms] [LOG] [Fast Refresh] done in 51ms @ http://localhost:3001/_next/static/chunks/node_modules_next_dist_1e8vcs8._.js:776
[  631755ms] [LOG] [Fast Refresh] done in 51ms @ http://localhost:3001/_next/static/chunks/node_modules_next_dist_1e8vcs8._.js:776
[  631807ms] [LOG] [Fast Refresh] done in 51ms @ http://localhost:3001/_next/static/chunks/node_modules_next_dist_1e8vcs8._.js:776
[  631857ms] [LOG] [Fast Refresh] done in 51ms @ http://localhost:3001/_next/static/chunks/node_modules_next_dist_1e8vcs8._.js:776
[  631907ms] [LOG] [Fast Refresh] done in 51ms @ http://localhost:3001/_next/static/chunks/node_modules_next_dist_1e8vcs8._.js:776
[  631956ms] [LOG] [Fast Refresh] done in 51ms @ http://localhost:3001/_next/static/chunks/node_modules_next_dist_1e8vcs8._.js:776
[  632006ms] [LOG] [Fast Refresh] done in 51ms @ http://localhost:3001/_next/static/chunks/node_modules_next_dist_1e8vcs8._.js:776
[  632056ms] [LOG] [Fast Refresh] done in 51ms @ http://localhost:3001/_next/static/chunks/node_modules_next_dist_1e8vcs8._.js:776
[  632108ms] [LOG] [Fast Refresh] done in 51ms @ http://localhost:3001/_next/static/chunks/node_modules_next_dist_1e8vcs8._.js:776
[  632173ms] [LOG] [Fast Refresh] done in 51ms @ http://localhost:3001/_next/static/chunks/node_modules_next_dist_1e8vcs8._.js:776
[  632223ms] [LOG] [Fast Refresh] done in 51ms @ http://localhost:3001/_next/static/chunks/node_modules_next_dist_1e8vcs8._.js:776
[  632274ms] [LOG] [Fast Refresh] done in 51ms @ http://localhost:3001/_next/static/chunks/node_modules_next_dist_1e8vcs8._.js:776
[  632323ms] [LOG] [Fast Refresh] done in 51ms @ http://localhost:3001/_next/static/chunks/node_modules_next_dist_1e8vcs8._.js:776
[  632373ms] [LOG] [Fast Refresh] done in 51ms @ http://localhost:3001/_next/static/chunks/node_modules_next_dist_1e8vcs8._.js:776
[  632423ms] [LOG] [Fast Refresh] done in 51ms @ http://localhost:3001/_next/static/chunks/node_modules_next_dist_1e8vcs8._.js:776
[  632475ms] [LOG] [Fast Refresh] done in 51ms @ http://localhost:3001/_next/static/chunks/node_modules_next_dist_1e8vcs8._.js:776
[  632538ms] [LOG] [Fast Refresh] done in 51ms @ http://localhost:3001/_next/static/chunks/node_modules_next_dist_1e8vcs8._.js:776
[  632590ms] [LOG] [Fast Refresh] done in 51ms @ http://localhost:3001/_next/static/chunks/node_modules_next_dist_1e8vcs8._.js:776
[  632640ms] [LOG] [Fast Refresh] done in 51ms @ http://localhost:3001/_next/static/chunks/node_modules_next_dist_1e8vcs8._.js:776
[  632690ms] [LOG] [Fast Refresh] done in 51ms @ http://localhost:3001/_next/static/chunks/node_modules_next_dist_1e8vcs8._.js:776
[  632739ms] [LOG] [Fast Refresh] done in 51ms @ http://localhost:3001/_next/static/chunks/node_modules_next_dist_1e8vcs8._.js:776
[  632790ms] [LOG] [Fast Refresh] done in 51ms @ http://localhost:3001/_next/static/chunks/node_modules_next_dist_1e8vcs8._.js:776
[  632840ms] [LOG] [Fast Refresh] done in 51ms @ http://localhost:3001/_next/static/chunks/node_modules_next_dist_1e8vcs8._.js:776
[  632890ms] [LOG] [Fast Refresh] done in 51ms @ http://localhost:3001/_next/static/chunks/node_modules_next_dist_1e8vcs8._.js:776
[  632942ms] [LOG] [Fast Refresh] done in 51ms @ http://localhost:3001/_next/static/chunks/node_modules_next_dist_1e8vcs8._.js:776
[  632990ms] [LOG] [Fast Refresh] done in 51ms @ http://localhost:3001/_next/static/chunks/node_modules_next_dist_1e8vcs8._.js:776
[  633053ms] [LOG] [Fast Refresh] done in 51ms @ http://localhost:3001/_next/static/chunks/node_modules_next_dist_1e8vcs8._.js:776
[  633106ms] [LOG] [Fast Refresh] done in 51ms @ http://localhost:3001/_next/static/chunks/node_modules_next_dist_1e8vcs8._.js:776
[  633158ms] [LOG] [Fast Refresh] done in 51ms @ http://localhost:3001/_next/static/chunks/node_modules_next_dist_1e8vcs8._.js:776
[  633206ms] [LOG] [Fast Refresh] done in 51ms @ http://localhost:3001/_next/static/chunks/node_modules_next_dist_1e8vcs8._.js:776
[  633256ms] [LOG] [Fast Refresh] done in 51ms @ http://localhost:3001/_next/static/chunks/node_modules_next_dist_1e8vcs8._.js:776
[  633306ms] [LOG] [Fast Refresh] done in 51ms @ http://localhost:3001/_next/static/chunks/node_modules_next_dist_1e8vcs8._.js:776
[  633357ms] [LOG] [Fast Refresh] done in 51ms @ http://localhost:3001/_next/static/chunks/node_modules_next_dist_1e8vcs8._.js:776
[  633406ms] [LOG] [Fast Refresh] done in 51ms @ http://localhost:3001/_next/static/chunks/node_modules_next_dist_1e8vcs8._.js:776
[  633456ms] [LOG] [Fast Refresh] done in 51ms @ http://localhost:3001/_next/static/chunks/node_modules_next_dist_1e8vcs8._.js:776
[  633507ms] [LOG] [Fast Refresh] done in 51ms @ http://localhost:3001/_next/static/chunks/node_modules_next_dist_1e8vcs8._.js:776
[  633571ms] [LOG] [Fast Refresh] done in 51ms @ http://localhost:3001/_next/static/chunks/node_modules_next_dist_1e8vcs8._.js:776
[  633622ms] [LOG] [Fast Refresh] done in 51ms @ http://localhost:3001/_next/static/chunks/node_modules_next_dist_1e8vcs8._.js:776
[  633673ms] [LOG] [Fast Refresh] done in 51ms @ http://localhost:3001/_next/static/chunks/node_modules_next_dist_1e8vcs8._.js:776
[  633723ms] [LOG] [Fast Refresh] done in 51ms @ http://localhost:3001/_next/static/chunks/node_modules_next_dist_1e8vcs8._.js:776
[  633773ms] [LOG] [Fast Refresh] done in 51ms @ http://localhost:3001/_next/static/chunks/node_modules_next_dist_1e8vcs8._.js:776
[  633823ms] [LOG] [Fast Refresh] done in 51ms @ http://localhost:3001/_next/static/chunks/node_modules_next_dist_1e8vcs8._.js:776
[  633873ms] [LOG] [Fast Refresh] done in 51ms @ http://localhost:3001/_next/static/chunks/node_modules_next_dist_1e8vcs8._.js:776
[  633925ms] [LOG] [Fast Refresh] done in 51ms @ http://localhost:3001/_next/static/chunks/node_modules_next_dist_1e8vcs8._.js:776
[  633973ms] [LOG] [Fast Refresh] done in 51ms @ http://localhost:3001/_next/static/chunks/node_modules_next_dist_1e8vcs8._.js:776
[  634023ms] [LOG] [Fast Refresh] done in 51ms @ http://localhost:3001/_next/static/chunks/node_modules_next_dist_1e8vcs8._.js:776
[  634086ms] [LOG] [Fast Refresh] done in 51ms @ http://localhost:3001/_next/static/chunks/node_modules_next_dist_1e8vcs8._.js:776
[  634149ms] [LOG] [Fast Refresh] done in 51ms @ http://localhost:3001/_next/static/chunks/node_modules_next_dist_1e8vcs8._.js:776
[  634211ms] [LOG] [Fast Refresh] done in 51ms @ http://localhost:3001/_next/static/chunks/node_modules_next_dist_1e8vcs8._.js:776
[  634273ms] [LOG] [Fast Refresh] done in 51ms @ http://localhost:3001/_next/static/chunks/node_modules_next_dist_1e8vcs8._.js:776
[  634322ms] [LOG] [Fast Refresh] done in 51ms @ http://localhost:3001/_next/static/chunks/node_modules_next_dist_1e8vcs8._.js:776
[  634373ms] [LOG] [Fast Refresh] done in 51ms @ http://localhost:3001/_next/static/chunks/node_modules_next_dist_1e8vcs8._.js:776
[  634423ms] [LOG] [Fast Refresh] done in 51ms @ http://localhost:3001/_next/static/chunks/node_modules_next_dist_1e8vcs8._.js:776
[  634472ms] [LOG] [Fast Refresh] done in 51ms @ http://localhost:3001/_next/static/chunks/node_modules_next_dist_1e8vcs8._.js:776
[  634523ms] [LOG] [Fast Refresh] done in 51ms @ http://localhost:3001/_next/static/chunks/node_modules_next_dist_1e8vcs8._.js:776
[  634572ms] [LOG] [Fast Refresh] done in 51ms @ http://localhost:3001/_next/static/chunks/node_modules_next_dist_1e8vcs8._.js:776
[  634637ms] [LOG] [Fast Refresh] done in 51ms @ http://localhost:3001/_next/static/chunks/node_modules_next_dist_1e8vcs8._.js:776
[  634688ms] [LOG] [Fast Refresh] done in 51ms @ http://localhost:3001/_next/static/chunks/node_modules_next_dist_1e8vcs8._.js:776
[  634740ms] [LOG] [Fast Refresh] done in 51ms @ http://localhost:3001/_next/static/chunks/node_modules_next_dist_1e8vcs8._.js:776
[  634790ms] [LOG] [Fast Refresh] done in 51ms @ http://localhost:3001/_next/static/chunks/node_modules_next_dist_1e8vcs8._.js:776
[  634840ms] [LOG] [Fast Refresh] done in 51ms @ http://localhost:3001/_next/static/chunks/node_modules_next_dist_1e8vcs8._.js:776
[  634890ms] [LOG] [Fast Refresh] done in 51ms @ http://localhost:3001/_next/static/chunks/node_modules_next_dist_1e8vcs8._.js:776
[  634940ms] [LOG] [Fast Refresh] done in 51ms @ http://localhost:3001/_next/static/chunks/node_modules_next_dist_1e8vcs8._.js:776
[  634989ms] [LOG] [Fast Refresh] done in 51ms @ http://localhost:3001/_next/static/chunks/node_modules_next_dist_1e8vcs8._.js:776
[  635049ms] [LOG] [Fast Refresh] done in 51ms @ http://localhost:3001/_next/static/chunks/node_modules_next_dist_1e8vcs8._.js:776
[  635108ms] [LOG] [Fast Refresh] done in 51ms @ http://localhost:3001/_next/static/chunks/node_modules_next_dist_1e8vcs8._.js:776
[  635170ms] [LOG] [Fast Refresh] done in 51ms @ http://localhost:3001/_next/static/chunks/node_modules_next_dist_1e8vcs8._.js:776
[  635223ms] [LOG] [Fast Refresh] done in 51ms @ http://localhost:3001/_next/static/chunks/node_modules_next_dist_1e8vcs8._.js:776
[  635274ms] [LOG] [Fast Refresh] done in 51ms @ http://localhost:3001/_next/static/chunks/node_modules_next_dist_1e8vcs8._.js:776
[  635347ms] [LOG] [Fast Refresh] done in 51ms @ http://localhost:3001/_next/static/chunks/node_modules_next_dist_1e8vcs8._.js:776
[  635486ms] [LOG] [Fast Refresh] rebuilding @ http://localhost:3001/_next/static/chunks/node_modules_next_dist_1e8vcs8._.js:776
[  635556ms] [LOG] [Fast Refresh] done in 44ms @ http://localhost:3001/_next/static/chunks/node_modules_next_dist_1e8vcs8._.js:776
[  635642ms] [LOG] [Fast Refresh] done in 44ms @ http://localhost:3001/_next/static/chunks/node_modules_next_dist_1e8vcs8._.js:776
[  635700ms] [LOG] [Fast Refresh] done in 44ms @ http://localhost:3001/_next/static/chunks/node_modules_next_dist_1e8vcs8._.js:776
[  635764ms] [LOG] [Fast Refresh] done in 44ms @ http://localhost:3001/_next/static/chunks/node_modules_next_dist_1e8vcs8._.js:776
[  635825ms] [LOG] [Fast Refresh] done in 44ms @ http://localhost:3001/_next/static/chunks/node_modules_next_dist_1e8vcs8._.js:776
[  635886ms] [LOG] [Fast Refresh] done in 44ms @ http://localhost:3001/_next/static/chunks/node_modules_next_dist_1e8vcs8._.js:776
[  635948ms] [LOG] [Fast Refresh] done in 44ms @ http://localhost:3001/_next/static/chunks/node_modules_next_dist_1e8vcs8._.js:776
[  636011ms] [LOG] [Fast Refresh] done in 44ms @ http://localhost:3001/_next/static/chunks/node_modules_next_dist_1e8vcs8._.js:776
[  636072ms] [LOG] [Fast Refresh] done in 44ms @ http://localhost:3001/_next/static/chunks/node_modules_next_dist_1e8vcs8._.js:776
[  636137ms] [LOG] [Fast Refresh] done in 44ms @ http://localhost:3001/_next/static/chunks/node_modules_next_dist_1e8vcs8._.js:776
[  636190ms] [LOG] [Fast Refresh] done in 44ms @ http://localhost:3001/_next/static/chunks/node_modules_next_dist_1e8vcs8._.js:776
[  636240ms] [LOG] [Fast Refresh] done in 44ms @ http://localhost:3001/_next/static/chunks/node_modules_next_dist_1e8vcs8._.js:776
[  636289ms] [LOG] [Fast Refresh] done in 44ms @ http://localhost:3001/_next/static/chunks/node_modules_next_dist_1e8vcs8._.js:776
[  636340ms] [LOG] [Fast Refresh] done in 44ms @ http://localhost:3001/_next/static/chunks/node_modules_next_dist_1e8vcs8._.js:776
[  636390ms] [LOG] [Fast Refresh] done in 44ms @ http://localhost:3001/_next/static/chunks/node_modules_next_dist_1e8vcs8._.js:776
[  636440ms] [LOG] [Fast Refresh] done in 44ms @ http://localhost:3001/_next/static/chunks/node_modules_next_dist_1e8vcs8._.js:776
[  636490ms] [LOG] [Fast Refresh] done in 44ms @ http://localhost:3001/_next/static/chunks/node_modules_next_dist_1e8vcs8._.js:776
[  636539ms] [LOG] [Fast Refresh] done in 44ms @ http://localhost:3001/_next/static/chunks/node_modules_next_dist_1e8vcs8._.js:776
[  636601ms] [LOG] [Fast Refresh] done in 44ms @ http://localhost:3001/_next/static/chunks/node_modules_next_dist_1e8vcs8._.js:776
[  636662ms] [LOG] [Fast Refresh] done in 44ms @ http://localhost:3001/_next/static/chunks/node_modules_next_dist_1e8vcs8._.js:776
[  636725ms] [LOG] [Fast Refresh] done in 44ms @ http://localhost:3001/_next/static/chunks/node_modules_next_dist_1e8vcs8._.js:776
[  636787ms] [LOG] [Fast Refresh] done in 44ms @ http://localhost:3001/_next/static/chunks/node_modules_next_dist_1e8vcs8._.js:776
[  636852ms] [LOG] [Fast Refresh] done in 44ms @ http://localhost:3001/_next/static/chunks/node_modules_next_dist_1e8vcs8._.js:776
[  636913ms] [LOG] [Fast Refresh] done in 44ms @ http://localhost:3001/_next/static/chunks/node_modules_next_dist_1e8vcs8._.js:776
[  636972ms] [LOG] [Fast Refresh] done in 44ms @ http://localhost:3001/_next/static/chunks/node_modules_next_dist_1e8vcs8._.js:776
[  637036ms] [LOG] [Fast Refresh] done in 44ms @ http://localhost:3001/_next/static/chunks/node_modules_next_dist_1e8vcs8._.js:776
[  637099ms] [LOG] [Fast Refresh] done in 44ms @ http://localhost:3001/_next/static/chunks/node_modules_next_dist_1e8vcs8._.js:776
[  637157ms] [LOG] [Fast Refresh] done in 44ms @ http://localhost:3001/_next/static/chunks/node_modules_next_dist_1e8vcs8._.js:776
[  637207ms] [LOG] [Fast Refresh] done in 44ms @ http://localhost:3001/_next/static/chunks/node_modules_next_dist_1e8vcs8._.js:776
[  637268ms] [LOG] [Fast Refresh] done in 44ms @ http://localhost:3001/_next/static/chunks/node_modules_next_dist_1e8vcs8._.js:776
[  637323ms] [LOG] [Fast Refresh] done in 44ms @ http://localhost:3001/_next/static/chunks/node_modules_next_dist_1e8vcs8._.js:776
[  637374ms] [LOG] [Fast Refresh] done in 44ms @ http://localhost:3001/_next/static/chunks/node_modules_next_dist_1e8vcs8._.js:776
[  637423ms] [LOG] [Fast Refresh] done in 44ms @ http://localhost:3001/_next/static/chunks/node_modules_next_dist_1e8vcs8._.js:776
[  637487ms] [LOG] [Fast Refresh] done in 44ms @ http://localhost:3001/_next/static/chunks/node_modules_next_dist_1e8vcs8._.js:776
[  637550ms] [LOG] [Fast Refresh] done in 44ms @ http://localhost:3001/_next/static/chunks/node_modules_next_dist_1e8vcs8._.js:776
[  637613ms] [LOG] [Fast Refresh] done in 44ms @ http://localhost:3001/_next/static/chunks/node_modules_next_dist_1e8vcs8._.js:776
[  637675ms] [LOG] [Fast Refresh] done in 44ms @ http://localhost:3001/_next/static/chunks/node_modules_next_dist_1e8vcs8._.js:776
[  637738ms] [LOG] [Fast Refresh] done in 44ms @ http://localhost:3001/_next/static/chunks/node_modules_next_dist_1e8vcs8._.js:776
[  637786ms] [LOG] [Fast Refresh] done in 44ms @ http://localhost:3001/_next/static/chunks/node_modules_next_dist_1e8vcs8._.js:776
[  637849ms] [LOG] [Fast Refresh] done in 44ms @ http://localhost:3001/_next/static/chunks/node_modules_next_dist_1e8vcs8._.js:776
[  637907ms] [LOG] [Fast Refresh] done in 44ms @ http://localhost:3001/_next/static/chunks/node_modules_next_dist_1e8vcs8._.js:776
[  637955ms] [LOG] [Fast Refresh] done in 44ms @ http://localhost:3001/_next/static/chunks/node_modules_next_dist_1e8vcs8._.js:776
[  638005ms] [LOG] [Fast Refresh] done in 44ms @ http://localhost:3001/_next/static/chunks/node_modules_next_dist_1e8vcs8._.js:776
[  638056ms] [LOG] [Fast Refresh] done in 44ms @ http://localhost:3001/_next/static/chunks/node_modules_next_dist_1e8vcs8._.js:776
[  638105ms] [LOG] [Fast Refresh] done in 44ms @ http://localhost:3001/_next/static/chunks/node_modules_next_dist_1e8vcs8._.js:776
[  638155ms] [LOG] [Fast Refresh] done in 44ms @ http://localhost:3001/_next/static/chunks/node_modules_next_dist_1e8vcs8._.js:776
[  638206ms] [LOG] [Fast Refresh] done in 44ms @ http://localhost:3001/_next/static/chunks/node_modules_next_dist_1e8vcs8._.js:776
[  638256ms] [LOG] [Fast Refresh] done in 44ms @ http://localhost:3001/_next/static/chunks/node_modules_next_dist_1e8vcs8._.js:776
[  638305ms] [LOG] [Fast Refresh] done in 44ms @ http://localhost:3001/_next/static/chunks/node_modules_next_dist_1e8vcs8._.js:776
[  638357ms] [LOG] [Fast Refresh] done in 44ms @ http://localhost:3001/_next/static/chunks/node_modules_next_dist_1e8vcs8._.js:776
[  638407ms] [LOG] [Fast Refresh] done in 44ms @ http://localhost:3001/_next/static/chunks/node_modules_next_dist_1e8vcs8._.js:776
[  638457ms] [LOG] [Fast Refresh] done in 44ms @ http://localhost:3001/_next/static/chunks/node_modules_next_dist_1e8vcs8._.js:776
[  638507ms] [LOG] [Fast Refresh] done in 44ms @ http://localhost:3001/_next/static/chunks/node_modules_next_dist_1e8vcs8._.js:776
[  638556ms] [LOG] [Fast Refresh] done in 44ms @ http://localhost:3001/_next/static/chunks/node_modules_next_dist_1e8vcs8._.js:776
[  638607ms] [LOG] [Fast Refresh] done in 44ms @ http://localhost:3001/_next/static/chunks/node_modules_next_dist_1e8vcs8._.js:776
[  638656ms] [LOG] [Fast Refresh] done in 44ms @ http://localhost:3001/_next/static/chunks/node_modules_next_dist_1e8vcs8._.js:776
[  638706ms] [LOG] [Fast Refresh] done in 44ms @ http://localhost:3001/_next/static/chunks/node_modules_next_dist_1e8vcs8._.js:776
[  638756ms] [LOG] [Fast Refresh] done in 44ms @ http://localhost:3001/_next/static/chunks/node_modules_next_dist_1e8vcs8._.js:776
[  638808ms] [LOG] [Fast Refresh] done in 44ms @ http://localhost:3001/_next/static/chunks/node_modules_next_dist_1e8vcs8._.js:776
[  638869ms] [LOG] [Fast Refresh] done in 44ms @ http://localhost:3001/_next/static/chunks/node_modules_next_dist_1e8vcs8._.js:776
[  638921ms] [LOG] [Fast Refresh] done in 44ms @ http://localhost:3001/_next/static/chunks/node_modules_next_dist_1e8vcs8._.js:776
[  638974ms] [LOG] [Fast Refresh] done in 44ms @ http://localhost:3001/_next/static/chunks/node_modules_next_dist_1e8vcs8._.js:776
[  639023ms] [LOG] [Fast Refresh] done in 44ms @ http://localhost:3001/_next/static/chunks/node_modules_next_dist_1e8vcs8._.js:776
[  639072ms] [LOG] [Fast Refresh] done in 44ms @ http://localhost:3001/_next/static/chunks/node_modules_next_dist_1e8vcs8._.js:776
[  639122ms] [LOG] [Fast Refresh] done in 44ms @ http://localhost:3001/_next/static/chunks/node_modules_next_dist_1e8vcs8._.js:776
[  639173ms] [LOG] [Fast Refresh] done in 44ms @ http://localhost:3001/_next/static/chunks/node_modules_next_dist_1e8vcs8._.js:776
[  639223ms] [LOG] [Fast Refresh] done in 44ms @ http://localhost:3001/_next/static/chunks/node_modules_next_dist_1e8vcs8._.js:776
[  639273ms] [LOG] [Fast Refresh] done in 44ms @ http://localhost:3001/_next/static/chunks/node_modules_next_dist_1e8vcs8._.js:776
[  639323ms] [LOG] [Fast Refresh] done in 44ms @ http://localhost:3001/_next/static/chunks/node_modules_next_dist_1e8vcs8._.js:776
[  639386ms] [LOG] [Fast Refresh] done in 44ms @ http://localhost:3001/_next/static/chunks/node_modules_next_dist_1e8vcs8._.js:776
[  639439ms] [LOG] [Fast Refresh] done in 44ms @ http://localhost:3001/_next/static/chunks/node_modules_next_dist_1e8vcs8._.js:776
[  639490ms] [LOG] [Fast Refresh] done in 44ms @ http://localhost:3001/_next/static/chunks/node_modules_next_dist_1e8vcs8._.js:776
[  639540ms] [LOG] [Fast Refresh] done in 44ms @ http://localhost:3001/_next/static/chunks/node_modules_next_dist_1e8vcs8._.js:776
[  639590ms] [LOG] [Fast Refresh] done in 44ms @ http://localhost:3001/_next/static/chunks/node_modules_next_dist_1e8vcs8._.js:776
[  639640ms] [LOG] [Fast Refresh] done in 44ms @ http://localhost:3001/_next/static/chunks/node_modules_next_dist_1e8vcs8._.js:776
[  639689ms] [LOG] [Fast Refresh] done in 44ms @ http://localhost:3001/_next/static/chunks/node_modules_next_dist_1e8vcs8._.js:776
[  639740ms] [LOG] [Fast Refresh] done in 44ms @ http://localhost:3001/_next/static/chunks/node_modules_next_dist_1e8vcs8._.js:776
[  639791ms] [LOG] [Fast Refresh] done in 44ms @ http://localhost:3001/_next/static/chunks/node_modules_next_dist_1e8vcs8._.js:776
[  639842ms] [LOG] [Fast Refresh] done in 44ms @ http://localhost:3001/_next/static/chunks/node_modules_next_dist_1e8vcs8._.js:776
[  639891ms] [LOG] [Fast Refresh] done in 44ms @ http://localhost:3001/_next/static/chunks/node_modules_next_dist_1e8vcs8._.js:776
[  639952ms] [LOG] [Fast Refresh] done in 44ms @ http://localhost:3001/_next/static/chunks/node_modules_next_dist_1e8vcs8._.js:776
[  639990ms] [LOG] [Fast Refresh] done in 44ms @ http://localhost:3001/_next/static/chunks/node_modules_next_dist_1e8vcs8._.js:776
[  640040ms] [LOG] [Fast Refresh] done in 44ms @ http://localhost:3001/_next/static/chunks/node_modules_next_dist_1e8vcs8._.js:776
[  640091ms] [LOG] [Fast Refresh] done in 44ms @ http://localhost:3001/_next/static/chunks/node_modules_next_dist_1e8vcs8._.js:776
[  640139ms] [LOG] [Fast Refresh] done in 44ms @ http://localhost:3001/_next/static/chunks/node_modules_next_dist_1e8vcs8._.js:776
[  640190ms] [LOG] [Fast Refresh] done in 44ms @ http://localhost:3001/_next/static/chunks/node_modules_next_dist_1e8vcs8._.js:776
[  640240ms] [LOG] [Fast Refresh] done in 44ms @ http://localhost:3001/_next/static/chunks/node_modules_next_dist_1e8vcs8._.js:776
[  640289ms] [LOG] [Fast Refresh] done in 44ms @ http://localhost:3001/_next/static/chunks/node_modules_next_dist_1e8vcs8._.js:776
[  640340ms] [LOG] [Fast Refresh] done in 44ms @ http://localhost:3001/_next/static/chunks/node_modules_next_dist_1e8vcs8._.js:776
[  640389ms] [LOG] [Fast Refresh] done in 44ms @ http://localhost:3001/_next/static/chunks/node_modules_next_dist_1e8vcs8._.js:776
[  640439ms] [LOG] [Fast Refresh] done in 44ms @ http://localhost:3001/_next/static/chunks/node_modules_next_dist_1e8vcs8._.js:776
[  640490ms] [LOG] [Fast Refresh] done in 44ms @ http://localhost:3001/_next/static/chunks/node_modules_next_dist_1e8vcs8._.js:776
[  640539ms] [LOG] [Fast Refresh] done in 44ms @ http://localhost:3001/_next/static/chunks/node_modules_next_dist_1e8vcs8._.js:776
[  640589ms] [LOG] [Fast Refresh] done in 44ms @ http://localhost:3001/_next/static/chunks/node_modules_next_dist_1e8vcs8._.js:776
[  640640ms] [LOG] [Fast Refresh] done in 44ms @ http://localhost:3001/_next/static/chunks/node_modules_next_dist_1e8vcs8._.js:776
[  640690ms] [LOG] [Fast Refresh] done in 44ms @ http://localhost:3001/_next/static/chunks/node_modules_next_dist_1e8vcs8._.js:776
[  640741ms] [LOG] [Fast Refresh] done in 44ms @ http://localhost:3001/_next/static/chunks/node_modules_next_dist_1e8vcs8._.js:776
[  640790ms] [LOG] [Fast Refresh] done in 44ms @ http://localhost:3001/_next/static/chunks/node_modules_next_dist_1e8vcs8._.js:776
[  640840ms] [LOG] [Fast Refresh] done in 44ms @ http://localhost:3001/_next/static/chunks/node_modules_next_dist_1e8vcs8._.js:776
[  640890ms] [LOG] [Fast Refresh] done in 44ms @ http://localhost:3001/_next/static/chunks/node_modules_next_dist_1e8vcs8._.js:776
[  640953ms] [LOG] [Fast Refresh] done in 44ms @ http://localhost:3001/_next/static/chunks/node_modules_next_dist_1e8vcs8._.js:776
[  641006ms] [LOG] [Fast Refresh] done in 44ms @ http://localhost:3001/_next/static/chunks/node_modules_next_dist_1e8vcs8._.js:776
[  641057ms] [LOG] [Fast Refresh] done in 44ms @ http://localhost:3001/_next/static/chunks/node_modules_next_dist_1e8vcs8._.js:776
[  641106ms] [LOG] [Fast Refresh] done in 44ms @ http://localhost:3001/_next/static/chunks/node_modules_next_dist_1e8vcs8._.js:776
[  641155ms] [LOG] [Fast Refresh] done in 44ms @ http://localhost:3001/_next/static/chunks/node_modules_next_dist_1e8vcs8._.js:776
[  641206ms] [LOG] [Fast Refresh] done in 44ms @ http://localhost:3001/_next/static/chunks/node_modules_next_dist_1e8vcs8._.js:776
[  641257ms] [LOG] [Fast Refresh] done in 44ms @ http://localhost:3001/_next/static/chunks/node_modules_next_dist_1e8vcs8._.js:776
[  641306ms] [LOG] [Fast Refresh] done in 44ms @ http://localhost:3001/_next/static/chunks/node_modules_next_dist_1e8vcs8._.js:776
[  641355ms] [LOG] [Fast Refresh] done in 44ms @ http://localhost:3001/_next/static/chunks/node_modules_next_dist_1e8vcs8._.js:776
[  641405ms] [LOG] [Fast Refresh] done in 44ms @ http://localhost:3001/_next/static/chunks/node_modules_next_dist_1e8vcs8._.js:776
[  641456ms] [LOG] [Fast Refresh] done in 44ms @ http://localhost:3001/_next/static/chunks/node_modules_next_dist_1e8vcs8._.js:776
[  641519ms] [LOG] [Fast Refresh] done in 44ms @ http://localhost:3001/_next/static/chunks/node_modules_next_dist_1e8vcs8._.js:776
[  641573ms] [LOG] [Fast Refresh] done in 44ms @ http://localhost:3001/_next/static/chunks/node_modules_next_dist_1e8vcs8._.js:776
[  641622ms] [LOG] [Fast Refresh] done in 44ms @ http://localhost:3001/_next/static/chunks/node_modules_next_dist_1e8vcs8._.js:776
[  641673ms] [LOG] [Fast Refresh] done in 44ms @ http://localhost:3001/_next/static/chunks/node_modules_next_dist_1e8vcs8._.js:776
[  641723ms] [LOG] [Fast Refresh] done in 44ms @ http://localhost:3001/_next/static/chunks/node_modules_next_dist_1e8vcs8._.js:776
[  641773ms] [LOG] [Fast Refresh] done in 44ms @ http://localhost:3001/_next/static/chunks/node_modules_next_dist_1e8vcs8._.js:776
[  641824ms] [LOG] [Fast Refresh] done in 44ms @ http://localhost:3001/_next/static/chunks/node_modules_next_dist_1e8vcs8._.js:776
[  641873ms] [LOG] [Fast Refresh] done in 44ms @ http://localhost:3001/_next/static/chunks/node_modules_next_dist_1e8vcs8._.js:776
[  641923ms] [LOG] [Fast Refresh] done in 44ms @ http://localhost:3001/_next/static/chunks/node_modules_next_dist_1e8vcs8._.js:776
[  641972ms] [LOG] [Fast Refresh] done in 44ms @ http://localhost:3001/_next/static/chunks/node_modules_next_dist_1e8vcs8._.js:776
[  642037ms] [LOG] [Fast Refresh] done in 44ms @ http://localhost:3001/_next/static/chunks/node_modules_next_dist_1e8vcs8._.js:776
[  642090ms] [LOG] [Fast Refresh] done in 44ms @ http://localhost:3001/_next/static/chunks/node_modules_next_dist_1e8vcs8._.js:776
[  642140ms] [LOG] [Fast Refresh] done in 44ms @ http://localhost:3001/_next/static/chunks/node_modules_next_dist_1e8vcs8._.js:776
[  642204ms] [LOG] [Fast Refresh] done in 44ms @ http://localhost:3001/_next/static/chunks/node_modules_next_dist_1e8vcs8._.js:776
[  642258ms] [LOG] [Fast Refresh] done in 44ms @ http://localhost:3001/_next/static/chunks/node_modules_next_dist_1e8vcs8._.js:776
[  642307ms] [LOG] [Fast Refresh] done in 44ms @ http://localhost:3001/_next/static/chunks/node_modules_next_dist_1e8vcs8._.js:776
[  642356ms] [LOG] [Fast Refresh] done in 44ms @ http://localhost:3001/_next/static/chunks/node_modules_next_dist_1e8vcs8._.js:776
[  642406ms] [LOG] [Fast Refresh] done in 44ms @ http://localhost:3001/_next/static/chunks/node_modules_next_dist_1e8vcs8._.js:776
[  642456ms] [LOG] [Fast Refresh] done in 44ms @ http://localhost:3001/_next/static/chunks/node_modules_next_dist_1e8vcs8._.js:776
[  642507ms] [LOG] [Fast Refresh] done in 44ms @ http://localhost:3001/_next/static/chunks/node_modules_next_dist_1e8vcs8._.js:776
[  642555ms] [LOG] [Fast Refresh] done in 44ms @ http://localhost:3001/_next/static/chunks/node_modules_next_dist_1e8vcs8._.js:776
[  642607ms] [LOG] [Fast Refresh] done in 44ms @ http://localhost:3001/_next/static/chunks/node_modules_next_dist_1e8vcs8._.js:776
[  642657ms] [LOG] [Fast Refresh] done in 44ms @ http://localhost:3001/_next/static/chunks/node_modules_next_dist_1e8vcs8._.js:776
[  642706ms] [LOG] [Fast Refresh] done in 44ms @ http://localhost:3001/_next/static/chunks/node_modules_next_dist_1e8vcs8._.js:776
[  642756ms] [LOG] [Fast Refresh] done in 44ms @ http://localhost:3001/_next/static/chunks/node_modules_next_dist_1e8vcs8._.js:776
[  642806ms] [LOG] [Fast Refresh] done in 44ms @ http://localhost:3001/_next/static/chunks/node_modules_next_dist_1e8vcs8._.js:776
[  642856ms] [LOG] [Fast Refresh] done in 44ms @ http://localhost:3001/_next/static/chunks/node_modules_next_dist_1e8vcs8._.js:776
[  642907ms] [LOG] [Fast Refresh] done in 44ms @ http://localhost:3001/_next/static/chunks/node_modules_next_dist_1e8vcs8._.js:776
[  642955ms] [LOG] [Fast Refresh] done in 44ms @ http://localhost:3001/_next/static/chunks/node_modules_next_dist_1e8vcs8._.js:776
[  643006ms] [LOG] [Fast Refresh] done in 44ms @ http://localhost:3001/_next/static/chunks/node_modules_next_dist_1e8vcs8._.js:776
[  643057ms] [LOG] [Fast Refresh] done in 44ms @ http://localhost:3001/_next/static/chunks/node_modules_next_dist_1e8vcs8._.js:776
[  643107ms] [LOG] [Fast Refresh] done in 44ms @ http://localhost:3001/_next/static/chunks/node_modules_next_dist_1e8vcs8._.js:776
[  643157ms] [LOG] [Fast Refresh] done in 44ms @ http://localhost:3001/_next/static/chunks/node_modules_next_dist_1e8vcs8._.js:776
[  643206ms] [LOG] [Fast Refresh] done in 44ms @ http://localhost:3001/_next/static/chunks/node_modules_next_dist_1e8vcs8._.js:776
[  643268ms] [LOG] [Fast Refresh] done in 44ms @ http://localhost:3001/_next/static/chunks/node_modules_next_dist_1e8vcs8._.js:776
[  643307ms] [LOG] [Fast Refresh] done in 44ms @ http://localhost:3001/_next/static/chunks/node_modules_next_dist_1e8vcs8._.js:776
[  643357ms] [LOG] [Fast Refresh] done in 44ms @ http://localhost:3001/_next/static/chunks/node_modules_next_dist_1e8vcs8._.js:776
[  643406ms] [LOG] [Fast Refresh] done in 44ms @ http://localhost:3001/_next/static/chunks/node_modules_next_dist_1e8vcs8._.js:776
[  643469ms] [LOG] [Fast Refresh] done in 44ms @ http://localhost:3001/_next/static/chunks/node_modules_next_dist_1e8vcs8._.js:776
[  643523ms] [LOG] [Fast Refresh] done in 44ms @ http://localhost:3001/_next/static/chunks/node_modules_next_dist_1e8vcs8._.js:776
[  643573ms] [LOG] [Fast Refresh] done in 44ms @ http://localhost:3001/_next/static/chunks/node_modules_next_dist_1e8vcs8._.js:776
[  643623ms] [LOG] [Fast Refresh] done in 44ms @ http://localhost:3001/_next/static/chunks/node_modules_next_dist_1e8vcs8._.js:776
[  643674ms] [LOG] [Fast Refresh] done in 44ms @ http://localhost:3001/_next/static/chunks/node_modules_next_dist_1e8vcs8._.js:776
[  643737ms] [LOG] [Fast Refresh] done in 44ms @ http://localhost:3001/_next/static/chunks/node_modules_next_dist_1e8vcs8._.js:776
[  643789ms] [LOG] [Fast Refresh] done in 44ms @ http://localhost:3001/_next/static/chunks/node_modules_next_dist_1e8vcs8._.js:776
[  643839ms] [LOG] [Fast Refresh] done in 44ms @ http://localhost:3001/_next/static/chunks/node_modules_next_dist_1e8vcs8._.js:776
[  643889ms] [LOG] [Fast Refresh] done in 44ms @ http://localhost:3001/_next/static/chunks/node_modules_next_dist_1e8vcs8._.js:776
[  643940ms] [LOG] [Fast Refresh] done in 44ms @ http://localhost:3001/_next/static/chunks/node_modules_next_dist_1e8vcs8._.js:776
[  644003ms] [LOG] [Fast Refresh] done in 44ms @ http://localhost:3001/_next/static/chunks/node_modules_next_dist_1e8vcs8._.js:776
[  644071ms] [LOG] [Fast Refresh] done in 44ms @ http://localhost:3001/_next/static/chunks/node_modules_next_dist_1e8vcs8._.js:776
[  644123ms] [LOG] [Fast Refresh] done in 44ms @ http://localhost:3001/_next/static/chunks/node_modules_next_dist_1e8vcs8._.js:776
[  644173ms] [LOG] [Fast Refresh] done in 44ms @ http://localhost:3001/_next/static/chunks/node_modules_next_dist_1e8vcs8._.js:776
[  644222ms] [LOG] [Fast Refresh] done in 44ms @ http://localhost:3001/_next/static/chunks/node_modules_next_dist_1e8vcs8._.js:776
[  644273ms] [LOG] [Fast Refresh] done in 44ms @ http://localhost:3001/_next/static/chunks/node_modules_next_dist_1e8vcs8._.js:776
[  644323ms] [LOG] [Fast Refresh] done in 44ms @ http://localhost:3001/_next/static/chunks/node_modules_next_dist_1e8vcs8._.js:776
[  644372ms] [LOG] [Fast Refresh] done in 44ms @ http://localhost:3001/_next/static/chunks/node_modules_next_dist_1e8vcs8._.js:776
[  644422ms] [LOG] [Fast Refresh] done in 44ms @ http://localhost:3001/_next/static/chunks/node_modules_next_dist_1e8vcs8._.js:776
[  644473ms] [LOG] [Fast Refresh] done in 44ms @ http://localhost:3001/_next/static/chunks/node_modules_next_dist_1e8vcs8._.js:776
[  644524ms] [LOG] [Fast Refresh] done in 44ms @ http://localhost:3001/_next/static/chunks/node_modules_next_dist_1e8vcs8._.js:776
[  644573ms] [LOG] [Fast Refresh] done in 44ms @ http://localhost:3001/_next/static/chunks/node_modules_next_dist_1e8vcs8._.js:776
[  644636ms] [LOG] [Fast Refresh] done in 44ms @ http://localhost:3001/_next/static/chunks/node_modules_next_dist_1e8vcs8._.js:776
[  644694ms] [LOG] [Fast Refresh] done in 44ms @ http://localhost:3001/_next/static/chunks/node_modules_next_dist_1e8vcs8._.js:776
[  644757ms] [LOG] [Fast Refresh] done in 44ms @ http://localhost:3001/_next/static/chunks/node_modules_next_dist_1e8vcs8._.js:776
[  644893ms] [LOG] [Fast Refresh] rebuilding @ http://localhost:3001/_next/static/chunks/node_modules_next_dist_1e8vcs8._.js:776
[  644971ms] [LOG] [Fast Refresh] done in 62ms @ http://localhost:3001/_next/static/chunks/node_modules_next_dist_1e8vcs8._.js:776
[  645049ms] [LOG] [Fast Refresh] done in 62ms @ http://localhost:3001/_next/static/chunks/node_modules_next_dist_1e8vcs8._.js:776
[  645132ms] [LOG] [Fast Refresh] done in 62ms @ http://localhost:3001/_next/static/chunks/node_modules_next_dist_1e8vcs8._.js:776
[  645195ms] [LOG] [Fast Refresh] done in 62ms @ http://localhost:3001/_next/static/chunks/node_modules_next_dist_1e8vcs8._.js:776
[  645252ms] [LOG] [Fast Refresh] done in 62ms @ http://localhost:3001/_next/static/chunks/node_modules_next_dist_1e8vcs8._.js:776
[  645314ms] [LOG] [Fast Refresh] done in 62ms @ http://localhost:3001/_next/static/chunks/node_modules_next_dist_1e8vcs8._.js:776
[  645376ms] [LOG] [Fast Refresh] done in 62ms @ http://localhost:3001/_next/static/chunks/node_modules_next_dist_1e8vcs8._.js:776
[  645439ms] [LOG] [Fast Refresh] done in 62ms @ http://localhost:3001/_next/static/chunks/node_modules_next_dist_1e8vcs8._.js:776
[  645501ms] [LOG] [Fast Refresh] done in 62ms @ http://localhost:3001/_next/static/chunks/node_modules_next_dist_1e8vcs8._.js:776
[  645564ms] [LOG] [Fast Refresh] done in 62ms @ http://localhost:3001/_next/static/chunks/node_modules_next_dist_1e8vcs8._.js:776
[  645627ms] [LOG] [Fast Refresh] done in 62ms @ http://localhost:3001/_next/static/chunks/node_modules_next_dist_1e8vcs8._.js:776
[  645690ms] [LOG] [Fast Refresh] done in 62ms @ http://localhost:3001/_next/static/chunks/node_modules_next_dist_1e8vcs8._.js:776
[  645757ms] [LOG] [Fast Refresh] done in 62ms @ http://localhost:3001/_next/static/chunks/node_modules_next_dist_1e8vcs8._.js:776
[  645814ms] [LOG] [Fast Refresh] done in 62ms @ http://localhost:3001/_next/static/chunks/node_modules_next_dist_1e8vcs8._.js:776
[  645879ms] [LOG] [Fast Refresh] done in 62ms @ http://localhost:3001/_next/static/chunks/node_modules_next_dist_1e8vcs8._.js:776
[  645941ms] [LOG] [Fast Refresh] done in 62ms @ http://localhost:3001/_next/static/chunks/node_modules_next_dist_1e8vcs8._.js:776
[  646002ms] [LOG] [Fast Refresh] done in 62ms @ http://localhost:3001/_next/static/chunks/node_modules_next_dist_1e8vcs8._.js:776
[  646065ms] [LOG] [Fast Refresh] done in 62ms @ http://localhost:3001/_next/static/chunks/node_modules_next_dist_1e8vcs8._.js:776
[  646128ms] [LOG] [Fast Refresh] done in 62ms @ http://localhost:3001/_next/static/chunks/node_modules_next_dist_1e8vcs8._.js:776
[  646189ms] [LOG] [Fast Refresh] done in 62ms @ http://localhost:3001/_next/static/chunks/node_modules_next_dist_1e8vcs8._.js:776
[  646250ms] [LOG] [Fast Refresh] done in 62ms @ http://localhost:3001/_next/static/chunks/node_modules_next_dist_1e8vcs8._.js:776
[  646314ms] [LOG] [Fast Refresh] done in 62ms @ http://localhost:3001/_next/static/chunks/node_modules_next_dist_1e8vcs8._.js:776
[  646377ms] [LOG] [Fast Refresh] done in 62ms @ http://localhost:3001/_next/static/chunks/node_modules_next_dist_1e8vcs8._.js:776
[  646440ms] [LOG] [Fast Refresh] done in 62ms @ http://localhost:3001/_next/static/chunks/node_modules_next_dist_1e8vcs8._.js:776
[  646502ms] [LOG] [Fast Refresh] done in 62ms @ http://localhost:3001/_next/static/chunks/node_modules_next_dist_1e8vcs8._.js:776
[  646557ms] [LOG] [Fast Refresh] done in 62ms @ http://localhost:3001/_next/static/chunks/node_modules_next_dist_1e8vcs8._.js:776
[  646607ms] [LOG] [Fast Refresh] done in 62ms @ http://localhost:3001/_next/static/chunks/node_modules_next_dist_1e8vcs8._.js:776
[  646671ms] [LOG] [Fast Refresh] done in 62ms @ http://localhost:3001/_next/static/chunks/node_modules_next_dist_1e8vcs8._.js:776
[  646722ms] [LOG] [Fast Refresh] done in 62ms @ http://localhost:3001/_next/static/chunks/node_modules_next_dist_1e8vcs8._.js:776
[  646774ms] [LOG] [Fast Refresh] done in 62ms @ http://localhost:3001/_next/static/chunks/node_modules_next_dist_1e8vcs8._.js:776
[  646823ms] [LOG] [Fast Refresh] done in 62ms @ http://localhost:3001/_next/static/chunks/node_modules_next_dist_1e8vcs8._.js:776
[  646875ms] [LOG] [Fast Refresh] done in 62ms @ http://localhost:3001/_next/static/chunks/node_modules_next_dist_1e8vcs8._.js:776
[  646939ms] [LOG] [Fast Refresh] done in 62ms @ http://localhost:3001/_next/static/chunks/node_modules_next_dist_1e8vcs8._.js:776
[  646989ms] [LOG] [Fast Refresh] done in 62ms @ http://localhost:3001/_next/static/chunks/node_modules_next_dist_1e8vcs8._.js:776
[  647052ms] [LOG] [Fast Refresh] done in 62ms @ http://localhost:3001/_next/static/chunks/node_modules_next_dist_1e8vcs8._.js:776
[  647107ms] [LOG] [Fast Refresh] done in 62ms @ http://localhost:3001/_next/static/chunks/node_modules_next_dist_1e8vcs8._.js:776
[  647168ms] [LOG] [Fast Refresh] done in 62ms @ http://localhost:3001/_next/static/chunks/node_modules_next_dist_1e8vcs8._.js:776
[  647232ms] [LOG] [Fast Refresh] done in 62ms @ http://localhost:3001/_next/static/chunks/node_modules_next_dist_1e8vcs8._.js:776
[  647295ms] [LOG] [Fast Refresh] done in 62ms @ http://localhost:3001/_next/static/chunks/node_modules_next_dist_1e8vcs8._.js:776
[  647357ms] [LOG] [Fast Refresh] done in 62ms @ http://localhost:3001/_next/static/chunks/node_modules_next_dist_1e8vcs8._.js:776
[  647420ms] [LOG] [Fast Refresh] done in 62ms @ http://localhost:3001/_next/static/chunks/node_modules_next_dist_1e8vcs8._.js:776
[  647483ms] [LOG] [Fast Refresh] done in 62ms @ http://localhost:3001/_next/static/chunks/node_modules_next_dist_1e8vcs8._.js:776
[  647540ms] [LOG] [Fast Refresh] done in 62ms @ http://localhost:3001/_next/static/chunks/node_modules_next_dist_1e8vcs8._.js:776
[  647604ms] [LOG] [Fast Refresh] done in 62ms @ http://localhost:3001/_next/static/chunks/node_modules_next_dist_1e8vcs8._.js:776
[  647667ms] [LOG] [Fast Refresh] done in 62ms @ http://localhost:3001/_next/static/chunks/node_modules_next_dist_1e8vcs8._.js:776
[  647729ms] [LOG] [Fast Refresh] done in 62ms @ http://localhost:3001/_next/static/chunks/node_modules_next_dist_1e8vcs8._.js:776
[  647790ms] [LOG] [Fast Refresh] done in 62ms @ http://localhost:3001/_next/static/chunks/node_modules_next_dist_1e8vcs8._.js:776
[  647854ms] [LOG] [Fast Refresh] done in 62ms @ http://localhost:3001/_next/static/chunks/node_modules_next_dist_1e8vcs8._.js:776
[  647916ms] [LOG] [Fast Refresh] done in 62ms @ http://localhost:3001/_next/static/chunks/node_modules_next_dist_1e8vcs8._.js:776
[  647978ms] [LOG] [Fast Refresh] done in 62ms @ http://localhost:3001/_next/static/chunks/node_modules_next_dist_1e8vcs8._.js:776
[  648042ms] [LOG] [Fast Refresh] done in 62ms @ http://localhost:3001/_next/static/chunks/node_modules_next_dist_1e8vcs8._.js:776
[  648105ms] [LOG] [Fast Refresh] done in 62ms @ http://localhost:3001/_next/static/chunks/node_modules_next_dist_1e8vcs8._.js:776
[  648168ms] [LOG] [Fast Refresh] done in 62ms @ http://localhost:3001/_next/static/chunks/node_modules_next_dist_1e8vcs8._.js:776
[  648231ms] [LOG] [Fast Refresh] done in 62ms @ http://localhost:3001/_next/static/chunks/node_modules_next_dist_1e8vcs8._.js:776
[  648294ms] [LOG] [Fast Refresh] done in 62ms @ http://localhost:3001/_next/static/chunks/node_modules_next_dist_1e8vcs8._.js:776
[  648356ms] [LOG] [Fast Refresh] done in 62ms @ http://localhost:3001/_next/static/chunks/node_modules_next_dist_1e8vcs8._.js:776
[  648418ms] [LOG] [Fast Refresh] done in 62ms @ http://localhost:3001/_next/static/chunks/node_modules_next_dist_1e8vcs8._.js:776
[  648481ms] [LOG] [Fast Refresh] done in 62ms @ http://localhost:3001/_next/static/chunks/node_modules_next_dist_1e8vcs8._.js:776
[  648544ms] [LOG] [Fast Refresh] done in 62ms @ http://localhost:3001/_next/static/chunks/node_modules_next_dist_1e8vcs8._.js:776
[  648604ms] [LOG] [Fast Refresh] done in 62ms @ http://localhost:3001/_next/static/chunks/node_modules_next_dist_1e8vcs8._.js:776
[  648666ms] [LOG] [Fast Refresh] done in 62ms @ http://localhost:3001/_next/static/chunks/node_modules_next_dist_1e8vcs8._.js:776
[  648714ms] [LOG] [Fast Refresh] done in 62ms @ http://localhost:3001/_next/static/chunks/node_modules_next_dist_1e8vcs8._.js:776
[  648770ms] [LOG] [Fast Refresh] done in 62ms @ http://localhost:3001/_next/static/chunks/node_modules_next_dist_1e8vcs8._.js:776
[  648823ms] [LOG] [Fast Refresh] done in 62ms @ http://localhost:3001/_next/static/chunks/node_modules_next_dist_1e8vcs8._.js:776
[  648884ms] [LOG] [Fast Refresh] done in 62ms @ http://localhost:3001/_next/static/chunks/node_modules_next_dist_1e8vcs8._.js:776
[  648941ms] [LOG] [Fast Refresh] done in 62ms @ http://localhost:3001/_next/static/chunks/node_modules_next_dist_1e8vcs8._.js:776
[  648993ms] [LOG] [Fast Refresh] done in 62ms @ http://localhost:3001/_next/static/chunks/node_modules_next_dist_1e8vcs8._.js:776
[  649055ms] [LOG] [Fast Refresh] done in 62ms @ http://localhost:3001/_next/static/chunks/node_modules_next_dist_1e8vcs8._.js:776
[  649115ms] [LOG] [Fast Refresh] done in 62ms @ http://localhost:3001/_next/static/chunks/node_modules_next_dist_1e8vcs8._.js:776
[  649174ms] [LOG] [Fast Refresh] done in 62ms @ http://localhost:3001/_next/static/chunks/node_modules_next_dist_1e8vcs8._.js:776
[  649250ms] [LOG] [Fast Refresh] done in 62ms @ http://localhost:3001/_next/static/chunks/node_modules_next_dist_1e8vcs8._.js:776
[  649307ms] [LOG] [Fast Refresh] done in 62ms @ http://localhost:3001/_next/static/chunks/node_modules_next_dist_1e8vcs8._.js:776
[  649369ms] [LOG] [Fast Refresh] done in 62ms @ http://localhost:3001/_next/static/chunks/node_modules_next_dist_1e8vcs8._.js:776
[  649436ms] [LOG] [Fast Refresh] done in 62ms @ http://localhost:3001/_next/static/chunks/node_modules_next_dist_1e8vcs8._.js:776
[  649489ms] [LOG] [Fast Refresh] done in 62ms @ http://localhost:3001/_next/static/chunks/node_modules_next_dist_1e8vcs8._.js:776
[  649541ms] [LOG] [Fast Refresh] done in 62ms @ http://localhost:3001/_next/static/chunks/node_modules_next_dist_1e8vcs8._.js:776
[  649589ms] [LOG] [Fast Refresh] done in 62ms @ http://localhost:3001/_next/static/chunks/node_modules_next_dist_1e8vcs8._.js:776
[  649651ms] [LOG] [Fast Refresh] done in 62ms @ http://localhost:3001/_next/static/chunks/node_modules_next_dist_1e8vcs8._.js:776
[  649704ms] [LOG] [Fast Refresh] done in 62ms @ http://localhost:3001/_next/static/chunks/node_modules_next_dist_1e8vcs8._.js:776
[  649755ms] [LOG] [Fast Refresh] done in 62ms @ http://localhost:3001/_next/static/chunks/node_modules_next_dist_1e8vcs8._.js:776
[  649817ms] [LOG] [Fast Refresh] done in 62ms @ http://localhost:3001/_next/static/chunks/node_modules_next_dist_1e8vcs8._.js:776
[  649874ms] [LOG] [Fast Refresh] done in 62ms @ http://localhost:3001/_next/static/chunks/node_modules_next_dist_1e8vcs8._.js:776
[  649936ms] [LOG] [Fast Refresh] done in 62ms @ http://localhost:3001/_next/static/chunks/node_modules_next_dist_1e8vcs8._.js:776
[  649988ms] [LOG] [Fast Refresh] done in 62ms @ http://localhost:3001/_next/static/chunks/node_modules_next_dist_1e8vcs8._.js:776
[  650053ms] [LOG] [Fast Refresh] done in 62ms @ http://localhost:3001/_next/static/chunks/node_modules_next_dist_1e8vcs8._.js:776
[  650106ms] [LOG] [Fast Refresh] done in 62ms @ http://localhost:3001/_next/static/chunks/node_modules_next_dist_1e8vcs8._.js:776
[  650171ms] [LOG] [Fast Refresh] done in 62ms @ http://localhost:3001/_next/static/chunks/node_modules_next_dist_1e8vcs8._.js:776
[  650222ms] [LOG] [Fast Refresh] done in 62ms @ http://localhost:3001/_next/static/chunks/node_modules_next_dist_1e8vcs8._.js:776
[  650270ms] [LOG] [Fast Refresh] done in 62ms @ http://localhost:3001/_next/static/chunks/node_modules_next_dist_1e8vcs8._.js:776
[  650322ms] [LOG] [Fast Refresh] done in 62ms @ http://localhost:3001/_next/static/chunks/node_modules_next_dist_1e8vcs8._.js:776
[  650384ms] [LOG] [Fast Refresh] done in 62ms @ http://localhost:3001/_next/static/chunks/node_modules_next_dist_1e8vcs8._.js:776
[  650441ms] [LOG] [Fast Refresh] done in 62ms @ http://localhost:3001/_next/static/chunks/node_modules_next_dist_1e8vcs8._.js:776
[  650490ms] [LOG] [Fast Refresh] done in 62ms @ http://localhost:3001/_next/static/chunks/node_modules_next_dist_1e8vcs8._.js:776
[  650540ms] [LOG] [Fast Refresh] done in 62ms @ http://localhost:3001/_next/static/chunks/node_modules_next_dist_1e8vcs8._.js:776
[  650589ms] [LOG] [Fast Refresh] done in 62ms @ http://localhost:3001/_next/static/chunks/node_modules_next_dist_1e8vcs8._.js:776
[  650640ms] [LOG] [Fast Refresh] done in 62ms @ http://localhost:3001/_next/static/chunks/node_modules_next_dist_1e8vcs8._.js:776
[  650689ms] [LOG] [Fast Refresh] done in 62ms @ http://localhost:3001/_next/static/chunks/node_modules_next_dist_1e8vcs8._.js:776
[  650739ms] [LOG] [Fast Refresh] done in 62ms @ http://localhost:3001/_next/static/chunks/node_modules_next_dist_1e8vcs8._.js:776
[  650790ms] [LOG] [Fast Refresh] done in 62ms @ http://localhost:3001/_next/static/chunks/node_modules_next_dist_1e8vcs8._.js:776
[  650857ms] [LOG] [Fast Refresh] done in 62ms @ http://localhost:3001/_next/static/chunks/node_modules_next_dist_1e8vcs8._.js:776
[  650906ms] [LOG] [Fast Refresh] done in 62ms @ http://localhost:3001/_next/static/chunks/node_modules_next_dist_1e8vcs8._.js:776
[  650956ms] [LOG] [Fast Refresh] done in 62ms @ http://localhost:3001/_next/static/chunks/node_modules_next_dist_1e8vcs8._.js:776
[  651007ms] [LOG] [Fast Refresh] done in 62ms @ http://localhost:3001/_next/static/chunks/node_modules_next_dist_1e8vcs8._.js:776
[  651057ms] [LOG] [Fast Refresh] done in 62ms @ http://localhost:3001/_next/static/chunks/node_modules_next_dist_1e8vcs8._.js:776
[  651106ms] [LOG] [Fast Refresh] done in 62ms @ http://localhost:3001/_next/static/chunks/node_modules_next_dist_1e8vcs8._.js:776
[  651171ms] [LOG] [Fast Refresh] done in 62ms @ http://localhost:3001/_next/static/chunks/node_modules_next_dist_1e8vcs8._.js:776
[  651233ms] [LOG] [Fast Refresh] done in 62ms @ http://localhost:3001/_next/static/chunks/node_modules_next_dist_1e8vcs8._.js:776
[  651295ms] [LOG] [Fast Refresh] done in 62ms @ http://localhost:3001/_next/static/chunks/node_modules_next_dist_1e8vcs8._.js:776
[  651359ms] [LOG] [Fast Refresh] done in 62ms @ http://localhost:3001/_next/static/chunks/node_modules_next_dist_1e8vcs8._.js:776
[  651422ms] [LOG] [Fast Refresh] done in 62ms @ http://localhost:3001/_next/static/chunks/node_modules_next_dist_1e8vcs8._.js:776
[  651483ms] [LOG] [Fast Refresh] done in 62ms @ http://localhost:3001/_next/static/chunks/node_modules_next_dist_1e8vcs8._.js:776
[  651546ms] [LOG] [Fast Refresh] done in 62ms @ http://localhost:3001/_next/static/chunks/node_modules_next_dist_1e8vcs8._.js:776
[  651609ms] [LOG] [Fast Refresh] done in 62ms @ http://localhost:3001/_next/static/chunks/node_modules_next_dist_1e8vcs8._.js:776
[  651671ms] [LOG] [Fast Refresh] done in 62ms @ http://localhost:3001/_next/static/chunks/node_modules_next_dist_1e8vcs8._.js:776
[  651734ms] [LOG] [Fast Refresh] done in 62ms @ http://localhost:3001/_next/static/chunks/node_modules_next_dist_1e8vcs8._.js:776
[  651782ms] [LOG] [Fast Refresh] done in 62ms @ http://localhost:3001/_next/static/chunks/node_modules_next_dist_1e8vcs8._.js:776
[  651844ms] [LOG] [Fast Refresh] done in 62ms @ http://localhost:3001/_next/static/chunks/node_modules_next_dist_1e8vcs8._.js:776
[  651907ms] [LOG] [Fast Refresh] done in 62ms @ http://localhost:3001/_next/static/chunks/node_modules_next_dist_1e8vcs8._.js:776
[  651970ms] [LOG] [Fast Refresh] done in 62ms @ http://localhost:3001/_next/static/chunks/node_modules_next_dist_1e8vcs8._.js:776
[  652023ms] [LOG] [Fast Refresh] done in 62ms @ http://localhost:3001/_next/static/chunks/node_modules_next_dist_1e8vcs8._.js:776
[  652072ms] [LOG] [Fast Refresh] done in 62ms @ http://localhost:3001/_next/static/chunks/node_modules_next_dist_1e8vcs8._.js:776
[  652122ms] [LOG] [Fast Refresh] done in 62ms @ http://localhost:3001/_next/static/chunks/node_modules_next_dist_1e8vcs8._.js:776
[  652185ms] [LOG] [Fast Refresh] done in 62ms @ http://localhost:3001/_next/static/chunks/node_modules_next_dist_1e8vcs8._.js:776
[  652240ms] [LOG] [Fast Refresh] done in 62ms @ http://localhost:3001/_next/static/chunks/node_modules_next_dist_1e8vcs8._.js:776
[  652303ms] [LOG] [Fast Refresh] done in 62ms @ http://localhost:3001/_next/static/chunks/node_modules_next_dist_1e8vcs8._.js:776
[  652356ms] [LOG] [Fast Refresh] done in 62ms @ http://localhost:3001/_next/static/chunks/node_modules_next_dist_1e8vcs8._.js:776
[  652407ms] [LOG] [Fast Refresh] done in 62ms @ http://localhost:3001/_next/static/chunks/node_modules_next_dist_1e8vcs8._.js:776
[  652456ms] [LOG] [Fast Refresh] done in 62ms @ http://localhost:3001/_next/static/chunks/node_modules_next_dist_1e8vcs8._.js:776
[  652506ms] [LOG] [Fast Refresh] done in 62ms @ http://localhost:3001/_next/static/chunks/node_modules_next_dist_1e8vcs8._.js:776
[  652555ms] [LOG] [Fast Refresh] done in 62ms @ http://localhost:3001/_next/static/chunks/node_modules_next_dist_1e8vcs8._.js:776
[  652607ms] [LOG] [Fast Refresh] done in 62ms @ http://localhost:3001/_next/static/chunks/node_modules_next_dist_1e8vcs8._.js:776
[  652656ms] [LOG] [Fast Refresh] done in 62ms @ http://localhost:3001/_next/static/chunks/node_modules_next_dist_1e8vcs8._.js:776
[  652707ms] [LOG] [Fast Refresh] done in 62ms @ http://localhost:3001/_next/static/chunks/node_modules_next_dist_1e8vcs8._.js:776
[  652756ms] [LOG] [Fast Refresh] done in 62ms @ http://localhost:3001/_next/static/chunks/node_modules_next_dist_1e8vcs8._.js:776
[  652807ms] [LOG] [Fast Refresh] done in 62ms @ http://localhost:3001/_next/static/chunks/node_modules_next_dist_1e8vcs8._.js:776
[  652856ms] [LOG] [Fast Refresh] done in 62ms @ http://localhost:3001/_next/static/chunks/node_modules_next_dist_1e8vcs8._.js:776
[  652906ms] [LOG] [Fast Refresh] done in 62ms @ http://localhost:3001/_next/static/chunks/node_modules_next_dist_1e8vcs8._.js:776
[  652957ms] [LOG] [Fast Refresh] done in 62ms @ http://localhost:3001/_next/static/chunks/node_modules_next_dist_1e8vcs8._.js:776
[  653007ms] [LOG] [Fast Refresh] done in 62ms @ http://localhost:3001/_next/static/chunks/node_modules_next_dist_1e8vcs8._.js:776
[  653057ms] [LOG] [Fast Refresh] done in 62ms @ http://localhost:3001/_next/static/chunks/node_modules_next_dist_1e8vcs8._.js:776
[  653107ms] [LOG] [Fast Refresh] done in 62ms @ http://localhost:3001/_next/static/chunks/node_modules_next_dist_1e8vcs8._.js:776
[  653156ms] [LOG] [Fast Refresh] done in 62ms @ http://localhost:3001/_next/static/chunks/node_modules_next_dist_1e8vcs8._.js:776
[  653206ms] [LOG] [Fast Refresh] done in 62ms @ http://localhost:3001/_next/static/chunks/node_modules_next_dist_1e8vcs8._.js:776
[  653256ms] [LOG] [Fast Refresh] done in 62ms @ http://localhost:3001/_next/static/chunks/node_modules_next_dist_1e8vcs8._.js:776
[  653307ms] [LOG] [Fast Refresh] done in 62ms @ http://localhost:3001/_next/static/chunks/node_modules_next_dist_1e8vcs8._.js:776
[  653357ms] [LOG] [Fast Refresh] done in 62ms @ http://localhost:3001/_next/static/chunks/node_modules_next_dist_1e8vcs8._.js:776
[  653419ms] [LOG] [Fast Refresh] done in 62ms @ http://localhost:3001/_next/static/chunks/node_modules_next_dist_1e8vcs8._.js:776
[  653482ms] [LOG] [Fast Refresh] done in 62ms @ http://localhost:3001/_next/static/chunks/node_modules_next_dist_1e8vcs8._.js:776
[  653545ms] [LOG] [Fast Refresh] done in 62ms @ http://localhost:3001/_next/static/chunks/node_modules_next_dist_1e8vcs8._.js:776
[  653607ms] [LOG] [Fast Refresh] done in 62ms @ http://localhost:3001/_next/static/chunks/node_modules_next_dist_1e8vcs8._.js:776
[  653668ms] [LOG] [Fast Refresh] done in 62ms @ http://localhost:3001/_next/static/chunks/node_modules_next_dist_1e8vcs8._.js:776
[  653717ms] [LOG] [Fast Refresh] done in 62ms @ http://localhost:3001/_next/static/chunks/node_modules_next_dist_1e8vcs8._.js:776
[  653777ms] [LOG] [Fast Refresh] done in 62ms @ http://localhost:3001/_next/static/chunks/node_modules_next_dist_1e8vcs8._.js:776
[  653839ms] [LOG] [Fast Refresh] done in 62ms @ http://localhost:3001/_next/static/chunks/node_modules_next_dist_1e8vcs8._.js:776
[  653902ms] [LOG] [Fast Refresh] done in 62ms @ http://localhost:3001/_next/static/chunks/node_modules_next_dist_1e8vcs8._.js:776
[  653964ms] [LOG] [Fast Refresh] done in 62ms @ http://localhost:3001/_next/static/chunks/node_modules_next_dist_1e8vcs8._.js:776
[  654027ms] [LOG] [Fast Refresh] done in 62ms @ http://localhost:3001/_next/static/chunks/node_modules_next_dist_1e8vcs8._.js:776
[  654089ms] [LOG] [Fast Refresh] done in 62ms @ http://localhost:3001/_next/static/chunks/node_modules_next_dist_1e8vcs8._.js:776
[  654151ms] [LOG] [Fast Refresh] done in 62ms @ http://localhost:3001/_next/static/chunks/node_modules_next_dist_1e8vcs8._.js:776
[  654214ms] [LOG] [Fast Refresh] done in 62ms @ http://localhost:3001/_next/static/chunks/node_modules_next_dist_1e8vcs8._.js:776
[  654276ms] [LOG] [Fast Refresh] done in 62ms @ http://localhost:3001/_next/static/chunks/node_modules_next_dist_1e8vcs8._.js:776
[  654340ms] [LOG] [Fast Refresh] done in 62ms @ http://localhost:3001/_next/static/chunks/node_modules_next_dist_1e8vcs8._.js:776
[  654404ms] [LOG] [Fast Refresh] done in 62ms @ http://localhost:3001/_next/static/chunks/node_modules_next_dist_1e8vcs8._.js:776
[  654466ms] [LOG] [Fast Refresh] done in 62ms @ http://localhost:3001/_next/static/chunks/node_modules_next_dist_1e8vcs8._.js:776
[  654523ms] [LOG] [Fast Refresh] done in 62ms @ http://localhost:3001/_next/static/chunks/node_modules_next_dist_1e8vcs8._.js:776
[  654573ms] [LOG] [Fast Refresh] done in 62ms @ http://localhost:3001/_next/static/chunks/node_modules_next_dist_1e8vcs8._.js:776
[  654624ms] [LOG] [Fast Refresh] done in 62ms @ http://localhost:3001/_next/static/chunks/node_modules_next_dist_1e8vcs8._.js:776
[  654673ms] [LOG] [Fast Refresh] done in 62ms @ http://localhost:3001/_next/static/chunks/node_modules_next_dist_1e8vcs8._.js:776
[  654723ms] [LOG] [Fast Refresh] done in 62ms @ http://localhost:3001/_next/static/chunks/node_modules_next_dist_1e8vcs8._.js:776
[  654774ms] [LOG] [Fast Refresh] done in 62ms @ http://localhost:3001/_next/static/chunks/node_modules_next_dist_1e8vcs8._.js:776
[  654822ms] [LOG] [Fast Refresh] done in 62ms @ http://localhost:3001/_next/static/chunks/node_modules_next_dist_1e8vcs8._.js:776
[  654874ms] [LOG] [Fast Refresh] done in 62ms @ http://localhost:3001/_next/static/chunks/node_modules_next_dist_1e8vcs8._.js:776
[  654936ms] [LOG] [Fast Refresh] done in 62ms @ http://localhost:3001/_next/static/chunks/node_modules_next_dist_1e8vcs8._.js:776
[  655003ms] [LOG] [Fast Refresh] done in 62ms @ http://localhost:3001/_next/static/chunks/node_modules_next_dist_1e8vcs8._.js:776
[  655055ms] [LOG] [Fast Refresh] done in 62ms @ http://localhost:3001/_next/static/chunks/node_modules_next_dist_1e8vcs8._.js:776
[  655106ms] [LOG] [Fast Refresh] done in 62ms @ http://localhost:3001/_next/static/chunks/node_modules_next_dist_1e8vcs8._.js:776
[  655156ms] [LOG] [Fast Refresh] done in 62ms @ http://localhost:3001/_next/static/chunks/node_modules_next_dist_1e8vcs8._.js:776
[  655218ms] [LOG] [Fast Refresh] done in 62ms @ http://localhost:3001/_next/static/chunks/node_modules_next_dist_1e8vcs8._.js:776
[  655271ms] [LOG] [Fast Refresh] done in 62ms @ http://localhost:3001/_next/static/chunks/node_modules_next_dist_1e8vcs8._.js:776
[  655332ms] [LOG] [Fast Refresh] done in 62ms @ http://localhost:3001/_next/static/chunks/node_modules_next_dist_1e8vcs8._.js:776
[  655394ms] [LOG] [Fast Refresh] done in 62ms @ http://localhost:3001/_next/static/chunks/node_modules_next_dist_1e8vcs8._.js:776
[  655457ms] [LOG] [Fast Refresh] done in 62ms @ http://localhost:3001/_next/static/chunks/node_modules_next_dist_1e8vcs8._.js:776
[  655521ms] [LOG] [Fast Refresh] done in 62ms @ http://localhost:3001/_next/static/chunks/node_modules_next_dist_1e8vcs8._.js:776
[  655568ms] [LOG] [Fast Refresh] done in 62ms @ http://localhost:3001/_next/static/chunks/node_modules_next_dist_1e8vcs8._.js:776
[  655615ms] [LOG] [Fast Refresh] done in 62ms @ http://localhost:3001/_next/static/chunks/node_modules_next_dist_1e8vcs8._.js:776
[  655681ms] [LOG] [Fast Refresh] done in 62ms @ http://localhost:3001/_next/static/chunks/node_modules_next_dist_1e8vcs8._.js:776
[  655744ms] [LOG] [Fast Refresh] done in 62ms @ http://localhost:3001/_next/static/chunks/node_modules_next_dist_1e8vcs8._.js:776
[  655806ms] [LOG] [Fast Refresh] done in 62ms @ http://localhost:3001/_next/static/chunks/node_modules_next_dist_1e8vcs8._.js:776
[  655868ms] [LOG] [Fast Refresh] done in 62ms @ http://localhost:3001/_next/static/chunks/node_modules_next_dist_1e8vcs8._.js:776
[  655931ms] [LOG] [Fast Refresh] done in 62ms @ http://localhost:3001/_next/static/chunks/node_modules_next_dist_1e8vcs8._.js:776
[  655993ms] [LOG] [Fast Refresh] done in 62ms @ http://localhost:3001/_next/static/chunks/node_modules_next_dist_1e8vcs8._.js:776
[  656055ms] [LOG] [Fast Refresh] done in 62ms @ http://localhost:3001/_next/static/chunks/node_modules_next_dist_1e8vcs8._.js:776
[  656116ms] [LOG] [Fast Refresh] done in 62ms @ http://localhost:3001/_next/static/chunks/node_modules_next_dist_1e8vcs8._.js:776
[  656179ms] [LOG] [Fast Refresh] done in 62ms @ http://localhost:3001/_next/static/chunks/node_modules_next_dist_1e8vcs8._.js:776
[  656239ms] [LOG] [Fast Refresh] done in 62ms @ http://localhost:3001/_next/static/chunks/node_modules_next_dist_1e8vcs8._.js:776
[  656301ms] [LOG] [Fast Refresh] done in 62ms @ http://localhost:3001/_next/static/chunks/node_modules_next_dist_1e8vcs8._.js:776
[  656363ms] [LOG] [Fast Refresh] done in 62ms @ http://localhost:3001/_next/static/chunks/node_modules_next_dist_1e8vcs8._.js:776
[  656425ms] [LOG] [Fast Refresh] done in 62ms @ http://localhost:3001/_next/static/chunks/node_modules_next_dist_1e8vcs8._.js:776
[  656488ms] [LOG] [Fast Refresh] done in 62ms @ http://localhost:3001/_next/static/chunks/node_modules_next_dist_1e8vcs8._.js:776
[  656541ms] [LOG] [Fast Refresh] done in 62ms @ http://localhost:3001/_next/static/chunks/node_modules_next_dist_1e8vcs8._.js:776
[  656590ms] [LOG] [Fast Refresh] done in 62ms @ http://localhost:3001/_next/static/chunks/node_modules_next_dist_1e8vcs8._.js:776
[  656653ms] [LOG] [Fast Refresh] done in 62ms @ http://localhost:3001/_next/static/chunks/node_modules_next_dist_1e8vcs8._.js:776
[  656706ms] [LOG] [Fast Refresh] done in 62ms @ http://localhost:3001/_next/static/chunks/node_modules_next_dist_1e8vcs8._.js:776
[  656770ms] [LOG] [Fast Refresh] done in 62ms @ http://localhost:3001/_next/static/chunks/node_modules_next_dist_1e8vcs8._.js:776
[  656822ms] [LOG] [Fast Refresh] done in 62ms @ http://localhost:3001/_next/static/chunks/node_modules_next_dist_1e8vcs8._.js:776
[  656873ms] [LOG] [Fast Refresh] done in 62ms @ http://localhost:3001/_next/static/chunks/node_modules_next_dist_1e8vcs8._.js:776
[  656923ms] [LOG] [Fast Refresh] done in 62ms @ http://localhost:3001/_next/static/chunks/node_modules_next_dist_1e8vcs8._.js:776
[  656971ms] [LOG] [Fast Refresh] done in 62ms @ http://localhost:3001/_next/static/chunks/node_modules_next_dist_1e8vcs8._.js:776
[  657023ms] [LOG] [Fast Refresh] done in 62ms @ http://localhost:3001/_next/static/chunks/node_modules_next_dist_1e8vcs8._.js:776
[  657087ms] [LOG] [Fast Refresh] done in 62ms @ http://localhost:3001/_next/static/chunks/node_modules_next_dist_1e8vcs8._.js:776
[  657140ms] [LOG] [Fast Refresh] done in 62ms @ http://localhost:3001/_next/static/chunks/node_modules_next_dist_1e8vcs8._.js:776
[  657190ms] [LOG] [Fast Refresh] done in 62ms @ http://localhost:3001/_next/static/chunks/node_modules_next_dist_1e8vcs8._.js:776
[  657253ms] [LOG] [Fast Refresh] done in 62ms @ http://localhost:3001/_next/static/chunks/node_modules_next_dist_1e8vcs8._.js:776
[  657305ms] [LOG] [Fast Refresh] done in 62ms @ http://localhost:3001/_next/static/chunks/node_modules_next_dist_1e8vcs8._.js:776
[  657355ms] [LOG] [Fast Refresh] done in 62ms @ http://localhost:3001/_next/static/chunks/node_modules_next_dist_1e8vcs8._.js:776
[  657417ms] [LOG] [Fast Refresh] done in 62ms @ http://localhost:3001/_next/static/chunks/node_modules_next_dist_1e8vcs8._.js:776
[  657475ms] [LOG] [Fast Refresh] done in 62ms @ http://localhost:3001/_next/static/chunks/node_modules_next_dist_1e8vcs8._.js:776
[  657537ms] [LOG] [Fast Refresh] done in 62ms @ http://localhost:3001/_next/static/chunks/node_modules_next_dist_1e8vcs8._.js:776
[  657598ms] [LOG] [Fast Refresh] done in 62ms @ http://localhost:3001/_next/static/chunks/node_modules_next_dist_1e8vcs8._.js:776
[  657660ms] [LOG] [Fast Refresh] done in 62ms @ http://localhost:3001/_next/static/chunks/node_modules_next_dist_1e8vcs8._.js:776
[  657722ms] [LOG] [Fast Refresh] done in 62ms @ http://localhost:3001/_next/static/chunks/node_modules_next_dist_1e8vcs8._.js:776
[  657771ms] [LOG] [Fast Refresh] done in 62ms @ http://localhost:3001/_next/static/chunks/node_modules_next_dist_1e8vcs8._.js:776
[  657834ms] [LOG] [Fast Refresh] done in 62ms @ http://localhost:3001/_next/static/chunks/node_modules_next_dist_1e8vcs8._.js:776
[  657887ms] [LOG] [Fast Refresh] done in 62ms @ http://localhost:3001/_next/static/chunks/node_modules_next_dist_1e8vcs8._.js:776
[  657945ms] [LOG] [Fast Refresh] done in 62ms @ http://localhost:3001/_next/static/chunks/node_modules_next_dist_1e8vcs8._.js:776
[  658008ms] [LOG] [Fast Refresh] done in 62ms @ http://localhost:3001/_next/static/chunks/node_modules_next_dist_1e8vcs8._.js:776
[  658071ms] [LOG] [Fast Refresh] done in 62ms @ http://localhost:3001/_next/static/chunks/node_modules_next_dist_1e8vcs8._.js:776
[  658132ms] [LOG] [Fast Refresh] done in 62ms @ http://localhost:3001/_next/static/chunks/node_modules_next_dist_1e8vcs8._.js:776
[  658187ms] [LOG] [Fast Refresh] done in 62ms @ http://localhost:3001/_next/static/chunks/node_modules_next_dist_1e8vcs8._.js:776
[  658240ms] [LOG] [Fast Refresh] done in 62ms @ http://localhost:3001/_next/static/chunks/node_modules_next_dist_1e8vcs8._.js:776
[  658302ms] [LOG] [Fast Refresh] done in 62ms @ http://localhost:3001/_next/static/chunks/node_modules_next_dist_1e8vcs8._.js:776
[  658355ms] [LOG] [Fast Refresh] done in 62ms @ http://localhost:3001/_next/static/chunks/node_modules_next_dist_1e8vcs8._.js:776
[  658416ms] [LOG] [Fast Refresh] done in 62ms @ http://localhost:3001/_next/static/chunks/node_modules_next_dist_1e8vcs8._.js:776
[  658479ms] [LOG] [Fast Refresh] done in 62ms @ http://localhost:3001/_next/static/chunks/node_modules_next_dist_1e8vcs8._.js:776
[  658539ms] [LOG] [Fast Refresh] done in 62ms @ http://localhost:3001/_next/static/chunks/node_modules_next_dist_1e8vcs8._.js:776
[  658590ms] [LOG] [Fast Refresh] done in 62ms @ http://localhost:3001/_next/static/chunks/node_modules_next_dist_1e8vcs8._.js:776
[  658652ms] [LOG] [Fast Refresh] done in 62ms @ http://localhost:3001/_next/static/chunks/node_modules_next_dist_1e8vcs8._.js:776
[  658704ms] [LOG] [Fast Refresh] done in 62ms @ http://localhost:3001/_next/static/chunks/node_modules_next_dist_1e8vcs8._.js:776
[  658766ms] [LOG] [Fast Refresh] done in 62ms @ http://localhost:3001/_next/static/chunks/node_modules_next_dist_1e8vcs8._.js:776
[  658828ms] [LOG] [Fast Refresh] done in 62ms @ http://localhost:3001/_next/static/chunks/node_modules_next_dist_1e8vcs8._.js:776
[  658889ms] [LOG] [Fast Refresh] done in 62ms @ http://localhost:3001/_next/static/chunks/node_modules_next_dist_1e8vcs8._.js:776
[  658951ms] [LOG] [Fast Refresh] done in 62ms @ http://localhost:3001/_next/static/chunks/node_modules_next_dist_1e8vcs8._.js:776
[  659014ms] [LOG] [Fast Refresh] done in 62ms @ http://localhost:3001/_next/static/chunks/node_modules_next_dist_1e8vcs8._.js:776
[  659061ms] [LOG] [Fast Refresh] done in 62ms @ http://localhost:3001/_next/static/chunks/node_modules_next_dist_1e8vcs8._.js:776
[  659125ms] [LOG] [Fast Refresh] done in 62ms @ http://localhost:3001/_next/static/chunks/node_modules_next_dist_1e8vcs8._.js:776
[  659186ms] [LOG] [Fast Refresh] done in 62ms @ http://localhost:3001/_next/static/chunks/node_modules_next_dist_1e8vcs8._.js:776
[  659249ms] [LOG] [Fast Refresh] done in 62ms @ http://localhost:3001/_next/static/chunks/node_modules_next_dist_1e8vcs8._.js:776
[  659312ms] [LOG] [Fast Refresh] done in 62ms @ http://localhost:3001/_next/static/chunks/node_modules_next_dist_1e8vcs8._.js:776
[  659375ms] [LOG] [Fast Refresh] done in 62ms @ http://localhost:3001/_next/static/chunks/node_modules_next_dist_1e8vcs8._.js:776
[  659438ms] [LOG] [Fast Refresh] done in 62ms @ http://localhost:3001/_next/static/chunks/node_modules_next_dist_1e8vcs8._.js:776
[  659501ms] [LOG] [Fast Refresh] done in 62ms @ http://localhost:3001/_next/static/chunks/node_modules_next_dist_1e8vcs8._.js:776
[  659556ms] [LOG] [Fast Refresh] done in 62ms @ http://localhost:3001/_next/static/chunks/node_modules_next_dist_1e8vcs8._.js:776
[  659606ms] [LOG] [Fast Refresh] done in 62ms @ http://localhost:3001/_next/static/chunks/node_modules_next_dist_1e8vcs8._.js:776
[  659657ms] [LOG] [Fast Refresh] done in 62ms @ http://localhost:3001/_next/static/chunks/node_modules_next_dist_1e8vcs8._.js:776
[  659706ms] [LOG] [Fast Refresh] done in 62ms @ http://localhost:3001/_next/static/chunks/node_modules_next_dist_1e8vcs8._.js:776
[  659769ms] [LOG] [Fast Refresh] done in 62ms @ http://localhost:3001/_next/static/chunks/node_modules_next_dist_1e8vcs8._.js:776
[  659823ms] [LOG] [Fast Refresh] done in 62ms @ http://localhost:3001/_next/static/chunks/node_modules_next_dist_1e8vcs8._.js:776
[  659886ms] [LOG] [Fast Refresh] done in 62ms @ http://localhost:3001/_next/static/chunks/node_modules_next_dist_1e8vcs8._.js:776
[  659938ms] [LOG] [Fast Refresh] done in 62ms @ http://localhost:3001/_next/static/chunks/node_modules_next_dist_1e8vcs8._.js:776
[  660004ms] [LOG] [Fast Refresh] done in 62ms @ http://localhost:3001/_next/static/chunks/node_modules_next_dist_1e8vcs8._.js:776
[  660056ms] [LOG] [Fast Refresh] done in 62ms @ http://localhost:3001/_next/static/chunks/node_modules_next_dist_1e8vcs8._.js:776
[  660119ms] [LOG] [Fast Refresh] done in 62ms @ http://localhost:3001/_next/static/chunks/node_modules_next_dist_1e8vcs8._.js:776
[  660172ms] [LOG] [Fast Refresh] done in 62ms @ http://localhost:3001/_next/static/chunks/node_modules_next_dist_1e8vcs8._.js:776
[  660238ms] [LOG] [Fast Refresh] done in 62ms @ http://localhost:3001/_next/static/chunks/node_modules_next_dist_1e8vcs8._.js:776
[  660291ms] [LOG] [Fast Refresh] done in 62ms @ http://localhost:3001/_next/static/chunks/node_modules_next_dist_1e8vcs8._.js:776
[  660354ms] [LOG] [Fast Refresh] done in 62ms @ http://localhost:3001/_next/static/chunks/node_modules_next_dist_1e8vcs8._.js:776
[  660405ms] [LOG] [Fast Refresh] done in 62ms @ http://localhost:3001/_next/static/chunks/node_modules_next_dist_1e8vcs8._.js:776
[  660456ms] [LOG] [Fast Refresh] done in 62ms @ http://localhost:3001/_next/static/chunks/node_modules_next_dist_1e8vcs8._.js:776
[  660506ms] [LOG] [Fast Refresh] done in 62ms @ http://localhost:3001/_next/static/chunks/node_modules_next_dist_1e8vcs8._.js:776
[  660571ms] [LOG] [Fast Refresh] done in 62ms @ http://localhost:3001/_next/static/chunks/node_modules_next_dist_1e8vcs8._.js:776
[  660624ms] [LOG] [Fast Refresh] done in 62ms @ http://localhost:3001/_next/static/chunks/node_modules_next_dist_1e8vcs8._.js:776
[  660687ms] [LOG] [Fast Refresh] done in 62ms @ http://localhost:3001/_next/static/chunks/node_modules_next_dist_1e8vcs8._.js:776
[  660741ms] [LOG] [Fast Refresh] done in 62ms @ http://localhost:3001/_next/static/chunks/node_modules_next_dist_1e8vcs8._.js:776
[  660803ms] [LOG] [Fast Refresh] done in 62ms @ http://localhost:3001/_next/static/chunks/node_modules_next_dist_1e8vcs8._.js:776
[  660857ms] [LOG] [Fast Refresh] done in 62ms @ http://localhost:3001/_next/static/chunks/node_modules_next_dist_1e8vcs8._.js:776
[  660906ms] [LOG] [Fast Refresh] done in 62ms @ http://localhost:3001/_next/static/chunks/node_modules_next_dist_1e8vcs8._.js:776
[  660969ms] [LOG] [Fast Refresh] done in 62ms @ http://localhost:3001/_next/static/chunks/node_modules_next_dist_1e8vcs8._.js:776
[  661024ms] [LOG] [Fast Refresh] done in 62ms @ http://localhost:3001/_next/static/chunks/node_modules_next_dist_1e8vcs8._.js:776
[  661086ms] [LOG] [Fast Refresh] done in 62ms @ http://localhost:3001/_next/static/chunks/node_modules_next_dist_1e8vcs8._.js:776
[  661140ms] [LOG] [Fast Refresh] done in 62ms @ http://localhost:3001/_next/static/chunks/node_modules_next_dist_1e8vcs8._.js:776
[  661189ms] [LOG] [Fast Refresh] done in 62ms @ http://localhost:3001/_next/static/chunks/node_modules_next_dist_1e8vcs8._.js:776
[  661239ms] [LOG] [Fast Refresh] done in 62ms @ http://localhost:3001/_next/static/chunks/node_modules_next_dist_1e8vcs8._.js:776
[  661289ms] [LOG] [Fast Refresh] done in 62ms @ http://localhost:3001/_next/static/chunks/node_modules_next_dist_1e8vcs8._.js:776
[  661351ms] [LOG] [Fast Refresh] done in 62ms @ http://localhost:3001/_next/static/chunks/node_modules_next_dist_1e8vcs8._.js:776
[  661390ms] [LOG] [Fast Refresh] done in 62ms @ http://localhost:3001/_next/static/chunks/node_modules_next_dist_1e8vcs8._.js:776
[  661452ms] [LOG] [Fast Refresh] done in 62ms @ http://localhost:3001/_next/static/chunks/node_modules_next_dist_1e8vcs8._.js:776
[  661505ms] [LOG] [Fast Refresh] done in 62ms @ http://localhost:3001/_next/static/chunks/node_modules_next_dist_1e8vcs8._.js:776
[  661573ms] [LOG] [Fast Refresh] done in 62ms @ http://localhost:3001/_next/static/chunks/node_modules_next_dist_1e8vcs8._.js:776
[  661639ms] [LOG] [Fast Refresh] done in 62ms @ http://localhost:3001/_next/static/chunks/node_modules_next_dist_1e8vcs8._.js:776
[  661702ms] [LOG] [Fast Refresh] done in 62ms @ http://localhost:3001/_next/static/chunks/node_modules_next_dist_1e8vcs8._.js:776
[  661764ms] [LOG] [Fast Refresh] done in 62ms @ http://localhost:3001/_next/static/chunks/node_modules_next_dist_1e8vcs8._.js:776
[  661826ms] [LOG] [Fast Refresh] done in 62ms @ http://localhost:3001/_next/static/chunks/node_modules_next_dist_1e8vcs8._.js:776
[  661888ms] [LOG] [Fast Refresh] done in 62ms @ http://localhost:3001/_next/static/chunks/node_modules_next_dist_1e8vcs8._.js:776
[  661940ms] [LOG] [Fast Refresh] done in 62ms @ http://localhost:3001/_next/static/chunks/node_modules_next_dist_1e8vcs8._.js:776
[  661990ms] [LOG] [Fast Refresh] done in 62ms @ http://localhost:3001/_next/static/chunks/node_modules_next_dist_1e8vcs8._.js:776
[  662041ms] [LOG] [Fast Refresh] done in 62ms @ http://localhost:3001/_next/static/chunks/node_modules_next_dist_1e8vcs8._.js:776
[  662090ms] [LOG] [Fast Refresh] done in 62ms @ http://localhost:3001/_next/static/chunks/node_modules_next_dist_1e8vcs8._.js:776
[  662155ms] [LOG] [Fast Refresh] done in 62ms @ http://localhost:3001/_next/static/chunks/node_modules_next_dist_1e8vcs8._.js:776
[  662206ms] [LOG] [Fast Refresh] done in 62ms @ http://localhost:3001/_next/static/chunks/node_modules_next_dist_1e8vcs8._.js:776
[  662255ms] [LOG] [Fast Refresh] done in 62ms @ http://localhost:3001/_next/static/chunks/node_modules_next_dist_1e8vcs8._.js:776
[  662306ms] [LOG] [Fast Refresh] done in 62ms @ http://localhost:3001/_next/static/chunks/node_modules_next_dist_1e8vcs8._.js:776
[  662357ms] [LOG] [Fast Refresh] done in 62ms @ http://localhost:3001/_next/static/chunks/node_modules_next_dist_1e8vcs8._.js:776
[  662419ms] [LOG] [Fast Refresh] done in 62ms @ http://localhost:3001/_next/static/chunks/node_modules_next_dist_1e8vcs8._.js:776
[  662488ms] [LOG] [Fast Refresh] done in 62ms @ http://localhost:3001/_next/static/chunks/node_modules_next_dist_1e8vcs8._.js:776
[  662549ms] [LOG] [Fast Refresh] done in 62ms @ http://localhost:3001/_next/static/chunks/node_modules_next_dist_1e8vcs8._.js:776
[  662590ms] [LOG] [Fast Refresh] done in 62ms @ http://localhost:3001/_next/static/chunks/node_modules_next_dist_1e8vcs8._.js:776
[  662639ms] [LOG] [Fast Refresh] done in 62ms @ http://localhost:3001/_next/static/chunks/node_modules_next_dist_1e8vcs8._.js:776
[  662689ms] [LOG] [Fast Refresh] done in 62ms @ http://localhost:3001/_next/static/chunks/node_modules_next_dist_1e8vcs8._.js:776
[  662753ms] [LOG] [Fast Refresh] done in 62ms @ http://localhost:3001/_next/static/chunks/node_modules_next_dist_1e8vcs8._.js:776
[  662823ms] [LOG] [Fast Refresh] done in 62ms @ http://localhost:3001/_next/static/chunks/node_modules_next_dist_1e8vcs8._.js:776
[  662886ms] [LOG] [Fast Refresh] done in 62ms @ http://localhost:3001/_next/static/chunks/node_modules_next_dist_1e8vcs8._.js:776
[  662948ms] [LOG] [Fast Refresh] done in 62ms @ http://localhost:3001/_next/static/chunks/node_modules_next_dist_1e8vcs8._.js:776
[  663004ms] [LOG] [Fast Refresh] done in 62ms @ http://localhost:3001/_next/static/chunks/node_modules_next_dist_1e8vcs8._.js:776
[  663056ms] [LOG] [Fast Refresh] done in 62ms @ http://localhost:3001/_next/static/chunks/node_modules_next_dist_1e8vcs8._.js:776
[  663118ms] [LOG] [Fast Refresh] done in 62ms @ http://localhost:3001/_next/static/chunks/node_modules_next_dist_1e8vcs8._.js:776
[  663156ms] [LOG] [Fast Refresh] done in 62ms @ http://localhost:3001/_next/static/chunks/node_modules_next_dist_1e8vcs8._.js:776
[  663206ms] [LOG] [Fast Refresh] done in 62ms @ http://localhost:3001/_next/static/chunks/node_modules_next_dist_1e8vcs8._.js:776
[  663269ms] [LOG] [Fast Refresh] done in 62ms @ http://localhost:3001/_next/static/chunks/node_modules_next_dist_1e8vcs8._.js:776
[  663332ms] [LOG] [Fast Refresh] done in 62ms @ http://localhost:3001/_next/static/chunks/node_modules_next_dist_1e8vcs8._.js:776
[  663395ms] [LOG] [Fast Refresh] done in 62ms @ http://localhost:3001/_next/static/chunks/node_modules_next_dist_1e8vcs8._.js:776
[  663458ms] [LOG] [Fast Refresh] done in 62ms @ http://localhost:3001/_next/static/chunks/node_modules_next_dist_1e8vcs8._.js:776
[  663522ms] [LOG] [Fast Refresh] done in 62ms @ http://localhost:3001/_next/static/chunks/node_modules_next_dist_1e8vcs8._.js:776
[  663584ms] [LOG] [Fast Refresh] done in 62ms @ http://localhost:3001/_next/static/chunks/node_modules_next_dist_1e8vcs8._.js:776
[  663646ms] [LOG] [Fast Refresh] done in 62ms @ http://localhost:3001/_next/static/chunks/node_modules_next_dist_1e8vcs8._.js:776
[  663707ms] [LOG] [Fast Refresh] done in 62ms @ http://localhost:3001/_next/static/chunks/node_modules_next_dist_1e8vcs8._.js:776
[  663769ms] [LOG] [Fast Refresh] done in 62ms @ http://localhost:3001/_next/static/chunks/node_modules_next_dist_1e8vcs8._.js:776
[  663823ms] [LOG] [Fast Refresh] done in 62ms @ http://localhost:3001/_next/static/chunks/node_modules_next_dist_1e8vcs8._.js:776
[  663885ms] [LOG] [Fast Refresh] done in 62ms @ http://localhost:3001/_next/static/chunks/node_modules_next_dist_1e8vcs8._.js:776
[  663947ms] [LOG] [Fast Refresh] done in 62ms @ http://localhost:3001/_next/static/chunks/node_modules_next_dist_1e8vcs8._.js:776
[  664009ms] [LOG] [Fast Refresh] done in 62ms @ http://localhost:3001/_next/static/chunks/node_modules_next_dist_1e8vcs8._.js:776
[  664070ms] [LOG] [Fast Refresh] done in 62ms @ http://localhost:3001/_next/static/chunks/node_modules_next_dist_1e8vcs8._.js:776
[  664123ms] [LOG] [Fast Refresh] done in 62ms @ http://localhost:3001/_next/static/chunks/node_modules_next_dist_1e8vcs8._.js:776
[  664186ms] [LOG] [Fast Refresh] done in 62ms @ http://localhost:3001/_next/static/chunks/node_modules_next_dist_1e8vcs8._.js:776
[  664248ms] [LOG] [Fast Refresh] done in 62ms @ http://localhost:3001/_next/static/chunks/node_modules_next_dist_1e8vcs8._.js:776
[  664310ms] [LOG] [Fast Refresh] done in 62ms @ http://localhost:3001/_next/static/chunks/node_modules_next_dist_1e8vcs8._.js:776
[  664372ms] [LOG] [Fast Refresh] done in 62ms @ http://localhost:3001/_next/static/chunks/node_modules_next_dist_1e8vcs8._.js:776
[  664422ms] [LOG] [Fast Refresh] done in 62ms @ http://localhost:3001/_next/static/chunks/node_modules_next_dist_1e8vcs8._.js:776
[  664486ms] [LOG] [Fast Refresh] done in 62ms @ http://localhost:3001/_next/static/chunks/node_modules_next_dist_1e8vcs8._.js:776
[  664547ms] [LOG] [Fast Refresh] done in 62ms @ http://localhost:3001/_next/static/chunks/node_modules_next_dist_1e8vcs8._.js:776
[  664606ms] [LOG] [Fast Refresh] done in 62ms @ http://localhost:3001/_next/static/chunks/node_modules_next_dist_1e8vcs8._.js:776
[  664669ms] [LOG] [Fast Refresh] done in 62ms @ http://localhost:3001/_next/static/chunks/node_modules_next_dist_1e8vcs8._.js:776
[  664731ms] [LOG] [Fast Refresh] done in 62ms @ http://localhost:3001/_next/static/chunks/node_modules_next_dist_1e8vcs8._.js:776
[  664794ms] [LOG] [Fast Refresh] done in 62ms @ http://localhost:3001/_next/static/chunks/node_modules_next_dist_1e8vcs8._.js:776
[  664857ms] [LOG] [Fast Refresh] done in 62ms @ http://localhost:3001/_next/static/chunks/node_modules_next_dist_1e8vcs8._.js:776
[  664906ms] [LOG] [Fast Refresh] done in 62ms @ http://localhost:3001/_next/static/chunks/node_modules_next_dist_1e8vcs8._.js:776
[  664957ms] [LOG] [Fast Refresh] done in 62ms @ http://localhost:3001/_next/static/chunks/node_modules_next_dist_1e8vcs8._.js:776
[  665006ms] [LOG] [Fast Refresh] done in 62ms @ http://localhost:3001/_next/static/chunks/node_modules_next_dist_1e8vcs8._.js:776
[  665070ms] [LOG] [Fast Refresh] done in 62ms @ http://localhost:3001/_next/static/chunks/node_modules_next_dist_1e8vcs8._.js:776
[  665132ms] [LOG] [Fast Refresh] done in 62ms @ http://localhost:3001/_next/static/chunks/node_modules_next_dist_1e8vcs8._.js:776
[  665195ms] [LOG] [Fast Refresh] done in 62ms @ http://localhost:3001/_next/static/chunks/node_modules_next_dist_1e8vcs8._.js:776
[  665257ms] [LOG] [Fast Refresh] done in 62ms @ http://localhost:3001/_next/static/chunks/node_modules_next_dist_1e8vcs8._.js:776
[  665307ms] [LOG] [Fast Refresh] done in 62ms @ http://localhost:3001/_next/static/chunks/node_modules_next_dist_1e8vcs8._.js:776
[  665356ms] [LOG] [Fast Refresh] done in 62ms @ http://localhost:3001/_next/static/chunks/node_modules_next_dist_1e8vcs8._.js:776
[  665409ms] [LOG] [Fast Refresh] done in 62ms @ http://localhost:3001/_next/static/chunks/node_modules_next_dist_1e8vcs8._.js:776
[  665471ms] [LOG] [Fast Refresh] done in 62ms @ http://localhost:3001/_next/static/chunks/node_modules_next_dist_1e8vcs8._.js:776
[  665523ms] [LOG] [Fast Refresh] done in 62ms @ http://localhost:3001/_next/static/chunks/node_modules_next_dist_1e8vcs8._.js:776
[  665587ms] [LOG] [Fast Refresh] done in 62ms @ http://localhost:3001/_next/static/chunks/node_modules_next_dist_1e8vcs8._.js:776
[  665638ms] [LOG] [Fast Refresh] done in 62ms @ http://localhost:3001/_next/static/chunks/node_modules_next_dist_1e8vcs8._.js:776
[  665694ms] [LOG] [Fast Refresh] done in 62ms @ http://localhost:3001/_next/static/chunks/node_modules_next_dist_1e8vcs8._.js:776
[  665753ms] [LOG] [Fast Refresh] done in 62ms @ http://localhost:3001/_next/static/chunks/node_modules_next_dist_1e8vcs8._.js:776
[  665806ms] [LOG] [Fast Refresh] done in 62ms @ http://localhost:3001/_next/static/chunks/node_modules_next_dist_1e8vcs8._.js:776
[  665871ms] [LOG] [Fast Refresh] done in 62ms @ http://localhost:3001/_next/static/chunks/node_modules_next_dist_1e8vcs8._.js:776
[  665923ms] [LOG] [Fast Refresh] done in 62ms @ http://localhost:3001/_next/static/chunks/node_modules_next_dist_1e8vcs8._.js:776
[  665973ms] [LOG] [Fast Refresh] done in 62ms @ http://localhost:3001/_next/static/chunks/node_modules_next_dist_1e8vcs8._.js:776
[  666023ms] [LOG] [Fast Refresh] done in 62ms @ http://localhost:3001/_next/static/chunks/node_modules_next_dist_1e8vcs8._.js:776
[  666087ms] [LOG] [Fast Refresh] done in 62ms @ http://localhost:3001/_next/static/chunks/node_modules_next_dist_1e8vcs8._.js:776
[  666151ms] [LOG] [Fast Refresh] done in 62ms @ http://localhost:3001/_next/static/chunks/node_modules_next_dist_1e8vcs8._.js:776
[  666190ms] [LOG] [Fast Refresh] done in 62ms @ http://localhost:3001/_next/static/chunks/node_modules_next_dist_1e8vcs8._.js:776
[  666240ms] [LOG] [Fast Refresh] done in 62ms @ http://localhost:3001/_next/static/chunks/node_modules_next_dist_1e8vcs8._.js:776
[  666290ms] [LOG] [Fast Refresh] done in 62ms @ http://localhost:3001/_next/static/chunks/node_modules_next_dist_1e8vcs8._.js:776
[  666339ms] [LOG] [Fast Refresh] done in 62ms @ http://localhost:3001/_next/static/chunks/node_modules_next_dist_1e8vcs8._.js:776
[  666390ms] [LOG] [Fast Refresh] done in 62ms @ http://localhost:3001/_next/static/chunks/node_modules_next_dist_1e8vcs8._.js:776
[  666440ms] [LOG] [Fast Refresh] done in 62ms @ http://localhost:3001/_next/static/chunks/node_modules_next_dist_1e8vcs8._.js:776
[  666502ms] [LOG] [Fast Refresh] done in 62ms @ http://localhost:3001/_next/static/chunks/node_modules_next_dist_1e8vcs8._.js:776
[  666556ms] [LOG] [Fast Refresh] done in 62ms @ http://localhost:3001/_next/static/chunks/node_modules_next_dist_1e8vcs8._.js:776
[  666619ms] [LOG] [Fast Refresh] done in 62ms @ http://localhost:3001/_next/static/chunks/node_modules_next_dist_1e8vcs8._.js:776
[  666672ms] [LOG] [Fast Refresh] done in 62ms @ http://localhost:3001/_next/static/chunks/node_modules_next_dist_1e8vcs8._.js:776
[  666724ms] [LOG] [Fast Refresh] done in 62ms @ http://localhost:3001/_next/static/chunks/node_modules_next_dist_1e8vcs8._.js:776
[  666773ms] [LOG] [Fast Refresh] done in 62ms @ http://localhost:3001/_next/static/chunks/node_modules_next_dist_1e8vcs8._.js:776
[  666836ms] [LOG] [Fast Refresh] done in 62ms @ http://localhost:3001/_next/static/chunks/node_modules_next_dist_1e8vcs8._.js:776
[  666889ms] [LOG] [Fast Refresh] done in 62ms @ http://localhost:3001/_next/static/chunks/node_modules_next_dist_1e8vcs8._.js:776
[  666940ms] [LOG] [Fast Refresh] done in 62ms @ http://localhost:3001/_next/static/chunks/node_modules_next_dist_1e8vcs8._.js:776
[  666989ms] [LOG] [Fast Refresh] done in 62ms @ http://localhost:3001/_next/static/chunks/node_modules_next_dist_1e8vcs8._.js:776
[  667055ms] [LOG] [Fast Refresh] done in 62ms @ http://localhost:3001/_next/static/chunks/node_modules_next_dist_1e8vcs8._.js:776
[  667106ms] [LOG] [Fast Refresh] done in 62ms @ http://localhost:3001/_next/static/chunks/node_modules_next_dist_1e8vcs8._.js:776
[  667171ms] [LOG] [Fast Refresh] done in 62ms @ http://localhost:3001/_next/static/chunks/node_modules_next_dist_1e8vcs8._.js:776
[  667224ms] [LOG] [Fast Refresh] done in 62ms @ http://localhost:3001/_next/static/chunks/node_modules_next_dist_1e8vcs8._.js:776
[  667273ms] [LOG] [Fast Refresh] done in 62ms @ http://localhost:3001/_next/static/chunks/node_modules_next_dist_1e8vcs8._.js:776
[  667336ms] [LOG] [Fast Refresh] done in 62ms @ http://localhost:3001/_next/static/chunks/node_modules_next_dist_1e8vcs8._.js:776
[  667390ms] [LOG] [Fast Refresh] done in 62ms @ http://localhost:3001/_next/static/chunks/node_modules_next_dist_1e8vcs8._.js:776
[  667453ms] [LOG] [Fast Refresh] done in 62ms @ http://localhost:3001/_next/static/chunks/node_modules_next_dist_1e8vcs8._.js:776
[  667506ms] [LOG] [Fast Refresh] done in 62ms @ http://localhost:3001/_next/static/chunks/node_modules_next_dist_1e8vcs8._.js:776
[  667570ms] [LOG] [Fast Refresh] done in 62ms @ http://localhost:3001/_next/static/chunks/node_modules_next_dist_1e8vcs8._.js:776
[  667623ms] [LOG] [Fast Refresh] done in 62ms @ http://localhost:3001/_next/static/chunks/node_modules_next_dist_1e8vcs8._.js:776
[  667689ms] [LOG] [Fast Refresh] done in 62ms @ http://localhost:3001/_next/static/chunks/node_modules_next_dist_1e8vcs8._.js:776
[  667739ms] [LOG] [Fast Refresh] done in 62ms @ http://localhost:3001/_next/static/chunks/node_modules_next_dist_1e8vcs8._.js:776
